{
  "identify": "ILD-99-司票-140-20100512-1",
  "court": {
    "name": "臺灣宜蘭地方法院",
    "code": "ILD"
  },
  "division": {
    "name": "民事",
    "code": "V"
  },
  "year": 99,
  "word": "司票",
  "number": "140",
  "jcheck": "1",
  "reason": "本票裁定",
  "content": "臺灣宜蘭地方法院民事裁定             99年度司票字第140號\n聲  請  人  乙○○\n相  對  人  甲○○\n上列當事人間聲請對本票准許強制執行事件，本院裁定如下：\n    主  文\n相對人簽發如附表所示之本票金額共新台幣捌萬元，其中新台幣\n伍萬陸仟元部分，及分別如附表所載請求金額、利息起算日起至\n清償日止，按年利率百分之六計算之利息，准予強制執行。\n聲請程序費用新台幣伍佰元由相對人負擔。\n    理  由\n一、本件聲請意旨略以：聲請人執有相對人簽發如附表所示且未\n    載到期日並免除作成拒絕證書之本票2紙，內載金額共計新\n    台幣80,000元，詎於民國98年11月5日、98年11月15日分別\n    提示後，尚有如主文所示之票款本金及利息未獲清償，為此\n    提出本票2紙，聲請裁定准許強制執行等語。\n二、查聲請人提出之本票，未載到期日，依票據法第120條第2項\n    之規定，視為見票即付，自應以提示日為到期日。本件聲請\n    核與票據法第123條規定相符，應予准許。\n三、依非訟事件法第24條第1項、第21條第2項，民事訴訟法第78\n    條，裁定如主文。\n中    華    民    國    99    年    5     月    12    日\n                  臺灣宜蘭地方法院民事庭\n                      司法事務官  徐家惠\n┌────────────────────────────────────────────────────────┐\n│本票附表：99年度司票字第140號                                                                                   │\n├─┬──────────┬─────────┬──────────┬──────────┬────────┬──┤\n│編│發       票       日│  票  面  金  額  │利  息  起  算  日  │ 請   求   金   額  │ 票  據  號  碼 │備考│\n│號│                    │  （新  台  幣）  │(提     示      日) │                    │                │    │\n├─┼──────────┼─────────┼──────────┼──────────┼────────┼──┤\n│1 │96年2月15日         │40,000元          │98年11月5日         │16,000              │294457          │    │\n│  │                    │                  │                    │                    │                │    │\n├─┼──────────┼─────────┼──────────┼──────────┼────────┼──┤\n│2 │96年2月15日         │40,000元          │98年11月15日        │40,000              │294456          │    │\n│  │                    │                  │                    │                    │                │    │\n└─┴──────────┴─────────┴──────────┴──────────┴────────┴──┘\n一、正本係照原本作成。\n二、如不服本裁定，應於裁定送達後10日內向本院提出抗告狀，\n    並繳納抗告費新台幣1仟元。\n三、發票人如主張本票係偽造、變造者，應於接到本裁定後20\n    日之不變期間內，對執票人向本院另行提起確認之訴。\n中    華    民    國    99    年    5     月    17    日\n                      書  記  官  黃月雲\n◎附註：\n一、聲請人、相對人如於事後遞狀均請註明案號、股別。\n二、聲請人應於收受本票裁定後5日內，提出相對人最新戶籍謄\n    本（記事欄勿省略），以核對本票裁定是否合法送達相對人\n    ；如相對人係法人，則應提出法人最新登記資料（例如公司\n    設立變更登記事項表）及法定代理人最新戶籍謄本（記事欄\n    勿省略），以核對是否合法送達。（否則無法核發確定證明\n    書）\n三、案件一經確定，本院依職權逕行核發確定證明書，聲請人毋\n    庸另行聲請。",
  "structure": {
    "main": "相對人簽發如附表所示之本票金額共新台幣捌萬元，其中新台幣\n伍萬陸仟元部分，及分別如附表所載請求金額、利息起算日起至\n清償日止，按年利率百分之六計算之利息，准予強制執行。\n聲請程序費用新台幣伍佰元由相對人負擔。",
    "reason": "一、本件聲請意旨略以：聲請人執有相對人簽發如附表所示且未\n    載到期日並免除作成拒絕證書之本票2紙，內載金額共計新\n    台幣80,000元，詎於民國98年11月5日、98年11月15日分別\n    提示後，尚有如主文所示之票款本金及利息未獲清償，為此\n    提出本票2紙，聲請裁定准許強制執行等語。\n二、查聲請人提出之本票，未載到期日，依票據法第120條第2項\n    之規定，視為見票即付，自應以提示日為到期日。本件聲請\n    核與票據法第123條規定相符，應予准許。\n三、依非訟事件法第24條第1項、第21條第2項，民事訴訟法第78\n    條，裁定如主文。"
  },
  "characters": {
    "judges": [

    ],
    "prosecutors": [

    ],
    "lawyers": [

    ],
    "clerks": [

    ],
    "plaintiffs": [

    ],
    "defendants": [

    ],
    "prosecutor_office": [
      "乙"
    ],
    "creditors": [

    ],
    "debtors": [

    ],
    "judicial_associate_officer": [
      "徐家惠"
    ]
  },
  "adjudged_at": "2010-05-12",
  "created_at": "2016-01-05 12:33:29",
  "updated_at": "2016-01-05 12:33:29"
}