{
  "identify": "ILD-99-交附民-9-20100512-1",
  "court": {
    "name": "臺灣宜蘭地方法院",
    "code": "ILD"
  },
  "division": {
    "name": "刑事",
    "code": "M"
  },
  "year": 99,
  "word": "交附民",
  "number": "9",
  "jcheck": "1",
  "reason": "請求損害賠償",
  "content": "臺灣宜蘭地方法院刑事附帶民事訴訟裁定\n原      告  乙○○\n被      告  甲○○\n上列被告甲○○因99年度交訴字第9號公共危險等案件，經原告\n提起附帶民事訴訟，查其內容繁雜，非經長久之時日，不能終結\n其審判。爰依刑事訴訟法第504條第1項前段，將本件附帶民事訴\n訟移送本院民事庭，特此裁定。\n中    華    民    國    99    年    5     月    12    日\n                  交通法庭審判長法  官  林惠玲\n                                法  官  蘇錦秀\n                                法  官  張育彰\n以上正本證明與原本無異。\n本裁定不得抗告。\n                                書記官  陳靜宜\n中    華    民    國    99    年    5     月    12    日",
  "structure": {
  },
  "characters": {
    "judges": [
      "林惠玲",
      "蘇錦秀",
      "張育彰"
    ],
    "prosecutors": [

    ],
    "lawyers": [

    ],
    "clerks": [
      "陳靜宜"
    ],
    "plaintiffs": [
      "乙○○"
    ],
    "defendants": [
      "甲○○"
    ],
    "prosecutor_office": [

    ],
    "creditors": [

    ],
    "debtors": [

    ],
    "judicial_associate_officer": [

    ]
  },
  "adjudged_at": "2010-05-12",
  "created_at": "2016-01-05 12:30:04",
  "updated_at": "2016-01-05 12:30:04"
}