{
  "identify": "ILD-99-司促-2689-20100512-2",
  "court": {
    "name": "臺灣宜蘭地方法院",
    "code": "ILD"
  },
  "division": {
    "name": "民事",
    "code": "V"
  },
  "year": 99,
  "word": "司促",
  "number": "2689",
  "jcheck": "2",
  "reason": "支付命令",
  "content": "臺灣宜蘭地方法院支付命令            99年度司促字第2689號\n債  權  人  萬泰商業銀行股份有限公司\n法定代理人  乙○○\n債  務  人  甲○○\n一、債務人應向債權人清償新臺幣貳萬壹仟佰貳拾捌元，及其\n    中新臺幣貳萬壹仟貳佰伍拾玖元自民國九十八年一月十三日\n    起至清償日止，按年息百分之十九點八九計算之利息，新臺\n    幣零元整，並賠償督促程序費用新台幣伍佰元，否則應於本\n    命令送達後二十日之不變期間內，向本院提出異議。\n二、債權人請求之原因事實：\n    緣債務人甲○○向債權人申請信用卡並持有債權人所發行之\n    信用卡消費，自結帳日九十八年一月十二日止，尚積欠如下\n    消費款：(一)消費本金：新臺幣21,259元整。(二)利息計算\n    ：新臺幣69元整。(三)違約金：新臺幣0元整。(四)雜項費\n    用(即手續費用)：新臺幣0元整。依信用卡約定條款書第２\n    ２條第１項、第２項，持卡人未依約繳款，已喪失期限利益\n    ，全部債務視為到期，詎料自民國九十八年一月十二日起，\n    債務人未依約履行給付義務，且屢經催討未果，債權人為確\n    保債權，爰依民事訴訟法第五０八條之規定，狀請鈞院對債\n    務人發給支付命令，以保權益。\n三、如債務人未於第一項期間內提出異議，本命令與確定判決有\n    同一效力。\n中    華    民    國    99    年    5     月    12    日\n                    臺灣宜蘭地方法院民事庭\n                        司法事務官  徐家惠\n以上正本係照原本作成\n中    華    民    國    99    年    5     月    12    日\n                        書  記  官  陳旺誠\n◎附註：\n一、債權人、債務人如於事後遞狀均請註明案號、股別。\n二、若債務人為法人或商號者，債權人應於收受支付命令後５日\n    內，提出法人或商號最新證記資料（例如公司設立變更登記\n    事項表）及法人或商號法定代理人最新戶籍謄本（記事欄勿\n    省略），以核對是否合法送達。（否則無法核發確定證明書\n    ）。\n三、案件一經確定，本院依職權逕行核發確定證明書，債權人毋\n    庸另行聲請。",
  "structure": {
  },
  "characters": {
    "judges": [

    ],
    "prosecutors": [

    ],
    "lawyers": [

    ],
    "clerks": [

    ],
    "plaintiffs": [

    ],
    "defendants": [

    ],
    "prosecutor_office": [

    ],
    "creditors": [
      "萬泰商業銀行股份有限公司"
    ],
    "debtors": [
      "甲"
    ],
    "judicial_associate_officer": [
      "徐家惠"
    ]
  },
  "adjudged_at": "2010-05-12",
  "created_at": "2016-01-05 12:31:35",
  "updated_at": "2016-01-05 12:31:35"
}