{
  "identify": "ILD-99-司促-2691-20100512-2",
  "court": {
    "name": "臺灣宜蘭地方法院",
    "code": "ILD"
  },
  "division": {
    "name": "民事",
    "code": "V"
  },
  "year": 99,
  "word": "司促",
  "number": "2691",
  "jcheck": "2",
  "reason": "支付命令",
  "content": "臺灣宜蘭地方法院支付命令            99年度司促字第2691號\n債  權  人  中國信託商業銀行股份有限公司\n法定代理人  乙○○○○\n債  務  人  甲○○\n一、債務人應向債權人清償新臺幣伍萬玖仟佰玖拾貳元，及如\n    附表所示之利息，並賠償督促程序費用新台幣伍佰元，否則\n    應於本命令送達後二十日之不變期間內，向本院提出異議。\n二、債權人請求之原因事實：\n(一)債務人甲○○於93年10月14日向債權人請領信用卡使用，依\n    約債務人即得於特約商店記帳消費。卡號：00000000 00000\n    000卡別：Visa。債務人至99年5月9日止累計消費記帳59,39\n    2元正未給付，其中30,308元為消費款；29,084元為循環利\n    息；0元為依約定條款計算之其他費用。依約除應給付上開\n    消費款項外，另應給付自最後繳款截止日99年5月9日之翌日\n    起至清償日止，按年利率百分之二十計算之利息，違約金：\n    無。\n(二)本件係請求給付一定數量之金額債務，而所請求之標的，茲\n    為求清償之簡速，以免判決程序之繁雜起見，特依民事訴訟\n    法第五○八條之規定，狀請鈞院依督促程序迅賜對相對人發\n    支付命令，實為法便。\n三、如債務人未於第一項期間內提出異議，本命令與確定判決有\n    同一效力。\n中    華    民    國    99    年    5     月    12    日\n                    臺灣宜蘭地方法院民事庭\n                        司法事務官  徐家惠\n以上正本係照原本作成\n中    華    民    國    99    年    5     月    12    日\n                        書  記  官  陳旺誠\n附表\n99年度司促字第2691號利息：\n┌──┬───┬─────┬──────┬──────┬───────┐\n│序號│ 本金 │相關債務人│ 利息起算日 │ 利息截止日 │ 利息計算方式 │\n├──┼───┼─────┼──────┼──────┼───────┤\n│  1 │新臺幣│甲○○    │99年5月10日 │至清償日止  │按年利率20%計 │\n│    │30308 │          │            │            │算之利息。    │\n│    │元    │          │            │            │              │\n└──┴───┴─────┴──────┴──────┴───────┘\n◎附註：\n一、債權人、債務人如於事後遞狀均請註明案號、股別。\n二、若債務人為法人或商號者，債權人應於收受支付命令後５日\n    內，提出法人或商號最新證記資料（例如公司設立變更登記\n    事項表）及法人或商號法定代理人最新戶籍謄本（記事欄勿\n    省略），以核對是否合法送達。（否則無法核發確定證明書\n    ）。\n三、案件一經確定，本院依職權逕行核發確定證明書，債權人毋\n    庸另行聲請。",
  "structure": {
  },
  "characters": {
    "judges": [

    ],
    "prosecutors": [

    ],
    "lawyers": [

    ],
    "clerks": [

    ],
    "plaintiffs": [

    ],
    "defendants": [

    ],
    "prosecutor_office": [

    ],
    "creditors": [
      "中國信託商業銀行股份有限公司"
    ],
    "debtors": [
      "甲"
    ],
    "judicial_associate_officer": [
      "徐家惠"
    ]
  },
  "adjudged_at": "2010-05-12",
  "created_at": "2016-01-05 12:31:39",
  "updated_at": "2016-01-05 12:31:39"
}