{
  "identify": "ILD-99-司促-2694-20100512-1",
  "court": {
    "name": "臺灣宜蘭地方法院",
    "code": "ILD"
  },
  "division": {
    "name": "民事",
    "code": "V"
  },
  "year": 99,
  "word": "司促",
  "number": "2694",
  "jcheck": "1",
  "reason": "支付命令",
  "content": "臺灣宜蘭地方法院支付命令            99年度司促字第2694號\n債  權  人  陽信商業銀行股份有限公司\n法定代理人  乙○○\n債  務  人  甲○○\n一、債務人應向債權人給付新臺幣（下同）陸萬玖仟陸佰玖拾陸\n    元，及其中本金肆萬捌仟零拾元部分，自民國九十九年\n    五月四日起至清償日止，按年息百分之十九點七一計算之利\n    息，暨自民國九十九年五月十九日起至清償日止，按月依上\n    開本金帳款之百分之二點五計付違約金，違約金之計付以連\n    續三個月為上限。並賠償程序費用伍佰元，否則應於本命令\n    送達後二十日之不變期間內，向本院提出異議。\n二、債權人請求之原因事實：\n    債務人於九十二年一月十三日向債權人申請信用卡使用，惟\n    至九十九年五月三日止，尚積欠如第一項所示本金、利息、\n    違約金，迄今仍未清償。\n三、如債務人未於第一項期間內提出異議，本命令與確定判決有\n    同一效力。\n中    華    民    國    99    年    5     月    12    日\n                  臺灣宜蘭地方法院民事庭\n                      司法事務官  徐家惠\n正本係照原本作成。\n中    華    民    國    99    年    5     月    12    日\n                      書  記  官  康清煌\n◎附註：\n一、債權人、債務人如於事後遞狀均請註明案號、股別。\n二、債權人應於收受支付命令後5日內，提出債務人最新戶籍謄\n    本（記事欄勿省略），以核對支付命令是否合法送達債務人\n    ；如債務人係法人，則應提出法人最新登記資料（例如公司\n    設立變更登記事項表）及法定代理人最新戶籍謄本（記事欄\n    勿省略），以核對是否合法送達。（否則無法核發確定證明\n    書）\n三、案件一經確定，本院依職權逕行核發確定證明書，債權人毋\n    庸另行聲請。",
  "structure": {
  },
  "characters": {
    "judges": [

    ],
    "prosecutors": [

    ],
    "lawyers": [

    ],
    "clerks": [

    ],
    "plaintiffs": [

    ],
    "defendants": [

    ],
    "prosecutor_office": [

    ],
    "creditors": [
      "陽信商業銀行股份有限公司"
    ],
    "debtors": [
      "甲"
    ],
    "judicial_associate_officer": [
      "徐家惠"
    ]
  },
  "adjudged_at": "2010-05-12",
  "created_at": "2016-01-05 12:32:12",
  "updated_at": "2016-01-05 12:32:12"
}