{
  "identify": "ILD-99-司促-2702-20100512-1",
  "court": {
    "name": "臺灣宜蘭地方法院",
    "code": "ILD"
  },
  "division": {
    "name": "民事",
    "code": "V"
  },
  "year": 99,
  "word": "司促",
  "number": "2702",
  "jcheck": "1",
  "reason": "支付命令",
  "content": "臺灣宜蘭地方法院支付命令            99年度司促字第2702號\n債  權  人  旺旺友聯產物保險股份有限公司\n法定代理人  甲○○\n債  務  人  乙○○\n一、債務人應向債權人給付新臺幣（下同）壹萬壹仟壹佰貳拾元\n    ，及自支付命令送達之翌日起至清償日止，按年息百分之五\n    計算之利息，並賠償程序費用伍佰元，否則應於本命令送達\n    後二十日之不變期間內，向本院提出異議。\n二、債權人請求之原因事實如民事支付命令聲請狀所載。\n三、如債務人未於第一項期間內提出異議，本命令與確定判決有\n    同一效力。\n中    華    民    國    99    年    5     月    12    日\n                  臺灣宜蘭地方法院民事庭\n                      司法事務官  徐家惠\n正本係照原本作成。\n中    華    民    國    99    年    5     月    12    日\n                      書  記  官  陳旺誠\n◎附註：\n一、債權人、債務人如於事後遞狀均請註明案號、股別。\n二、債權人應於收受支付命令後5日內，提出債務人最新戶籍謄\n    本（記事欄勿省略），以核對支付命令是否合法送達債務人\n    ；如債務人係法人，則應提出法人最新登記資料（例如公司\n    設立變更登記事項表）及法定代理人最新戶籍謄本（記事欄\n    勿省略），以核對是否合法送達。（否則無法核發確定證明\n    書）\n三、案件一經確定，本院依職權逕行核發確定證明書，債權人毋\n    庸另行聲請。",
  "structure": {
  },
  "characters": {
    "judges": [

    ],
    "prosecutors": [

    ],
    "lawyers": [

    ],
    "clerks": [

    ],
    "plaintiffs": [

    ],
    "defendants": [

    ],
    "prosecutor_office": [

    ],
    "creditors": [
      "旺旺友聯產物保險股份有限公司"
    ],
    "debtors": [
      "乙"
    ],
    "judicial_associate_officer": [
      "徐家惠"
    ]
  },
  "adjudged_at": "2010-05-12",
  "created_at": "2016-01-05 12:31:50",
  "updated_at": "2016-01-05 12:31:50"
}