{
  "identify": "ILD-99-司促-2713-20100512-2",
  "court": {
    "name": "臺灣宜蘭地方法院",
    "code": "ILD"
  },
  "division": {
    "name": "民事",
    "code": "V"
  },
  "year": 99,
  "word": "司促",
  "number": "2713",
  "jcheck": "2",
  "reason": "支付命令",
  "content": "臺灣宜蘭地方法院支付命令            99年度司促字第2713號\n債  權  人  噶瑪蘭國際度村社區管理委員會\n法定代理人  甲○○\n債  務  人  乙○○\n一、債務人應向債權人給付新台幣（下同）仟零貳拾肆元，及\n    自本命令送達之翌日起至清償日止，按年息百分之五計算之\n    利息，並賠償程序費用伍佰元，否則應於本命令送達後二十\n    日之不變期間內，向本院提出異議。\n二、債權人請求之原因事實：\n    債務人乙○○所有212建號不動產，每月應繳管理費新台幣\n    432元，自民國98年10月起至99年4月止，共積欠如第一項所\n    示管理費，多次函告儘速繳納，均置之不理，迄今仍未清償\n    。\n三、如債務人未於第一項期間內提出異議，本命令與確定判決有\n    同一效力。\n中    華    民    國    99    年    5     月    12    日\n                  臺灣宜蘭地方法院民事庭\n                      司法事務官  徐家惠\n正本係照原本作成。\n中    華    民    國    99    年    5     月    12    日\n                      書  記  官  黃月雲\n◎附註：\n一、債權人、債務人如於事後遞狀均請註明案號、股別。\n二、債權人應於收受支付命令後5日內，提出債務人最新戶籍謄\n    本（記事欄勿省略），以核對支付命令是否合法送達債務人\n    ；如債務人係法人，則應提出法人最新登記資料（例如公司\n    設立變更登記事項表）及法定代理人最新戶籍謄本（記事欄\n    勿省略），以核對是否合法送達。（否則無法核發確定證明\n    書）\n三、案件一經確定，本院依職權逕行核發確定證明書，債權人毋\n    庸另行聲請。",
  "structure": {
  },
  "characters": {
    "judges": [

    ],
    "prosecutors": [

    ],
    "lawyers": [

    ],
    "clerks": [

    ],
    "plaintiffs": [

    ],
    "defendants": [

    ],
    "prosecutor_office": [

    ],
    "creditors": [
      "噶瑪蘭國際度村社區管理委員會"
    ],
    "debtors": [
      "乙"
    ],
    "judicial_associate_officer": [
      "徐家惠"
    ]
  },
  "adjudged_at": "2010-05-12",
  "created_at": "2016-01-05 12:32:44",
  "updated_at": "2016-01-05 12:32:44"
}