{
  "identify": "ILD-98-重訴-44-20100512-3",
  "court": {
    "name": "臺灣宜蘭地方法院",
    "code": "ILD"
  },
  "division": {
    "name": "民事",
    "code": "V"
  },
  "year": 98,
  "word": "重訴",
  "number": "44",
  "jcheck": "3",
  "reason": "損害賠償",
  "content": "臺灣宜蘭地方法院民事裁定              98年度重訴字第44號\n上   訴   人\n即   原   告  丁○○\n被 上 訴  人\n即   被   告  財團法人感恩社會福利慈善基金會承辦羅東鎮立\n              養護所\n兼法定代理人  甲○○\n被        告  乙○○\n              丙○○\n上列當事人間請求損害賠償事件，上訴人對於民國99年3 月22日\n本院第一審判決提起上訴，本院裁定如下：\n    主  文\n上訴駁回。\n第二審訴訟費用由上訴人負擔。\n    理  由\n一、按提起民事第二審上訴，應依民事訴訟法第77條之16第1 項\n    規定繳納裁判費，為必須具備之程式。又上訴不合程式或有\n    其他不合法之情形而可以補正者，原第一審法院應定期間命\n    其補正，如不於期間內補正，應以裁定駁回之。此觀民事訴\n    訟法第442條第2項規定自明。\n二、查本件上訴人即原告提起第二審上訴，未據繳納裁判費，經\n    本院於99年4月21日裁定，限令於送達後7日內補正，此項裁\n    定已於99年4 月27日合法送達上訴人，有送達證書在卷可稽\n    。惟上訴人逾期迄今仍未補正，亦有本院民事科查詢（繳費\n    ）簡答表、電話紀錄表等件附卷可按，自堪憑信。按諸首開\n    說明，其上訴自非合法，應予駁回。\n三、依民事訴訟法第442條第2項、第95條、第78條，裁定如主文\n    。\n中    華    民    國    99    年    5     月    12    日\n                  臺灣宜蘭地方法院民事庭\n                      法  官  林翠華\n正本係照原本作成。\n如不服本裁定應於裁定送達後10日內提出抗告狀（須附繕本），\n並繳納抗告費新台幣1,000元。\n中    華    民    國    99    年    5     月    12    日\n                      書記官  劉謹翊",
  "structure": {
    "main": "上訴駁回。\n第二審訴訟費用由上訴人負擔。",
    "reason": "一、按提起民事第二審上訴，應依民事訴訟法第77條之16第1 項\n    規定繳納裁判費，為必須具備之程式。又上訴不合程式或有\n    其他不合法之情形而可以補正者，原第一審法院應定期間命\n    其補正，如不於期間內補正，應以裁定駁回之。此觀民事訴\n    訟法第442條第2項規定自明。\n二、查本件上訴人即原告提起第二審上訴，未據繳納裁判費，經\n    本院於99年4月21日裁定，限令於送達後7日內補正，此項裁\n    定已於99年4 月27日合法送達上訴人，有送達證書在卷可稽\n    。惟上訴人逾期迄今仍未補正，亦有本院民事科查詢（繳費\n    ）簡答表、電話紀錄表等件附卷可按，自堪憑信。按諸首開\n    說明，其上訴自非合法，應予駁回。\n三、依民事訴訟法第442條第2項、第95條、第78條，裁定如主文\n    。"
  },
  "characters": {
    "judges": [
      "林翠華"
    ],
    "prosecutors": [

    ],
    "lawyers": [

    ],
    "clerks": [

    ],
    "plaintiffs": [
      "丁"
    ],
    "defendants": [
      "乙○○"
    ],
    "prosecutor_office": [

    ],
    "creditors": [

    ],
    "debtors": [

    ],
    "judicial_associate_officer": [

    ]
  },
  "adjudged_at": "2010-05-12",
  "created_at": "2016-01-05 12:30:29",
  "updated_at": "2016-01-05 12:30:29"
}