{
  "identify": "ILD-99-交聲-21-20100512-1",
  "court": {
    "name": "臺灣宜蘭地方法院",
    "code": "ILD"
  },
  "division": {
    "name": "刑事",
    "code": "M"
  },
  "year": 99,
  "word": "交聲",
  "number": "21",
  "jcheck": "1",
  "reason": "違反道路交通管理處罰條例",
  "content": "臺灣宜蘭地方法院交通事件裁定          99年度交聲字第21號\n原處分機關  交通部公路總局臺北區監理所宜蘭監理站\n異  議  人\n即受處分人  甲○○\n上列異議人因違反道路交通管理處罰條例案件，對於交通部公路\n總局臺北區監理所宜蘭監理站於民國99年1月13日所為之宜監字\n第裁43─Q00000000號裁決聲明異議，本院裁定如下：\n    主  文\n原處分撤銷。\n甲○○不罰。\n    理  由\n一、原處分意旨略以：異議人甲○○於民國98年12月10日晚上10\n    時15分許，騎駛車號AJ7-755號重型機車（下稱系爭機車）\n    ，行經宜蘭縣羅東鎮○○路與培英路口處，因「排氣管變更\n    原規格設備」（排氣管擅自增減）之違規行為，為宜蘭縣政\n    府警察局羅東分局以宜警交字第Q00000000號舉發違反道路\n    交通管理事件通知單（下稱舉發通知單），舉發其有違反道\n    路交通管理處罰條例第16條第1項第2款規定之事實，爰依上\n    開規定裁處罰鍰新臺幣（下同）900元，並責令改正等語。\n二、異議意旨略以：警方以機車排氣管上方多1個管子（下稱系\n    爭管子），舉發本件違規，但該管子是接往化油器處，以調\n    節油汽比例之用，並非排氣管，亦未排放廢氣，爰為本件異\n    議等語。\n三、按道路交通管理處罰條例所稱之汽車，包括機器腳踏車，道\n    路交通管理處罰條例第3條第8款定有明文。次按汽車有下列\n    情形之一者，處汽車所有人新臺幣900元以上1800元以下罰\n    鍰：二、除頭燈外之燈光、雨刮、喇叭、照後鏡、排氣管、\n    消音器設備不全或損壞不予修復，或擅自增、減、變更原有\n    規格致影響行車安全。前項第1款至第4款並應責令改正，道\n    路交通管理處罰條例第16條第1項第2款、第2項分別定有明\n    文。\n四、訊據異議人甲○○固不否認有98年12月10日晚上10時15分許\n    ，騎駛系爭機車，行經宜蘭縣羅東鎮○○路與培英路口處為\n    警攔停，警方以系爭機車排氣管變更原規格設備為由開單告\n    發之事實，惟陳稱：系爭管子是接往化油器處，以調節油汽\n    比例之用，並非排氣管，亦未排放廢氣等語。經查：\n  (一)證人即交通部公路總局臺北區監理所宜蘭監理站檢驗員乙○\n    ○於本院調查時證稱：伊當時對系爭機車施行臨時檢驗之結\n    果，應是不符合規定，因為當初伊從電腦拉出該輛機車的原\n    廠設備來比對結果，發現系爭機車排氣管與原廠設備不符，\n    系爭機車的排氣管設備多1根。當時伊也沒有辦法判定系爭\n    管子是不是排氣管，所以仍然維持原來的舉發單結果等語（\n    見本院卷第38、39頁），依該等證詞可知，系爭機車之原有\n    排氣管設備上方確實有增設1根系爭管子，然證人乙○○並\n    無法認定系爭是否即為排氣管。是原處分機關以「排氣管變\n    更原規格設備」（排氣管擅自增減）為由，舉發異議人有違\n    反道路交通管理處罰條例第16條第1項第2款規定之事實，裁\n    處罰鍰900元，並責令改正，是否依法有據，尚非無疑。\n  (二)況且，證人即裝設系爭管子之機車行老闆丙○○於本院調查\n    時證稱：當初廠商說系爭管子裝上去，機車比較省油，是引\n    擎的透氣管，是跟空氣濾靜器相通，所以排出來的空氣濾靜\n    器過濾過的空氣，系爭管子只是透氣，排出來的空氣不會熱\n    。一般的機車，是空氣濾靜器過濾後由化油器進去，再與汽\n    油混合後燃燒使用，減少廢氣污染，到最後燃燒使用後的廢\n    氣是從排氣管出來，但系爭機車多的那根管子，是直接讓空\n    氣從空氣濾靜器排出。伊和異議人常常一起郊遊，所以伊有\n    去摸過，是從這裡騎到金山九份之後，伊有摸過系爭管子，\n    確實不會燙。系爭管子不是排氣管，應該叫做引擎的透氣管\n    等語明確（見本院卷第40、41頁），而證人乙○○針對證人\n    丙○○上開證述，亦稱：目前汽車有這種設備，但機車沒有\n    ，所以伊也不敢確定證人丙○○所講是否真的，需要拆解機\n    車才知道等語（見本院卷第41頁），並未否定其可能性，且\n    本件復無其他積極證據，足資證明系爭管子確實是排氣管，\n    導致系爭機車有增設排氣管之違規情事，或足以排除「系爭\n    管子是引擎透氣管」之可能性，因此，證人丙○○前揭證詞\n    ，自堪信為真實。從而，異議人陳稱：系爭管子並非排氣管\n    等語，非屬無據，應堪採信。\n五、綜上所查，本件並無積極證據足以認定系爭管子是作為排氣\n    管之用，導致系爭機車有增設排氣管之違規情事。原處分機\n    關不察，遽對異議人為前開裁決，即難認為允當。從而，本\n    件異議為有理由，爰依法撤銷原處分，並另為異議人不罰之\n    諭知。\n據上論斷，應依道路交通案件處理辦法第20條前段，裁定如主文\n。\n中    華    民    國    99    年    5     月    12    日\n                  交通法庭  法  官  陳映佐\n以上正本證明與原本無異。\n如不服本裁定，應於裁定送達後5日內，向本院提出抗告狀。（\n應附繕本）\n                            書記官  翁靜儀\n中    華    民    國    99    年    5     月    13    日",
  "structure": {
    "main": "原處分撤銷。\n甲○○不罰。",
    "reason": "一、原處分意旨略以：異議人甲○○於民國98年12月10日晚上10\n    時15分許，騎駛車號AJ7-755號重型機車（下稱系爭機車）\n    ，行經宜蘭縣羅東鎮○○路與培英路口處，因「排氣管變更\n    原規格設備」（排氣管擅自增減）之違規行為，為宜蘭縣政\n    府警察局羅東分局以宜警交字第Q00000000號舉發違反道路\n    交通管理事件通知單（下稱舉發通知單），舉發其有違反道\n    路交通管理處罰條例第16條第1項第2款規定之事實，爰依上\n    開規定裁處罰鍰新臺幣（下同）900元，並責令改正等語。\n二、異議意旨略以：警方以機車排氣管上方多1個管子（下稱系\n    爭管子），舉發本件違規，但該管子是接往化油器處，以調\n    節油汽比例之用，並非排氣管，亦未排放廢氣，爰為本件異\n    議等語。\n三、按道路交通管理處罰條例所稱之汽車，包括機器腳踏車，道\n    路交通管理處罰條例第3條第8款定有明文。次按汽車有下列\n    情形之一者，處汽車所有人新臺幣900元以上1800元以下罰\n    鍰：二、除頭燈外之燈光、雨刮、喇叭、照後鏡、排氣管、\n    消音器設備不全或損壞不予修復，或擅自增、減、變更原有\n    規格致影響行車安全。前項第1款至第4款並應責令改正，道\n    路交通管理處罰條例第16條第1項第2款、第2項分別定有明\n    文。\n四、訊據異議人甲○○固不否認有98年12月10日晚上10時15分許\n    ，騎駛系爭機車，行經宜蘭縣羅東鎮○○路與培英路口處為\n    警攔停，警方以系爭機車排氣管變更原規格設備為由開單告\n    發之事實，惟陳稱：系爭管子是接往化油器處，以調節油汽\n    比例之用，並非排氣管，亦未排放廢氣等語。經查：\n  (一)證人即交通部公路總局臺北區監理所宜蘭監理站檢驗員乙○\n    ○於本院調查時證稱：伊當時對系爭機車施行臨時檢驗之結\n    果，應是不符合規定，因為當初伊從電腦拉出該輛機車的原\n    廠設備來比對結果，發現系爭機車排氣管與原廠設備不符，\n    系爭機車的排氣管設備多1根。當時伊也沒有辦法判定系爭\n    管子是不是排氣管，所以仍然維持原來的舉發單結果等語（\n    見本院卷第38、39頁），依該等證詞可知，系爭機車之原有\n    排氣管設備上方確實有增設1根系爭管子，然證人乙○○並\n    無法認定系爭是否即為排氣管。是原處分機關以「排氣管變\n    更原規格設備」（排氣管擅自增減）為由，舉發異議人有違\n    反道路交通管理處罰條例第16條第1項第2款規定之事實，裁\n    處罰鍰900元，並責令改正，是否依法有據，尚非無疑。\n  (二)況且，證人即裝設系爭管子之機車行老闆丙○○於本院調查\n    時證稱：當初廠商說系爭管子裝上去，機車比較省油，是引\n    擎的透氣管，是跟空氣濾靜器相通，所以排出來的空氣濾靜\n    器過濾過的空氣，系爭管子只是透氣，排出來的空氣不會熱\n    。一般的機車，是空氣濾靜器過濾後由化油器進去，再與汽\n    油混合後燃燒使用，減少廢氣污染，到最後燃燒使用後的廢\n    氣是從排氣管出來，但系爭機車多的那根管子，是直接讓空\n    氣從空氣濾靜器排出。伊和異議人常常一起郊遊，所以伊有\n    去摸過，是從這裡騎到金山九份之後，伊有摸過系爭管子，\n    確實不會燙。系爭管子不是排氣管，應該叫做引擎的透氣管\n    等語明確（見本院卷第40、41頁），而證人乙○○針對證人\n    丙○○上開證述，亦稱：目前汽車有這種設備，但機車沒有\n    ，所以伊也不敢確定證人丙○○所講是否真的，需要拆解機\n    車才知道等語（見本院卷第41頁），並未否定其可能性，且\n    本件復無其他積極證據，足資證明系爭管子確實是排氣管，\n    導致系爭機車有增設排氣管之違規情事，或足以排除「系爭\n    管子是引擎透氣管」之可能性，因此，證人丙○○前揭證詞\n    ，自堪信為真實。從而，異議人陳稱：系爭管子並非排氣管\n    等語，非屬無據，應堪採信。\n五、綜上所查，本件並無積極證據足以認定系爭管子是作為排氣\n    管之用，導致系爭機車有增設排氣管之違規情事。原處分機\n    關不察，遽對異議人為前開裁決，即難認為允當。從而，本\n    件異議為有理由，爰依法撤銷原處分，並另為異議人不罰之\n    諭知。\n據上論斷，應依道路交通案件處理辦法第20條前段，裁定如主文\n。"
  },
  "characters": {
    "judges": [
      "陳映佐"
    ],
    "prosecutors": [

    ],
    "lawyers": [

    ],
    "clerks": [
      "翁靜儀"
    ],
    "plaintiffs": [

    ],
    "defendants": [

    ],
    "prosecutor_office": [

    ],
    "creditors": [

    ],
    "debtors": [

    ],
    "judicial_associate_officer": [

    ]
  },
  "adjudged_at": "2010-05-12",
  "created_at": "2016-01-05 12:30:10",
  "updated_at": "2016-01-05 12:30:10"
}