{
  "identify": "ILD-99-事聲更-1-20100512-1",
  "court": {
    "name": "臺灣宜蘭地方法院",
    "code": "ILD"
  },
  "division": {
    "name": "民事",
    "code": "V"
  },
  "year": 99,
  "word": "事聲更",
  "number": "1",
  "jcheck": "1",
  "reason": "聲明異議",
  "content": "臺灣宜蘭地方法院民事裁定             99年度事聲更字第1號\n異  議  人  甲○○\n相  對  人  己○○\n            丑○○\n            戊○○\n            壬○○○\n            寅○○○\n            子○○\n            辰○○\n            丙○○○\n            乙○○○\n            辛○○\n            庚○○\n            卯○○\n            癸○○\n            丁○○\n上列當事人間聲請確定訴訟費用額事件，異議人對於中華民國98\n年6月1日本院98年度司聲字第57號裁定聲明異議，本院裁定如下\n：\n    主  文\n原裁定關於命異議人應賠償相對人之訴訟費用額超逾新台幣陸萬\n參仟壹佰玖拾柒元之本息部分均廢棄。\n上開廢棄部分，相對人之聲請駁回。\n    理  由\n一、按訴訟費用，由敗訴之當事人負擔，民事訴訟法第78條定有\n    明文。又法院未於訴訟費用之裁判確定其費用額者，第一審\n    受訴法院於該裁判有執行力後，應依聲請以裁定確定之。依\n    第一項確定之訴訟費用額，應於裁定送達之翌日起，加給按\n    法定利率計算之利息，民事訴訟法第91條亦有明文。復按原\n    告撤回其訴者，訴訟費用由原告負擔。前項規定，於當事人\n    撤回上訴或抗告準用之。抗告，徵收裁判費新臺幣（下同）\n    1,000元，再為抗告者亦同，民事訴訟法第83條第1項前段、\n    第2 項、第77條之18分別定有明文。要言之，抗告人撤回抗\n    告，抗告費用1,000元即應由抗告人負擔，合先敘明。\n二、聲明異議意旨略以：鈞院98年度司聲字第57號裁定之附表第\n    1項所列載之抗告費1,000元，乃相對人或其被繼承人就第一\n    審法院核定之訴訟標的價額不服，提起抗告所繳納之裁判費\n    用。嗣因相對人或其被繼承人自認抗告錯誤，又在獨任法官\n    前表示撤回該抗告。是該抗告費用1,000 元，依民事訴訟法\n    第83條第2 項規定，應由相對人負擔。爰依法聲明異議等語\n    。\n三、經查：\n(一)本件異議人甲○○以相對人等為被告請求塗銷地上權登記等\n    事件，經本院於民國94年11月30日以94年訴字第148 號判決\n    （下稱第一審判決）異議人就塗銷地上權登記、遷移地上物\n    及返還土地、連帶給付3,840 元之遲延利息、按月給付不當\n    得利666元部分勝訴，並於主文第6項諭知訴訟費用由被告（\n    即相對人）負擔。相對人就其敗訴之部分不服提起上訴，經\n    臺灣高等法院於95年8月8日以95年度上字第70號判決（下稱\n    第二審判決）廢棄第一審判決關於塗銷地上權登記、遷移地\n    上物及返還土地、按月給付不當得利暨訴訟費用之裁判，廢\n    棄部分並駁回異議人在第一審之訴，另亦駁回相對人關於連\n    帶給付3,840 元之遲延利息之上訴，並諭知「第一、二審訴\n    訟費用由上訴人（即相對人）連帶負擔十分之一，餘由被上\n    訴人（即異議人）負擔。嗣異議人就其第二審判決敗訴部分\n    不服提起上訴，經最高法院於96年4 月12日以96年度台上字\n    第732 號判決廢棄第二審判決關於駁回異議人請求塗銷地上\n    權登記、遷移地上物及返還土地、按月給付不當得利666 元\n    之訴暨該訴訟費用之裁判，並發回臺灣高等法院。復經臺灣\n    高等法院於97年10月21日以96年度上更(一)字第80號判決（下\n    稱更審判決）廢棄第一審判決關於命相對人塗銷地上權登記\n    、遷移地上物及返還土地、按月給付不當得利666 元部分暨\n    訴訟費用之裁判，並於主文第4 項諭知「第一審除確定部分\n    外（即異議人另請求相對人連帶給付3,840 元及連帶給付不\n    當得利部分分別經第一審判決及第二審判決其勝訴、敗訴確\n    定）、第二審及發回前第三審訴訟費用，暨追加訴訟費用均\n    由被上訴人負擔」，異議人不服提起上訴，經最高法院以98\n    年度台上字第119 號裁定駁回相對人之上訴，本件因此確定\n    等情，業經本院依職權調閱上開民事卷宗審核無訛。\n(二)本件訴訟於各審級之訴訟費用，茲臚列如後：\n １ 異議人於起訴時預納第一審裁判費1,000 元（本院94年度羅\n    簡字第55號卷，第1頁），嗣補繳44,946元（94年度訴字第1\n    48號卷，第4頁），合計第一審繳交裁判費45,946 元。嗣相\n    對人於94年7 月20日就本院關於訴訟標的價額之核定提起抗\n    告，並繳交抗告費1,000 元（前揭卷第136至第138頁），惟\n    相對人於94年8月27日又具狀撤回上開抗告（前揭卷第220、\n    221頁），故上開抗告費1,000元應由相對人自行負擔，不得\n    計入本件訴訟費用之負擔，合先敘明。\n ２ 相對人對第一審判決提起上訴，相對人分別於95年1月9日、\n    95年2月20日繳交裁判費35,358元、33,561 元，第二審裁判\n    費共計68,919元（臺灣高等法院95年度上字第70號卷(一)，\n    第9頁、第55頁）。並於第二審支出之證人旅費合計3,592元\n    （臺灣高等法院95年度上字第70號卷(二)，第48頁）；再於\n    更(一)審繳交證人旅費2,532元（臺灣高等法院96年度上更(\n    一)字第80號卷(二) ，第97頁）。是相對人繳交之第二審訴\n    訟費用合計75,043元。\n ３ 異議人對第二審判決提起上訴，並於95年8 月30日繳交第三\n    審訴訟費用68,919元（最高法院96年度台上字第732 號卷，\n    第37頁）。\n(三)本件訴訟經最高法院96年度台上字第732 號判決廢棄發回後\n    ，臺灣高等法院96年度上更(一)字第80號判決主文第4 項諭\n    知「第一審除確定部分外、第二審及發回前第三審訴訟費用\n    ，暨追加訴訟費用均由被上訴人負擔。」。是相對人就更審\n    前受敗訴判決確定部分（即第一審判決命相對人應連帶給付\n    異議人遲延利息3,840 元部分及駁回連帶給付不當得利之部\n    分），應依更審前第二審判決（臺灣高等法院95年度上字第\n    70號）主文所示，由相對人連帶負擔第一、二審訴訟費用之\n    十分之一。而本件訴訟於更審前第一、二審訴訟費用為：第\n    一審裁判費45,946元、第二審裁判費68,919元、更審前證人\n    旅費3,592元，加總後共118,457元的十分之一，即11,846元\n    （計算式：45,946 ＋68,9 19＋3,592＝118,457，118,457\n    ÷10＝11,845.7，小數點以下四捨五入）。故相對人應連帶\n    負擔11,846元。\n(四)末按當事人分擔訴訟費用者，法院為確定費用額之裁判時，\n    除前條第2 項情形外，應視為各當事人應負擔之費用，已就\n    相等之額抵銷，而確定其一造應賠償他造之差額，民事訴訟\n    法第93條定有明文。從而，異議人應賠償相對人之訴訟費用\n    ，即應以相對人實際支出之訴訟費用扣除相對人應負擔之訴\n    訟費用後之差額。本件相對人支出之訴訟費用即第二審訴訟\n    費用合計75,043元，扣除相對人應連帶負擔之訴訟費用為11\n    ,846元，二者間之差額即異議人應賠償相對人之訴訟費用為\n    63,197元。\n(五)綜上所述，異議意旨指摘原裁定據以計算於第一審裁判費關\n    於抗告費用1,000元（即原裁定附表第1項）部分之金額不當\n    ，聲明將該部分應予以廢棄，即屬有理由，應予准許。又原\n    裁定並未依據更審前之第二審判決已確定之部分計算相對人\n    應負擔之訴訟費用，亦屬未恰，應由本院依職權就原裁定命\n    異議人超過其依法應負擔之費用部分予以廢棄，上開廢棄部\n    分，其加給按法定遲延利息計算之部分應併予廢棄，並駁回\n    相對人前述部分之聲請，爰裁定如主文。\n四、據上論結，本件異議為有理由，依民事訴訟法第240條之4第\n    3項，裁定如主文。\n中    華    民    國    99    年     5     月   12    日\n                  臺灣宜蘭地方法院民事庭\n                      法  官  林俊廷\n正本與原本無異。\n如不服本裁定應於裁定正本送達後10日內向本院提出抗告狀（須\n附繕本），並繳納抗告費新臺幣1,000元。\n中    華    民    國    99    年     5     月   13    日\n                      書記官  許麗汝",
  "structure": {
    "main": "原裁定關於命異議人應賠償相對人之訴訟費用額超逾新台幣陸萬\n參仟壹佰玖拾柒元之本息部分均廢棄。\n上開廢棄部分，相對人之聲請駁回。",
    "reason": "一、按訴訟費用，由敗訴之當事人負擔，民事訴訟法第78條定有\n    明文。又法院未於訴訟費用之裁判確定其費用額者，第一審\n    受訴法院於該裁判有執行力後，應依聲請以裁定確定之。依\n    第一項確定之訴訟費用額，應於裁定送達之翌日起，加給按\n    法定利率計算之利息，民事訴訟法第91條亦有明文。復按原\n    告撤回其訴者，訴訟費用由原告負擔。前項規定，於當事人\n    撤回上訴或抗告準用之。抗告，徵收裁判費新臺幣（下同）\n    1,000元，再為抗告者亦同，民事訴訟法第83條第1項前段、\n    第2 項、第77條之18分別定有明文。要言之，抗告人撤回抗\n    告，抗告費用1,000元即應由抗告人負擔，合先敘明。\n二、聲明異議意旨略以：鈞院98年度司聲字第57號裁定之附表第\n    1項所列載之抗告費1,000元，乃相對人或其被繼承人就第一\n    審法院核定之訴訟標的價額不服，提起抗告所繳納之裁判費\n    用。嗣因相對人或其被繼承人自認抗告錯誤，又在獨任法官\n    前表示撤回該抗告。是該抗告費用1,000 元，依民事訴訟法\n    第83條第2 項規定，應由相對人負擔。爰依法聲明異議等語\n    。\n三、經查：\n(一)本件異議人甲○○以相對人等為被告請求塗銷地上權登記等\n    事件，經本院於民國94年11月30日以94年訴字第148 號判決\n    （下稱第一審判決）異議人就塗銷地上權登記、遷移地上物\n    及返還土地、連帶給付3,840 元之遲延利息、按月給付不當\n    得利666元部分勝訴，並於主文第6項諭知訴訟費用由被告（\n    即相對人）負擔。相對人就其敗訴之部分不服提起上訴，經\n    臺灣高等法院於95年8月8日以95年度上字第70號判決（下稱\n    第二審判決）廢棄第一審判決關於塗銷地上權登記、遷移地\n    上物及返還土地、按月給付不當得利暨訴訟費用之裁判，廢\n    棄部分並駁回異議人在第一審之訴，另亦駁回相對人關於連\n    帶給付3,840 元之遲延利息之上訴，並諭知「第一、二審訴\n    訟費用由上訴人（即相對人）連帶負擔十分之一，餘由被上\n    訴人（即異議人）負擔。嗣異議人就其第二審判決敗訴部分\n    不服提起上訴，經最高法院於96年4 月12日以96年度台上字\n    第732 號判決廢棄第二審判決關於駁回異議人請求塗銷地上\n    權登記、遷移地上物及返還土地、按月給付不當得利666 元\n    之訴暨該訴訟費用之裁判，並發回臺灣高等法院。復經臺灣\n    高等法院於97年10月21日以96年度上更(一)字第80號判決（下\n    稱更審判決）廢棄第一審判決關於命相對人塗銷地上權登記\n    、遷移地上物及返還土地、按月給付不當得利666 元部分暨\n    訴訟費用之裁判，並於主文第4 項諭知「第一審除確定部分\n    外（即異議人另請求相對人連帶給付3,840 元及連帶給付不\n    當得利部分分別經第一審判決及第二審判決其勝訴、敗訴確\n    定）、第二審及發回前第三審訴訟費用，暨追加訴訟費用均\n    由被上訴人負擔」，異議人不服提起上訴，經最高法院以98\n    年度台上字第119 號裁定駁回相對人之上訴，本件因此確定\n    等情，業經本院依職權調閱上開民事卷宗審核無訛。\n(二)本件訴訟於各審級之訴訟費用，茲臚列如後：\n １ 異議人於起訴時預納第一審裁判費1,000 元（本院94年度羅\n    簡字第55號卷，第1頁），嗣補繳44,946元（94年度訴字第1\n    48號卷，第4頁），合計第一審繳交裁判費45,946 元。嗣相\n    對人於94年7 月20日就本院關於訴訟標的價額之核定提起抗\n    告，並繳交抗告費1,000 元（前揭卷第136至第138頁），惟\n    相對人於94年8月27日又具狀撤回上開抗告（前揭卷第220、\n    221頁），故上開抗告費1,000元應由相對人自行負擔，不得\n    計入本件訴訟費用之負擔，合先敘明。\n ２ 相對人對第一審判決提起上訴，相對人分別於95年1月9日、\n    95年2月20日繳交裁判費35,358元、33,561 元，第二審裁判\n    費共計68,919元（臺灣高等法院95年度上字第70號卷(一)，\n    第9頁、第55頁）。並於第二審支出之證人旅費合計3,592元\n    （臺灣高等法院95年度上字第70號卷(二)，第48頁）；再於\n    更(一)審繳交證人旅費2,532元（臺灣高等法院96年度上更(\n    一)字第80號卷(二) ，第97頁）。是相對人繳交之第二審訴\n    訟費用合計75,043元。\n ３ 異議人對第二審判決提起上訴，並於95年8 月30日繳交第三\n    審訴訟費用68,919元（最高法院96年度台上字第732 號卷，\n    第37頁）。\n(三)本件訴訟經最高法院96年度台上字第732 號判決廢棄發回後\n    ，臺灣高等法院96年度上更(一)字第80號判決主文第4 項諭\n    知「第一審除確定部分外、第二審及發回前第三審訴訟費用\n    ，暨追加訴訟費用均由被上訴人負擔。」。是相對人就更審\n    前受敗訴判決確定部分（即第一審判決命相對人應連帶給付\n    異議人遲延利息3,840 元部分及駁回連帶給付不當得利之部\n    分），應依更審前第二審判決（臺灣高等法院95年度上字第\n    70號）主文所示，由相對人連帶負擔第一、二審訴訟費用之\n    十分之一。而本件訴訟於更審前第一、二審訴訟費用為：第\n    一審裁判費45,946元、第二審裁判費68,919元、更審前證人\n    旅費3,592元，加總後共118,457元的十分之一，即11,846元\n    （計算式：45,946 ＋68,9 19＋3,592＝118,457，118,457\n    ÷10＝11,845.7，小數點以下四捨五入）。故相對人應連帶\n    負擔11,846元。\n(四)末按當事人分擔訴訟費用者，法院為確定費用額之裁判時，\n    除前條第2 項情形外，應視為各當事人應負擔之費用，已就\n    相等之額抵銷，而確定其一造應賠償他造之差額，民事訴訟\n    法第93條定有明文。從而，異議人應賠償相對人之訴訟費用\n    ，即應以相對人實際支出之訴訟費用扣除相對人應負擔之訴\n    訟費用後之差額。本件相對人支出之訴訟費用即第二審訴訟\n    費用合計75,043元，扣除相對人應連帶負擔之訴訟費用為11\n    ,846元，二者間之差額即異議人應賠償相對人之訴訟費用為\n    63,197元。\n(五)綜上所述，異議意旨指摘原裁定據以計算於第一審裁判費關\n    於抗告費用1,000元（即原裁定附表第1項）部分之金額不當\n    ，聲明將該部分應予以廢棄，即屬有理由，應予准許。又原\n    裁定並未依據更審前之第二審判決已確定之部分計算相對人\n    應負擔之訴訟費用，亦屬未恰，應由本院依職權就原裁定命\n    異議人超過其依法應負擔之費用部分予以廢棄，上開廢棄部\n    分，其加給按法定遲延利息計算之部分應併予廢棄，並駁回\n    相對人前述部分之聲請，爰裁定如主文。\n四、據上論結，本件異議為有理由，依民事訴訟法第240條之4第\n    3項，裁定如主文。"
  },
  "characters": {
    "judges": [
      "林俊廷"
    ],
    "prosecutors": [

    ],
    "lawyers": [

    ],
    "clerks": [

    ],
    "plaintiffs": [

    ],
    "defendants": [

    ],
    "prosecutor_office": [

    ],
    "creditors": [

    ],
    "debtors": [

    ],
    "judicial_associate_officer": [

    ]
  },
  "adjudged_at": "2010-05-12",
  "created_at": "2016-01-05 12:33:06",
  "updated_at": "2016-01-05 12:33:06"
}