{
  "identify": "ILD-99-司促-2672-20100512-2",
  "court": {
    "name": "臺灣宜蘭地方法院",
    "code": "ILD"
  },
  "division": {
    "name": "民事",
    "code": "V"
  },
  "year": 99,
  "word": "司促",
  "number": "2672",
  "jcheck": "2",
  "reason": "支付命令",
  "content": "臺灣宜蘭地方法院支付命令            99年度司促字第2672號\n債  權  人  中華電信股份有限公司台灣北區電信分公司\n法定代理人  乙○○\n債  務  人  甲○○\n一、債務人應向債權人清償新臺幣壹萬捌仟伍佰柒拾元，及自支\n    付命令送達翌日起至清償日止，按週年利率百分之五計算之\n    利息，並賠償督促程序費用新台幣伍佰元，否則應於本命令\n    送達後二十日之不變期間內，向本院提出異議。\n二、債權人請求之原因事實：\n    （一）債務人租用債權人第0000000000號電信設備，因欠費\n          未繳，業已拆機銷號，終止租用，至民國99年03月止\n          ，共積欠電信費新臺幣18,570元正，迭經催繳，迄未\n          清償。\n    （二）依據民事訴訟法第508條之規定，狀請  鈞院依督促\n          程序對債務人發支付命令，以保權益。\n    （三）相關欠費子號： 0000000000。\n三、如債務人未於第一項期間內提出異議，本命令與確定判決有\n    同一效力。\n中    華    民    國    99    年    5     月    12    日\n                    臺灣宜蘭地方法院民事庭\n                        司法事務官  徐家惠\n以上正本係照原本作成\n中    華    民    國    99    年    5     月    12    日\n                        書  記  官  黃月雲\n◎附註：\n一、債權人、債務人如於事後遞狀均請註明案號、股別。\n二、若債務人為法人或商號者，債權人應於收受支付命令後５日\n    內，提出法人或商號最新證記資料（例如公司設立變更登記\n    事項表）及法人或商號法定代理人最新戶籍謄本（記事欄勿\n    省略），以核對是否合法送達。（否則無法核發確定證明書\n    ）。\n三、案件一經確定，本院依職權逕行核發確定證明書，債權人毋\n    庸另行聲請。",
  "structure": {
  },
  "characters": {
    "judges": [

    ],
    "prosecutors": [

    ],
    "lawyers": [

    ],
    "clerks": [

    ],
    "plaintiffs": [

    ],
    "defendants": [

    ],
    "prosecutor_office": [

    ],
    "creditors": [
      "中華電信股份有限公司台灣北區電信分公司"
    ],
    "debtors": [
      "甲"
    ],
    "judicial_associate_officer": [
      "徐家惠"
    ]
  },
  "adjudged_at": "2010-05-12",
  "created_at": "2016-01-05 12:30:52",
  "updated_at": "2016-01-05 12:30:52"
}