{
  "identify": "ILD-99-家聲-15-20100512-1",
  "court": {
    "name": "臺灣宜蘭地方法院",
    "code": "ILD"
  },
  "division": {
    "name": "民事",
    "code": "V"
  },
  "year": 99,
  "word": "家聲",
  "number": "15",
  "jcheck": "1",
  "reason": "指定遺囑執行人",
  "content": "臺灣宜蘭地方法院民事裁定              99年度家聲字第15號\n聲  請  人  戊○○○\n相  對  人  甲○○\n上列聲請人聲請指定被繼承人林後傳之遺囑執行人事件，本院裁\n定如下：\n    主  文\n聲請駁回。\n聲請程序費用新臺幣壹仟元由聲請人負擔。\n    理  由\n一、按遺囑未指定遺囑執行人，並未委託他人指定者，得由親屬\n    會議選定之，不能由親屬會議選定時，得由利害關係人聲請\n    法院指定之，民法第1211條定有明文。\n二、本件聲請意旨略以：被繼承人林後傳於民國93年10月6日口\n    述遺囑意旨，由見證人之一丁○○代筆書立遺囑，嗣並經本\n    院公證處認證後作成認證書；因遺囑所指定之遺囑執行人林\n    基王（林後傳之長男）於94年4月14日死亡，致林後傳死亡\n    時，上開代筆遺囑已無遺囑執行人；相對人甲○○為林基王\n    之長男，依法得代位繼承林後傳之遺產，聲請人曾請求相對\n    人擔任遺囑執行人，或請相對人召開親屬會議選定遺囑執行\n    人，惟均遭其拒絕；聲請人為林後傳之長女，為法定繼承人\n    ，自屬利害關係人，爰依法聲請本院指定相對人擔任林後傳\n    遺囑之遺囑執行人等語。\n三、上開事實，固據聲請人提出被繼承人之繼承系統表、親屬會\n    議會員名冊、被繼承人、繼承人之戶籍謄本、本院公證處93\n    年度宜院認字第001001786號認證書（含代筆遺囑）等件為\n    證。惟查，上開代筆遺囑除指定林基王為遺囑執行人外，主\n    要內容在指示「宜蘭縣羅東鎮○○段96地號土地及其上建物\n    門牌號碼羅東鎮○○里○○鄰○○○路398號建物」（下稱前\n    筆房地）、「宜蘭縣羅東鎮○○段98、244地號土地」（下\n    稱後兩筆土地）之繼承方式，經本院核對卷附之土地登記第\n    二類謄本（見卷第104、109、114頁）之記載，可知遺囑指\n    定之遺囑執行人林基王雖先於被繼承人林後傳死亡，惟前筆\n    房地、後兩筆土地均已依照上開遺囑內容辦理繼承登記完竣\n    （林基王應繼承部分由其子女丙○○、乙○○、甲○○共同\n    繼承），堪認上開遺囑再無另行指定遺囑人執行人執行之必\n    要；況聲請人到庭時亦陳述「（問：遺囑裡面書寫的事項是\n    否已執行完畢？）我沒有看過」、「（問：遺囑不是附在妳\n    的聲請狀裡面？）這是我叫人隨便寫一寫，隨便做一做，隨\n    便遞狀出來的」、「（問：妳真正的意思到底是什麼？）我\n    不要其他的人介入我的家庭」等語。從而，上開遺囑內容既\n    均已執行完畢，其中程序或有可議之處，仍應認本件聲請指\n    定遺囑執行人已無實益，應予駁回。\n四、至聲請人或其他繼承人若認其繼承權或特留分有被侵害之情\n    事，本得依法定程序提起訴訟以資救濟，附此敘明。\n五、依非訟事件法第21條第1項前段，裁定如主文。\n中    華    民    國    99    年    5     月    12    日\n                 臺灣宜蘭地方法院家事法庭\n                      法  官  周健忠\n以上正本與原本無異。\n如不服本裁定，應於裁定送達後10日內向本院提出抗告狀（應附\n繕本）。\n中    華    民    國    99    年    5     月    14    日\n                      書記官  姚國華",
  "structure": {
    "main": "聲請駁回。\n聲請程序費用新臺幣壹仟元由聲請人負擔。",
    "reason": "一、按遺囑未指定遺囑執行人，並未委託他人指定者，得由親屬\n    會議選定之，不能由親屬會議選定時，得由利害關係人聲請\n    法院指定之，民法第1211條定有明文。\n二、本件聲請意旨略以：被繼承人林後傳於民國93年10月6日口\n    述遺囑意旨，由見證人之一丁○○代筆書立遺囑，嗣並經本\n    院公證處認證後作成認證書；因遺囑所指定之遺囑執行人林\n    基王（林後傳之長男）於94年4月14日死亡，致林後傳死亡\n    時，上開代筆遺囑已無遺囑執行人；相對人甲○○為林基王\n    之長男，依法得代位繼承林後傳之遺產，聲請人曾請求相對\n    人擔任遺囑執行人，或請相對人召開親屬會議選定遺囑執行\n    人，惟均遭其拒絕；聲請人為林後傳之長女，為法定繼承人\n    ，自屬利害關係人，爰依法聲請本院指定相對人擔任林後傳\n    遺囑之遺囑執行人等語。\n三、上開事實，固據聲請人提出被繼承人之繼承系統表、親屬會\n    議會員名冊、被繼承人、繼承人之戶籍謄本、本院公證處93\n    年度宜院認字第001001786號認證書（含代筆遺囑）等件為\n    證。惟查，上開代筆遺囑除指定林基王為遺囑執行人外，主\n    要內容在指示「宜蘭縣羅東鎮○○段96地號土地及其上建物\n    門牌號碼羅東鎮○○里○○鄰○○○路398號建物」（下稱前\n    筆房地）、「宜蘭縣羅東鎮○○段98、244地號土地」（下\n    稱後兩筆土地）之繼承方式，經本院核對卷附之土地登記第\n    二類謄本（見卷第104、109、114頁）之記載，可知遺囑指\n    定之遺囑執行人林基王雖先於被繼承人林後傳死亡，惟前筆\n    房地、後兩筆土地均已依照上開遺囑內容辦理繼承登記完竣\n    （林基王應繼承部分由其子女丙○○、乙○○、甲○○共同\n    繼承），堪認上開遺囑再無另行指定遺囑人執行人執行之必\n    要；況聲請人到庭時亦陳述「（問：遺囑裡面書寫的事項是\n    否已執行完畢？）我沒有看過」、「（問：遺囑不是附在妳\n    的聲請狀裡面？）這是我叫人隨便寫一寫，隨便做一做，隨\n    便遞狀出來的」、「（問：妳真正的意思到底是什麼？）我\n    不要其他的人介入我的家庭」等語。從而，上開遺囑內容既\n    均已執行完畢，其中程序或有可議之處，仍應認本件聲請指\n    定遺囑執行人已無實益，應予駁回。\n四、至聲請人或其他繼承人若認其繼承權或特留分有被侵害之情\n    事，本得依法定程序提起訴訟以資救濟，附此敘明。\n五、依非訟事件法第21條第1項前段，裁定如主文。"
  },
  "characters": {
    "judges": [
      "周健忠"
    ],
    "prosecutors": [

    ],
    "lawyers": [

    ],
    "clerks": [

    ],
    "plaintiffs": [

    ],
    "defendants": [

    ],
    "prosecutor_office": [
      "戊"
    ],
    "creditors": [

    ],
    "debtors": [

    ],
    "judicial_associate_officer": [

    ]
  },
  "adjudged_at": "2010-05-12",
  "created_at": "2016-01-05 12:33:19",
  "updated_at": "2016-01-05 12:33:19"
}