{
  "identify": "KLD-99-基簡-388-20100512-1",
  "court": {
    "name": "臺灣基隆地方法院",
    "code": "KLD"
  },
  "division": {
    "name": "民事",
    "code": "V"
  },
  "year": 99,
  "word": "基簡",
  "number": "388",
  "jcheck": "1",
  "reason": "給付借款",
  "content": "臺灣基隆地方法院民事裁定             99年度基簡字第388號\n原      告  遠東國際商業銀行股份有限公司\n法定代理人  甲○○\n上列當事人與被告乙○○間給付借款事件，本院裁定如下：\n一、原告因請求給付借款事件，曾聲請對被告乙○○發支付命令\n    ，惟被告已於法定期間內對支付命令提出異議，應以支付命\n    令之聲請視為起訴，茲限原告於收受本裁定後5日內補正下\n    列事項，如逾期未補正，即駁回原告之訴。\n    （一）本件訴訟標的金額為新臺幣243,000元，應繳裁判費\n          新台幣2,650元，扣除前繳支付命令裁判費新臺幣500\n          元外，尚應補繳新臺幣2,150元。\n    （二）提出準備書狀一件，並以繕本或影本直接通知他造。\n二、特此裁定。\n中    華    民    國    99    年    5     月    12    日\n                  簡易庭法  官  林玉珮\n以上正本係照原本作成。\n本件裁定不得抗告。\n中    華    民    國    99    年    5     月    12    日\n                        書記官  張萱玲",
  "structure": {
  },
  "characters": {
    "judges": [
      "林玉珮"
    ],
    "prosecutors": [

    ],
    "lawyers": [

    ],
    "clerks": [

    ],
    "plaintiffs": [
      "遠東國際商業銀行股份有限公司"
    ],
    "defendants": [

    ],
    "prosecutor_office": [

    ],
    "creditors": [

    ],
    "debtors": [

    ],
    "judicial_associate_officer": [

    ]
  },
  "adjudged_at": "2010-05-12",
  "created_at": "2016-01-05 12:34:52",
  "updated_at": "2016-01-05 12:34:52"
}