{
  "identify": "KLD-98-司財管-34-20100512-1",
  "court": {
    "name": "臺灣基隆地方法院",
    "code": "KLD"
  },
  "division": {
    "name": "民事",
    "code": "V"
  },
  "year": 98,
  "word": "司財管",
  "number": "34",
  "jcheck": "1",
  "reason": "選任遺產管理人",
  "content": "臺灣基隆地方法院民事裁定            98年度司財管字第34號\n聲  請  人  臺北縣立仁愛之家\n法定代理人  甲○○\n上列聲請人聲請選任被繼承人乙○○之遺產管理人事件，本院裁\n定如下：\n    主  文\n選任臺北縣立仁愛之家為被繼承人乙○○（男，民國一年九月十\n日生，身分證統一編號：Ｚ000000000，生前最後住所\n：臺北縣萬里鄉龜吼村玉田六十一號）之遺產管理人。\n准對被繼承人乙○○之繼承人為承認繼承之公示催告。\n被繼承人乙○○之繼承人，應自前項公示催告最後登載新聞紙之\n日起，壹年貳月內承認繼承，上述期限屆滿，無繼承人承認繼承\n時，被繼承人乙○○之遺產，於清償債權並交付遺贈物後，如有\n剩餘即歸屬國庫。\n被繼承人乙○○之債權人及受遺贈人，應自本公示催告最後登載\n新聞紙之日起壹年貳月內，報明債權及為願受遺贈與否之聲明，\n如不於上述期間內為報明或聲明者，僅得就賸餘遺產行使其權利\n。\n聲請程序費用新臺幣壹仟元由被繼承人乙○○之遺產負擔。\n    理  由\n一、按繼承開始時，繼承人之有無不明，而無親屬會議或親屬會\n    議未於1個月內選定遺產管理人者，利害關係人得聲請法院\n    選任遺產管理人，並由法院依公示催告程序，定6個月以上\n    之期限，公告繼承人，命其於期限內承認繼承；遺產管理人\n    之職務，包括聲請法院依公示催告程序，限定1年以上之期\n    間，公告被繼承人之債權人及受遺贈人，命其於該期間內報\n    明債權及為願受遺贈與否之聲明，被繼承人之債權人及受遺\n    贈人為管理人所已知者，應分別通知之。大陸地區人民繼承\n    臺灣地區人民之遺產，應於繼承開始起三年內以書面向被繼\n    承人住所地之法院為繼承之表示；逾期視為拋棄其繼承權。\n    民法第1177條、第1178條、第1179條第1項第3款，臺灣地區\n    與大陸地區人民關係條例第66條分別定有明文。\n二、本件聲請意旨略以：被繼承人乙○○為聲請人之院民，於民\n    國（下同）98年11月19日因病死亡，經詳查其戶籍資料，其\n    在臺灣無子嗣及其他繼承人，大陸親友資料則無法求證，被\n    繼承人既生前由聲請人照護，又保管其死後之遺物，為其利\n    害關係人，為此聲請選任由聲請人為被繼承人之遺產管理人\n    ，並依法為公示催告等語。\n三、查聲請人主張之事實，業據其提出被繼承人乙○○之死亡證\n    明書、除戶戶籍謄本、臺北縣立仁愛之家亡故院民遺物處理\n    報告單影本臺北縣立仁愛之家院民自治善後處理小組98年12\n    月4日會議紀錄影本等為證，故聲請人以利害關係人之身分\n    聲請選任被繼承人之遺產管理人，核無不合。又被繼承人有\n    無繼承人不明，若於主文第3項所定期限屆滿，無繼承人承\n    認繼承時，其遺產於清償債權並交付遺贈物後，如有賸餘，\n    應歸屬國庫，本院審酌上開情事，並參酌遺產管理人之職務\n    ，並為保障債權人利益及期程序之公正、公信起見，認本件\n    應由聲請人為被繼承人之遺產管理人，爰裁定如主文第1項\n    所示，並依法為承認繼承、報明債權及為願受遺贈與否之聲\n    明之公示催告。\n四、依非訟事件法第157條、第24條第1項，裁定如主文。\n五、如不服本裁定，應於裁定送達後10日內向本院提出抗告狀，\n    並繳納抗告費新臺幣1,000元。\n中    華    民    國    99    年    5    月    12    日\n                  家事法庭司法事務官   蔡鎮宇",
  "structure": {
    "main": "選任臺北縣立仁愛之家為被繼承人乙○○（男，民國一年九月十\n日生，身分證統一編號：Ｚ000000000，生前最後住所\n：臺北縣萬里鄉龜吼村玉田六十一號）之遺產管理人。\n准對被繼承人乙○○之繼承人為承認繼承之公示催告。\n被繼承人乙○○之繼承人，應自前項公示催告最後登載新聞紙之\n日起，壹年貳月內承認繼承，上述期限屆滿，無繼承人承認繼承\n時，被繼承人乙○○之遺產，於清償債權並交付遺贈物後，如有\n剩餘即歸屬國庫。\n被繼承人乙○○之債權人及受遺贈人，應自本公示催告最後登載\n新聞紙之日起壹年貳月內，報明債權及為願受遺贈與否之聲明，\n如不於上述期間內為報明或聲明者，僅得就賸餘遺產行使其權利\n。\n聲請程序費用新臺幣壹仟元由被繼承人乙○○之遺產負擔。",
    "reason": "一、按繼承開始時，繼承人之有無不明，而無親屬會議或親屬會\n    議未於1個月內選定遺產管理人者，利害關係人得聲請法院\n    選任遺產管理人，並由法院依公示催告程序，定6個月以上\n    之期限，公告繼承人，命其於期限內承認繼承；遺產管理人\n    之職務，包括聲請法院依公示催告程序，限定1年以上之期\n    間，公告被繼承人之債權人及受遺贈人，命其於該期間內報\n    明債權及為願受遺贈與否之聲明，被繼承人之債權人及受遺\n    贈人為管理人所已知者，應分別通知之。大陸地區人民繼承\n    臺灣地區人民之遺產，應於繼承開始起三年內以書面向被繼\n    承人住所地之法院為繼承之表示；逾期視為拋棄其繼承權。\n    民法第1177條、第1178條、第1179條第1項第3款，臺灣地區\n    與大陸地區人民關係條例第66條分別定有明文。\n二、本件聲請意旨略以：被繼承人乙○○為聲請人之院民，於民\n    國（下同）98年11月19日因病死亡，經詳查其戶籍資料，其\n    在臺灣無子嗣及其他繼承人，大陸親友資料則無法求證，被\n    繼承人既生前由聲請人照護，又保管其死後之遺物，為其利\n    害關係人，為此聲請選任由聲請人為被繼承人之遺產管理人\n    ，並依法為公示催告等語。\n三、查聲請人主張之事實，業據其提出被繼承人乙○○之死亡證\n    明書、除戶戶籍謄本、臺北縣立仁愛之家亡故院民遺物處理\n    報告單影本臺北縣立仁愛之家院民自治善後處理小組98年12\n    月4日會議紀錄影本等為證，故聲請人以利害關係人之身分\n    聲請選任被繼承人之遺產管理人，核無不合。又被繼承人有\n    無繼承人不明，若於主文第3項所定期限屆滿，無繼承人承\n    認繼承時，其遺產於清償債權並交付遺贈物後，如有賸餘，\n    應歸屬國庫，本院審酌上開情事，並參酌遺產管理人之職務\n    ，並為保障債權人利益及期程序之公正、公信起見，認本件\n    應由聲請人為被繼承人之遺產管理人，爰裁定如主文第1項\n    所示，並依法為承認繼承、報明債權及為願受遺贈與否之聲\n    明之公示催告。\n四、依非訟事件法第157條、第24條第1項，裁定如主文。\n五、如不服本裁定，應於裁定送達後10日內向本院提出抗告狀，\n    並繳納抗告費新臺幣1,000元。"
  },
  "characters": {
    "judges": [

    ],
    "prosecutors": [

    ],
    "lawyers": [

    ],
    "clerks": [

    ],
    "plaintiffs": [

    ],
    "defendants": [

    ],
    "prosecutor_office": [
      "臺北縣立仁愛之家"
    ],
    "creditors": [

    ],
    "debtors": [

    ],
    "judicial_associate_officer": [
      "蔡鎮宇"
    ]
  },
  "adjudged_at": "2010-05-12",
  "created_at": "2016-01-05 12:35:17",
  "updated_at": "2016-01-05 12:35:17"
}