{
  "identify": "KLD-99-交附民-3-20100512-1",
  "court": {
    "name": "臺灣基隆地方法院",
    "code": "KLD"
  },
  "division": {
    "name": "刑事",
    "code": "M"
  },
  "year": 99,
  "word": "交附民",
  "number": "3",
  "jcheck": "1",
  "reason": "損害賠償",
  "content": "臺灣基隆地方法院刑事附帶民事裁定     99年度交附民字第3號\n原      告  甲○○\n被      告  乙○○\n上列被告因本院98年度交易字第128 號過失傷害案件，經原告提\n起附帶民事訴訟。查其內容繁雜，非經長久之時日，不能終結其\n審判。爰依刑事訴訟法第504 條第1 項前段，將本件附帶民事訴\n訟移送本院民事庭，特此裁定。\n中    華    民    國    99    年    5     月    12    日\n                  刑事第二庭審判長法    官  陳志祥\n                                  法    官  陳伯厚\n                                  法    官  黃梅淑\n以上正本證明與原本無異。\n本件裁定不得抗告。\n中    華    民    國    99    年    5     月    12    日\n                                  書 記 官  丁妍君",
  "structure": {
  },
  "characters": {
    "judges": [
      "陳志祥",
      "陳伯厚",
      "黃梅淑"
    ],
    "prosecutors": [

    ],
    "lawyers": [

    ],
    "clerks": [

    ],
    "plaintiffs": [
      "甲○○"
    ],
    "defendants": [
      "乙○○"
    ],
    "prosecutor_office": [

    ],
    "creditors": [

    ],
    "debtors": [

    ],
    "judicial_associate_officer": [

    ]
  },
  "adjudged_at": "2010-05-12",
  "created_at": "2016-01-05 12:34:05",
  "updated_at": "2016-01-05 12:34:05"
}