{
  "identify": "KLD-99-重訴-4-20100512-1",
  "court": {
    "name": "臺灣基隆地方法院",
    "code": "KLD"
  },
  "division": {
    "name": "民事",
    "code": "V"
  },
  "year": 99,
  "word": "重訴",
  "number": "4",
  "jcheck": "1",
  "reason": "給付倉租金",
  "content": "臺灣基隆地方法院民事裁定               99年度重訴字第4號\n原      告  中航物流股份有限公司\n法定代理人  丁○○\n原      告  貿聯企業股份有限公司\n法定代理人  甲○○\n共      同\n訴訟代理人  宋志衡律師\n複代理人    黃如鈴\n被      告  財政部基隆關稅局\n法定代理人  乙○○\n訴訟代理人  蔡婉\n            丙○○\n上列當事人間請求給付倉租事件，本院裁定如下：\n    主  文\n本件應再開言詞辯論，並指定於民國99年６月14日下午２時25分\n在本院第八法庭行言詞辯論。\n中    華    民    國    99    年    5     月    12    日\n                  民事庭法      官  林金發\n以上正本係照原本作成。\n對本裁定不得抗告。\n中    華    民    國    99    年    5    月    17    日\n                        法院書記官  莊國南",
  "structure": {
  },
  "characters": {
    "judges": [
      "林金發"
    ],
    "prosecutors": [

    ],
    "lawyers": [
      "宋志衡"
    ],
    "clerks": [
      "法院"
    ],
    "plaintiffs": [
      "中航物流股份有限公司",
      "貿聯企業股份有限公司"
    ],
    "defendants": [
      "財政部基隆關稅局"
    ],
    "prosecutor_office": [

    ],
    "creditors": [

    ],
    "debtors": [

    ],
    "judicial_associate_officer": [

    ]
  },
  "adjudged_at": "2010-05-12",
  "created_at": "2016-01-05 12:35:23",
  "updated_at": "2016-01-05 12:35:23"
}