{
  "identify": "KLD-99-司聲-28-20100512-2",
  "court": {
    "name": "臺灣基隆地方法院",
    "code": "KLD"
  },
  "division": {
    "name": "民事",
    "code": "V"
  },
  "year": 99,
  "word": "司聲",
  "number": "28",
  "jcheck": "2",
  "reason": "返還擔保金",
  "content": "臺灣基隆地方法院民事裁定              99年度司聲字第28號\n聲  請  人  也圖室內裝修設計有限公司\n法定代理人  乙○○\n相  對  人  甲○○\n上列當事人間請求返還擔保金事件，本院於民國99年4 月27日所\n為之裁定，應更正如左：\n    主  文\n原裁定原本、正本主文第一項中「本院九十八年度存字第二八三\n八號擔保提存事件」之記載，應更正為「臺灣臺北地方法院九十\n八年度存字第二八三八號擔保提存事件」。\n原裁定原本、正本理由第二段第三行、第四行「本院九十八年度\n存字第二八三八號擔保提存事件」之記載，應更正為「臺灣臺北\n地方法院九十八年度存字第二八三八號擔保提存事件」。\n原裁定原本、正本理由第三段第二行「九十八年度第二八三八號\n提存書影本」之記載，應更正為「臺灣臺北地方法院九十八年度\n第二八三八號提存書影本」。\n    理  由\n一、按判決如有誤寫、誤算或其他類此之顯然錯誤者，法院得依\n    聲請或依職權以裁定更正；其正本與原本不符者，亦同，民\n    事訴訟法第232條第1項定有明文。此於裁定亦準用之，同法\n    第239條亦定有明文。\n二、查本院前開之裁定有如主文所示之顯然錯誤，應予更正。\n三、依首開規定裁定如主文。\n四、如不服本裁定，應於裁定送達後10日內，以書狀向本院司法\n    事務官提出異議。\n中    華    民    國    99    年    5     月    12    日\n                  民事庭司法事務官  邱文翰",
  "structure": {
    "main": "原裁定原本、正本主文第一項中「本院九十八年度存字第二八三\n八號擔保提存事件」之記載，應更正為「臺灣臺北地方法院九十\n八年度存字第二八三八號擔保提存事件」。\n原裁定原本、正本理由第二段第三行、第四行「本院九十八年度\n存字第二八三八號擔保提存事件」之記載，應更正為「臺灣臺北\n地方法院九十八年度存字第二八三八號擔保提存事件」。\n原裁定原本、正本理由第三段第二行「九十八年度第二八三八號\n提存書影本」之記載，應更正為「臺灣臺北地方法院九十八年度\n第二八三八號提存書影本」。",
    "reason": "一、按判決如有誤寫、誤算或其他類此之顯然錯誤者，法院得依\n    聲請或依職權以裁定更正；其正本與原本不符者，亦同，民\n    事訴訟法第232條第1項定有明文。此於裁定亦準用之，同法\n    第239條亦定有明文。\n二、查本院前開之裁定有如主文所示之顯然錯誤，應予更正。\n三、依首開規定裁定如主文。\n四、如不服本裁定，應於裁定送達後10日內，以書狀向本院司法\n    事務官提出異議。"
  },
  "characters": {
    "judges": [

    ],
    "prosecutors": [

    ],
    "lawyers": [

    ],
    "clerks": [

    ],
    "plaintiffs": [

    ],
    "defendants": [

    ],
    "prosecutor_office": [
      "也圖室內裝修設計有限公司"
    ],
    "creditors": [

    ],
    "debtors": [

    ],
    "judicial_associate_officer": [
      "邱文翰"
    ]
  },
  "adjudged_at": "2010-05-12",
  "created_at": "2016-01-05 12:35:04",
  "updated_at": "2016-01-05 12:35:04"
}