{
  "identify": "KLD-98-司聲-438-20100512-1",
  "court": {
    "name": "臺灣基隆地方法院",
    "code": "KLD"
  },
  "division": {
    "name": "民事",
    "code": "V"
  },
  "year": 98,
  "word": "司聲",
  "number": "438",
  "jcheck": "1",
  "reason": "確定訴訟費用額",
  "content": "臺灣基隆地方法院民事裁定             98年度司聲字第438號\n聲  請  人  乙○○\n相  對  人  財團法人私立聖心高級中學\n法定代理人  丙○○\n訴訟代理人  甲○○\n上列當事人間請求損害賠償事件，聲請人聲請確定訴訟費用額，\n本院裁定如下：\n    主  文\n聲請人應負擔之訴訟費用額確定為新臺幣仟肆佰柒拾伍元，並\n加給自本裁定送達之翌日起至清償日止，按年息百分之五計算之\n利息。\n    理  由\n一、按法院未於訴訟費用之裁判確定其費用額者，第 1審受訴法\n    院於該裁判有執行力後，應依聲請以裁定確定之；依前項確\n    定之訴訟費用額，應於裁定送達之翌日起，加給按法定利率\n    計算之利息，民事訴訟法第91條第1項、第3項分別定有明文\n    。\n二、聲請人與相對人間請求損害賠償事件，業經本院97年度勞訴\n    字第 7號、臺灣高等法院97年度勞上易字第95號判決確定，\n    其第1審訴訟費用原裁判命原告即聲請人乙○○負擔；第2審\n    廢棄原判決訴訟費用之部分，第1審及第2審之訴訟費用改由\n    被上訴人即相對人聖心高級中學負擔10分之 1，其餘部分由\n    上訴人即聲請人負擔，此有上揭裁判可稽。\n三、聲請人於聲請狀列明第 1審及第2審裁判費各為新臺幣(下同\n    )13,900元、20,850 元且由其預先繳納，並提出本院自行收\n    納款項統一收據第五聯影本2 紙，故聲請人所預納之訴訟費\n    用總額為新台幣34,750。經本院依職權調查後確為屬實，因\n    此相對人應負擔確定訴訟費用額為新台幣 3,475元 (計算式\n    :34,750×10%=3,475)。\n四、按確定之訴訟費用額，應於裁定送達之翌日起，加給按法定\n    利率計算之利息，民事訴訟法第91條第3 項定有明文；又依\n    民法第203 條規定，應付利息之債務，其利率未經約定，亦\n    無法律可據者，週年利率為百分之五；因此並依上開規定加\n    計利息如主文所示。\n五、依民事訴訟法第91條，裁定如主文。\n六、如不服本裁定，應於裁定送達後10日內，以書狀向本院司法\n    事務官提出異議。\n中    華    民    國    99    年     5    月    12    日\n                  民事庭司法事務官  邱文翰",
  "structure": {
    "main": "聲請人應負擔之訴訟費用額確定為新臺幣仟肆佰柒拾伍元，並\n加給自本裁定送達之翌日起至清償日止，按年息百分之五計算之\n利息。",
    "reason": "一、按法院未於訴訟費用之裁判確定其費用額者，第 1審受訴法\n    院於該裁判有執行力後，應依聲請以裁定確定之；依前項確\n    定之訴訟費用額，應於裁定送達之翌日起，加給按法定利率\n    計算之利息，民事訴訟法第91條第1項、第3項分別定有明文\n    。\n二、聲請人與相對人間請求損害賠償事件，業經本院97年度勞訴\n    字第 7號、臺灣高等法院97年度勞上易字第95號判決確定，\n    其第1審訴訟費用原裁判命原告即聲請人乙○○負擔；第2審\n    廢棄原判決訴訟費用之部分，第1審及第2審之訴訟費用改由\n    被上訴人即相對人聖心高級中學負擔10分之 1，其餘部分由\n    上訴人即聲請人負擔，此有上揭裁判可稽。\n三、聲請人於聲請狀列明第 1審及第2審裁判費各為新臺幣(下同\n    )13,900元、20,850 元且由其預先繳納，並提出本院自行收\n    納款項統一收據第五聯影本2 紙，故聲請人所預納之訴訟費\n    用總額為新台幣34,750。經本院依職權調查後確為屬實，因\n    此相對人應負擔確定訴訟費用額為新台幣 3,475元 (計算式\n    :34,750×10%=3,475)。\n四、按確定之訴訟費用額，應於裁定送達之翌日起，加給按法定\n    利率計算之利息，民事訴訟法第91條第3 項定有明文；又依\n    民法第203 條規定，應付利息之債務，其利率未經約定，亦\n    無法律可據者，週年利率為百分之五；因此並依上開規定加\n    計利息如主文所示。\n五、依民事訴訟法第91條，裁定如主文。\n六、如不服本裁定，應於裁定送達後10日內，以書狀向本院司法\n    事務官提出異議。"
  },
  "characters": {
    "judges": [

    ],
    "prosecutors": [

    ],
    "lawyers": [

    ],
    "clerks": [

    ],
    "plaintiffs": [

    ],
    "defendants": [

    ],
    "prosecutor_office": [
      "乙"
    ],
    "creditors": [

    ],
    "debtors": [

    ],
    "judicial_associate_officer": [
      "邱文翰"
    ]
  },
  "adjudged_at": "2010-05-12",
  "created_at": "2016-01-05 12:35:15",
  "updated_at": "2016-01-05 12:35:15"
}