{
  "identify": "KSH-99-聲-498-20100512-1",
  "court": {
    "name": "臺灣高等法院",
    "code": "KSH"
  },
  "division": {
    "name": "刑事",
    "code": "M"
  },
  "year": 99,
  "word": "聲",
  "number": "498",
  "jcheck": "1",
  "reason": "聲請發還扣押物",
  "content": "臺灣高等法院高雄分院刑事裁定           99年度聲字第498號\n聲  請  人\n即  被  告  甲○○\n上列被告因聲請發還扣押物案件，聲請調查證據，本院裁定如下：\n    主  文\n聲請駁回。\n    理  由\n一、本件聲意旨略以：聲請人即被告甲○○（下稱被告甲○○）\n    因違反毒品危害防制條例案件，前於民國（下同）96年7 月\n    12日在高雄縣美濃鎮泉源6 號經查扣C4－0721小貨車1 輛，\n    因扣案車輛與被訴幫助製造第二級毒品甲基安非他命罪無關\n    ，為此請求發還等語。\n二、經查：本件被告甲○○前就上開扣案C4－0721小貨車1 輛聲\n    請發返，經本院於98年4 月28日裁定諭知應予發還確定，有\n    裁定原本在卷可憑，乃被告甲○○又重複聲請發還，核屬無\n    實益，應予駁回。\n三、依刑事訴訟法第220條，裁定如主文。\n中    華    民    國    99    年    5     月    12    日\n                  刑事第四庭    審判長法  官  蕭權閔\n                                      法  官  陳吉雄\n                                      法  官  李嘉興\n以上正本證明與原本無異。\n不得抗告。\n中    華    民    國    99    年    5     月    12    日\n                                      書記官  唐奇燕",
  "structure": {
    "main": "聲請駁回。",
    "reason": "一、本件聲意旨略以：聲請人即被告甲○○（下稱被告甲○○）\n    因違反毒品危害防制條例案件，前於民國（下同）96年7 月\n    12日在高雄縣美濃鎮泉源6 號經查扣C4－0721小貨車1 輛，\n    因扣案車輛與被訴幫助製造第二級毒品甲基安非他命罪無關\n    ，為此請求發還等語。\n二、經查：本件被告甲○○前就上開扣案C4－0721小貨車1 輛聲\n    請發返，經本院於98年4 月28日裁定諭知應予發還確定，有\n    裁定原本在卷可憑，乃被告甲○○又重複聲請發還，核屬無\n    實益，應予駁回。\n三、依刑事訴訟法第220條，裁定如主文。"
  },
  "characters": {
    "judges": [
      "蕭權閔",
      "陳吉雄",
      "李嘉興"
    ],
    "prosecutors": [

    ],
    "lawyers": [

    ],
    "clerks": [

    ],
    "plaintiffs": [

    ],
    "defendants": [
      "甲"
    ],
    "prosecutor_office": [

    ],
    "creditors": [

    ],
    "debtors": [

    ],
    "judicial_associate_officer": [

    ]
  },
  "adjudged_at": "2010-05-12",
  "created_at": "2016-01-05 12:01:39",
  "updated_at": "2016-01-05 12:01:39"
}