{
  "identify": "KSH-99-重附民-4-20100512-1",
  "court": {
    "name": "臺灣高等法院",
    "code": "KSH"
  },
  "division": {
    "name": "刑事",
    "code": "M"
  },
  "year": 99,
  "word": "重附民",
  "number": "4",
  "jcheck": "1",
  "reason": "損害賠償",
  "content": "臺灣高等法院高雄分院刑事附帶民事訴訟裁定\n原      告  戊○○\n兼上 一 人\n法定代理人  丁○○\n原      告  庚○○\n            己○○\n被      告  甲○○\n            丙○○\n            乙○○\n上列被告因本院99年度上重訴字第4 號殺人案件，經原告提起附\n帶民事訴訟。查其內容繁雜，非經長久之時日不能終結其審判，\n應依刑事訴訟法第504 條第1 項前段，將本件附帶民事訴訟移送\n本院民事庭，特此裁定。\n中    華    民    國    99    年    5     月    12    日\n                  刑事第三庭    審判長法  官   莊崑山\n                                      法  官   莊松泉\n                                      法  官   唐照明\n以上正本證明與原本無異。\n不得抗告。\n中    華    民    國    99    年    5     月    12    日\n                                      書記官   黃琳群",
  "structure": {
  },
  "characters": {
    "judges": [
      "莊崑山",
      "莊松泉",
      "唐照明"
    ],
    "prosecutors": [

    ],
    "lawyers": [

    ],
    "clerks": [

    ],
    "plaintiffs": [
      "戊",
      "庚"
    ],
    "defendants": [
      "甲○○"
    ],
    "prosecutor_office": [

    ],
    "creditors": [

    ],
    "debtors": [

    ],
    "judicial_associate_officer": [

    ]
  },
  "adjudged_at": "2010-05-12",
  "created_at": "2016-01-05 12:02:41",
  "updated_at": "2016-01-05 12:02:41"
}