{
  "identify": "KSH-99-上易-16-20100512-1",
  "court": {
    "name": "臺灣高等法院",
    "code": "KSH"
  },
  "division": {
    "name": "民事",
    "code": "V"
  },
  "year": 99,
  "word": "上易",
  "number": "16",
  "jcheck": "1",
  "reason": "返還借款",
  "content": "臺灣高等法院高雄分院民事判決          99年度上易字第16號\n上  訴  人  丁○○\n訴訟代理人  乙○○\n上  訴  人  丙○○\n訴訟代理人  顏福松律師\n上列當事人間請求返還借款事件，兩造對於民國98年11月30日臺\n灣屏東地方法院98年度訴字第441 號第一審判決各自提起上訴，\n本院於99年4 月28日辯論終結，判決如下：\n    主  文\n兩造上訴均駁回。\n第二審訴訟費用由兩造各自負擔。\n    事 實 及 理 由\n一、上訴人丁○○起訴主張：伊係上訴人丙○○之父，丙○○於\n    民國82年間，以要幫伊操作股票為由，請伊交付新臺幣（下\n    同）30萬元，惟丙○○迄未提出任何股票買賣紀錄給伊，亦\n    未償還該30萬元。丙○○又於93年2 月23日以欲購買土地資\n    金不夠為由，向伊借款100 萬元，表示於土地出售後償還，\n    惟丙○○購買之土地業已出售，然至今未償還該100 萬元。\n    爰依消費借貸規定，求為：丙○○應給付丁○○130 萬及自\n    支付命令聲請狀繕本送達翌日（即98年7 月18日）起至清償\n    日止，按年息百分之五計算之利息。\n二、上訴人丙○○則以：丁○○於98年7 月7 日支付命令聲請狀\n    主張伊自83年某月某日，連續向丁○○購買物品計30萬元，\n    迄今未付款，因而命伊給付貨款，於98年8 月31日準備書狀\n    改稱伊曾於82年間叫丁○○提領30萬元代為操作投資台灣股\n    市，操作期間並未替丁○○為股票開戶買賣股票存摺程序，\n    至今仍無法清楚向丁○○提出盈虧證明文件，因而請求返還\n    上開30萬元之金額，前後主張不一，且未提出任何證明，縱\n    認所述屬實，其請求權已罹於15年時效。又丁○○所有座落\n    屏東縣長治鄉○○段308-1 、308-8 地號土地、及其上866\n    建號即門牌號碼屏東縣長治鄉崙上村自強巷99號（含其上未\n    辦保存登記之建物）之廠房及住家（下稱系爭房地），因積\n    欠中國農民銀行借款遭法院拍賣，丁○○擔心他人得標將無\n    處可住，乃請伊購買系爭房地，並贈與100 萬元供伊買系爭\n    房地，嗣伊以420 萬元拍定取得系爭房地所有權，由丁○○\n    繼續居住，伊並未向丁○○借款等語，資為抗辯。\n三、原法院判決丙○○應給付丁○○100 萬元及自98年7 月18日\n    起至清償日止按年息5%計算之利息，兩造就其敗訴部分，各\n    自提起上訴。丁○○上訴求為：(一)原判決不利於丁○○部分\n    廢棄。(二)上開廢棄部分，丙○○應再給付丁○○30萬元及自\n    98年7 月18日起至清償日止，按年息5%計算之利息；丙○○\n    則求為駁回上訴。丙○○上訴求為：(一)原判決不利於丙○○\n    部分廢棄。(二)上開廢棄部分，丁○○在第一審之訴駁回；丁\n    ○○則求為駁回上訴。\n四、本院判斷：\n  (一)丁○○依消費借貸規定請求丙○○清償30萬元，並舉証人劉\n    淑媛為証，然丙○○所否認。証人劉淑媛於98年11月16日固\n    証稱其於82年秋天回娘家時，有聽到丙○○向丁○○說：股\n    票正好，你們拿30萬元出來，我幫你們操作股票，幫你們賺\n    錢等語（原審卷60頁背面），然與丁○○於同日主張係丙○\n    ○向丁○○借30萬元買股票（原審卷58頁背面），已有不同\n    。且丁○○就交付30萬元予丙○○之時間及原因，先主張丙\n    ○○於83年間積欠其貨款30萬元（原審卷1 頁背面），嗣主\n    張其係於82年間應丙○○之要求交付30萬元予丙○○，由丙\n    ○○代其操作股票（原審卷14頁），又改主張丙○○係於82\n    年間向丁○○借30萬元買股票，非做生意買賣（原審卷58頁\n    背面），亦互有差異。故丁○○依消費借貸關係，請求丙○\n    ○返還30萬元，核無足採。\n  (二)証人劉淑媛証稱：「關於100 萬元部分，在還沒買土地之時\n    ，丙○○說她要向父親借100 萬元，等土地過戶之後，她要\n    賣掉屏東鹽埔的房子，再還爸爸100 萬，後來她說仲介談的\n    價錢她不滿意，所以鹽埔房子也沒賣。要丙○○還100 萬元\n    時，她辯稱：『我哪有向父親借錢？是父親給我的』，我跟\n    她說不是這樣，當初妳向我說是向父親借錢，只是沒寫借據\n    ，她就不高興，回家拉大姐當人證，說以後這土地賣了，就\n    還父親100 萬元，後來土地賣了，卻說沒有父親的份。後來\n    我向丙○○買系爭土地，父親打電話給她，她卻說沒有父親\n    的份」（原審卷59頁背面），証人即劉菊英亦証稱：「我父\n    親的土地要被法院拍賣，丙○○想買回來，但錢不夠，就跟\n    我父親說：『你先拿100 萬元借我去買那土地，之後等我賣\n    了那土地，有了錢，我再把100 萬元還你，一毛錢也不會欠\n    你』。那是有一天丙○○突然打電話給我，說：姐姐，妳回\n    來當我證人，爸爸、我、妳，三人面對面講清楚，我跟爸爸\n    拿100 萬元，要等我賣出土地後，才有錢還他，到時一毛錢\n    也不會欠他」（原審卷59頁背面至60頁），而丙○○自認已\n    收受丁○○交付100 萬元之事實，則丁○○主張丙○○向其\n    借款100 萬元未還，核屬有據。丙○○抗辯該100 萬元係丁\n    ○○贈與云云，惟未舉証証明，已非可採。至於丙○○主張\n    其出賣系爭房地予劉淑媛時，並未與劉淑媛見面，故劉淑媛\n    証稱賣完土地要還100 萬元之事，係在屏東家裡大家吃飯時\n    說的，顯不實在，並舉証人即辦理2 人有關系爭房地之代書\n    甲○○為証（本院卷79頁）。惟劉淑媛係証稱：「（丙○○\n    說賣完土地要還100 萬元之事，是在何時？）那是於97年（\n    與丙○○）簽約之前的事，．．．那是在屏東家裡大家吃飯\n    時說的」（原審卷61頁），劉淑媛並非証稱於與丙○○簽訂\n    系爭房地買賣契約當天談及丙○○說賣完土地要還100 萬元\n    之事，故丙○○上開主張，亦不足可。\n  (三)丙○○主張即使該100 萬元係向丁○○借用，但丁○○於伊\n    購買系爭房地後，仍繼續居住於系爭房地未付伊租金，每年\n    獲有免付23萬1415元相當於租金之利益，5 年合計115 萬70\n    75元，伊主張抵銷云云。經查，丁○○之子劉利清自93年4\n    月迄96年6 月25日止，按月幫丙○○繳納貸款，有丙○○書\n    立交予劉利清之兩人間金錢往來結算單可証（本院卷45頁）\n    ，丙○○主張劉利清向其借款41萬8200元，劉利清只清償8\n    萬多元，與該結算單所載兩人間之金錢結算金額不同，且依\n    丙○○主張劉利清陸續向其借款41萬8200元，其中丙○○自\n    90 年4月10日起至92年8 月4 日止，共匯款予劉利清之配偶\n    許瓊茹9 萬4000元，其後丙○○或其女婿陳文傑自96年1 月\n    間起始再有匯款予劉利清之子劉威良（本院卷57至62頁），\n    則丁○○主張劉利清幫丙○○繳納貸款，作為使用系爭房地\n    之代價，其係與劉利清同住，不用再付租金，核屬可採。丙\n    ○○雖提出劉利清向其借款41萬8200元，僅清償8 萬多元，\n    該8 萬多元非使用系爭房地之代價云云（本院卷97頁），自\n    無足取。參酌丙○○係避免丁○○原居住之系爭房地遭他人\n    買受，致丁○○無處可居住，而購買系爭房地，即丙○○購\n    買系爭房地本係基於讓丁○○得於居住於原來熟悉之處所，\n    且由劉利清代為清償銀行借款等情，丙○○上開主張，洵不\n    足採。\n五、綜上所述，丁○○依消費借貸規定，請求丙○○給付，其請\n    求之金額，在100 萬元及自支付命令聲請狀繕本送達翌日即\n    98年7 月18日起至清償日止按年息5%計算利息之範圍內，即\n    屬正當，應予准許，逾此部分之請求，為無理由，應予駁回\n    。原審就上開應准許部分為被上訴人敗訴之判決，就上開不\n    應准許部分為上訴人敗訴之判決，均無不合。兩造上訴意旨\n    指摘原判決各該部分不當，求予廢棄改判，均為無理由，應\n    予駁回。兩造其餘攻防，不影響判決結果，爰不逐一論述，\n    併予敘明。\n五、據上論結，本件兩造之上訴，均為無理由，依民事訴訟法第\n    449 條第1 項、第78條，判決如主文。\n中    華    民    國    99    年    5     月    12    日\n                            民事第六庭\n                                審判長法官  許明進\n                                法      官  徐文祥\n                                法      官  李炫德\n以上正本證明與原本無異。\n本件不得上訴。\n中    華    民    國    99    年    5     月    13    日\n                                書  記  官  盧雅婷",
  "structure": {
    "fact": "一、上訴人丁○○起訴主張：伊係上訴人丙○○之父，丙○○於\n    民國82年間，以要幫伊操作股票為由，請伊交付新臺幣（下\n    同）30萬元，惟丙○○迄未提出任何股票買賣紀錄給伊，亦\n    未償還該30萬元。丙○○又於93年2 月23日以欲購買土地資\n    金不夠為由，向伊借款100 萬元，表示於土地出售後償還，\n    惟丙○○購買之土地業已出售，然至今未償還該100 萬元。\n    爰依消費借貸規定，求為：丙○○應給付丁○○130 萬及自\n    支付命令聲請狀繕本送達翌日（即98年7 月18日）起至清償\n    日止，按年息百分之五計算之利息。\n二、上訴人丙○○則以：丁○○於98年7 月7 日支付命令聲請狀\n    主張伊自83年某月某日，連續向丁○○購買物品計30萬元，\n    迄今未付款，因而命伊給付貨款，於98年8 月31日準備書狀\n    改稱伊曾於82年間叫丁○○提領30萬元代為操作投資台灣股\n    市，操作期間並未替丁○○為股票開戶買賣股票存摺程序，\n    至今仍無法清楚向丁○○提出盈虧證明文件，因而請求返還\n    上開30萬元之金額，前後主張不一，且未提出任何證明，縱\n    認所述屬實，其請求權已罹於15年時效。又丁○○所有座落\n    屏東縣長治鄉○○段308-1 、308-8 地號土地、及其上866\n    建號即門牌號碼屏東縣長治鄉崙上村自強巷99號（含其上未\n    辦保存登記之建物）之廠房及住家（下稱系爭房地），因積\n    欠中國農民銀行借款遭法院拍賣，丁○○擔心他人得標將無\n    處可住，乃請伊購買系爭房地，並贈與100 萬元供伊買系爭\n    房地，嗣伊以420 萬元拍定取得系爭房地所有權，由丁○○\n    繼續居住，伊並未向丁○○借款等語，資為抗辯。\n三、原法院判決丙○○應給付丁○○100 萬元及自98年7 月18日\n    起至清償日止按年息5%計算之利息，兩造就其敗訴部分，各\n    自提起上訴。丁○○上訴求為：(一)原判決不利於丁○○部分\n    廢棄。(二)上開廢棄部分，丙○○應再給付丁○○30萬元及自\n    98年7 月18日起至清償日止，按年息5%計算之利息；丙○○\n    則求為駁回上訴。丙○○上訴求為：(一)原判決不利於丙○○\n    部分廢棄。(二)上開廢棄部分，丁○○在第一審之訴駁回；丁\n    ○○則求為駁回上訴。\n四、本院判斷：\n  (一)丁○○依消費借貸規定請求丙○○清償30萬元，並舉証人劉\n    淑媛為証，然丙○○所否認。証人劉淑媛於98年11月16日固\n    証稱其於82年秋天回娘家時，有聽到丙○○向丁○○說：股\n    票正好，你們拿30萬元出來，我幫你們操作股票，幫你們賺\n    錢等語（原審卷60頁背面），然與丁○○於同日主張係丙○\n    ○向丁○○借30萬元買股票（原審卷58頁背面），已有不同\n    。且丁○○就交付30萬元予丙○○之時間及原因，先主張丙\n    ○○於83年間積欠其貨款30萬元（原審卷1 頁背面），嗣主\n    張其係於82年間應丙○○之要求交付30萬元予丙○○，由丙\n    ○○代其操作股票（原審卷14頁），又改主張丙○○係於82\n    年間向丁○○借30萬元買股票，非做生意買賣（原審卷58頁\n    背面），亦互有差異。故丁○○依消費借貸關係，請求丙○\n    ○返還30萬元，核無足採。\n  (二)証人劉淑媛証稱：「關於100 萬元部分，在還沒買土地之時\n    ，丙○○說她要向父親借100 萬元，等土地過戶之後，她要\n    賣掉屏東鹽埔的房子，再還爸爸100 萬，後來她說仲介談的\n    價錢她不滿意，所以鹽埔房子也沒賣。要丙○○還100 萬元\n    時，她辯稱：『我哪有向父親借錢？是父親給我的』，我跟\n    她說不是這樣，當初妳向我說是向父親借錢，只是沒寫借據\n    ，她就不高興，回家拉大姐當人證，說以後這土地賣了，就\n    還父親100 萬元，後來土地賣了，卻說沒有父親的份。後來\n    我向丙○○買系爭土地，父親打電話給她，她卻說沒有父親\n    的份」（原審卷59頁背面），証人即劉菊英亦証稱：「我父\n    親的土地要被法院拍賣，丙○○想買回來，但錢不夠，就跟\n    我父親說：『你先拿100 萬元借我去買那土地，之後等我賣\n    了那土地，有了錢，我再把100 萬元還你，一毛錢也不會欠\n    你』。那是有一天丙○○突然打電話給我，說：姐姐，妳回\n    來當我證人，爸爸、我、妳，三人面對面講清楚，我跟爸爸\n    拿100 萬元，要等我賣出土地後，才有錢還他，到時一毛錢\n    也不會欠他」（原審卷59頁背面至60頁），而丙○○自認已\n    收受丁○○交付100 萬元之事實，則丁○○主張丙○○向其\n    借款100 萬元未還，核屬有據。丙○○抗辯該100 萬元係丁\n    ○○贈與云云，惟未舉証証明，已非可採。至於丙○○主張\n    其出賣系爭房地予劉淑媛時，並未與劉淑媛見面，故劉淑媛\n    証稱賣完土地要還100 萬元之事，係在屏東家裡大家吃飯時\n    說的，顯不實在，並舉証人即辦理2 人有關系爭房地之代書\n    甲○○為証（本院卷79頁）。惟劉淑媛係証稱：「（丙○○\n    說賣完土地要還100 萬元之事，是在何時？）那是於97年（\n    與丙○○）簽約之前的事，．．．那是在屏東家裡大家吃飯\n    時說的」（原審卷61頁），劉淑媛並非証稱於與丙○○簽訂\n    系爭房地買賣契約當天談及丙○○說賣完土地要還100 萬元\n    之事，故丙○○上開主張，亦不足可。\n  (三)丙○○主張即使該100 萬元係向丁○○借用，但丁○○於伊\n    購買系爭房地後，仍繼續居住於系爭房地未付伊租金，每年\n    獲有免付23萬1415元相當於租金之利益，5 年合計115 萬70\n    75元，伊主張抵銷云云。經查，丁○○之子劉利清自93年4\n    月迄96年6 月25日止，按月幫丙○○繳納貸款，有丙○○書\n    立交予劉利清之兩人間金錢往來結算單可証（本院卷45頁）\n    ，丙○○主張劉利清向其借款41萬8200元，劉利清只清償8\n    萬多元，與該結算單所載兩人間之金錢結算金額不同，且依\n    丙○○主張劉利清陸續向其借款41萬8200元，其中丙○○自\n    90 年4月10日起至92年8 月4 日止，共匯款予劉利清之配偶\n    許瓊茹9 萬4000元，其後丙○○或其女婿陳文傑自96年1 月\n    間起始再有匯款予劉利清之子劉威良（本院卷57至62頁），\n    則丁○○主張劉利清幫丙○○繳納貸款，作為使用系爭房地\n    之代價，其係與劉利清同住，不用再付租金，核屬可採。丙\n    ○○雖提出劉利清向其借款41萬8200元，僅清償8 萬多元，\n    該8 萬多元非使用系爭房地之代價云云（本院卷97頁），自\n    無足取。參酌丙○○係避免丁○○原居住之系爭房地遭他人\n    買受，致丁○○無處可居住，而購買系爭房地，即丙○○購\n    買系爭房地本係基於讓丁○○得於居住於原來熟悉之處所，\n    且由劉利清代為清償銀行借款等情，丙○○上開主張，洵不\n    足採。\n五、綜上所述，丁○○依消費借貸規定，請求丙○○給付，其請\n    求之金額，在100 萬元及自支付命令聲請狀繕本送達翌日即\n    98年7 月18日起至清償日止按年息5%計算利息之範圍內，即\n    屬正當，應予准許，逾此部分之請求，為無理由，應予駁回\n    。原審就上開應准許部分為被上訴人敗訴之判決，就上開不\n    應准許部分為上訴人敗訴之判決，均無不合。兩造上訴意旨\n    指摘原判決各該部分不當，求予廢棄改判，均為無理由，應\n    予駁回。兩造其餘攻防，不影響判決結果，爰不逐一論述，\n    併予敘明。\n五、據上論結，本件兩造之上訴，均為無理由，依民事訴訟法第\n    449 條第1 項、第78條，判決如主文。"
  },
  "characters": {
    "judges": [
      "徐文祥",
      "李炫德"
    ],
    "prosecutors": [

    ],
    "lawyers": [
      "顏福松"
    ],
    "clerks": [

    ],
    "plaintiffs": [

    ],
    "defendants": [

    ],
    "prosecutor_office": [

    ],
    "creditors": [

    ],
    "debtors": [

    ],
    "judicial_associate_officer": [

    ]
  },
  "adjudged_at": "2010-05-12",
  "created_at": "2016-01-05 12:04:06",
  "updated_at": "2016-01-05 12:04:06"
}