{
  "identify": "KSH-98-上更(一)-134-20100512-4",
  "court": {
    "name": "臺灣高等法院",
    "code": "KSH"
  },
  "division": {
    "name": "刑事",
    "code": "M"
  },
  "year": 98,
  "word": "上更(一)",
  "number": "134",
  "jcheck": "4",
  "reason": "違反毒品危害防制條例",
  "content": "臺灣高等法院高雄分院刑事裁定     98年度上更(一)字第134號\n上  訴  人  臺灣高雄地方法院檢察署檢察官\n上  訴  人\n即  被  告  己○○\n選任辯護人  周金城律師\n            文  聞律師\n上  訴  人\n即  被  告  戊○○\n選任辯護人  吳春生律師\n            鄭伊倫律師\n上  訴  人\n即  被  告  乙○○\n選任辯護人  鍾  義律師\n上  訴  人\n即  被  告  丙○○\n選任辯護人  葉武侯律師\n上  訴  人\n即  被  告  丁○○\n指定辯護人  本院公設辯護人  李佩娟\n上  訴  人\n即  被  告  甲○○\n選任辯護人  王建元律師\n上列上訴人等因被告違反毒品危害防制條例案件，不服臺灣高雄\n地方法院中華民國97年8 月15日第一審判決，提起上訴，本院業\n經辯論終結在案，茲因尚有應行調查之處，爰命再開辯論，並指\n定於中華民國99年6 月9 日上午10時40分，在本院第四法庭，續\n行言詞辯論，特此裁定。\n中    華    民    國    99    年    5     月    12    日\n                  刑事第四庭    審判長法  官  蕭權閔\n                                      法  官  陳吉雄\n                                      法  官  李嘉興\n以上正本證明與原本無異。\n不得抗告。\n中    華    民    國    99    年    5     月    12    日\n                                      書記官  唐奇燕",
  "structure": {
  },
  "characters": {
    "judges": [
      "蕭權閔",
      "陳吉雄",
      "李嘉興"
    ],
    "prosecutors": [

    ],
    "lawyers": [
      "周金城",
      "聞",
      "吳春生",
      "鄭伊倫",
      "義",
      "葉武侯",
      "王建元"
    ],
    "clerks": [

    ],
    "plaintiffs": [

    ],
    "defendants": [
      "己",
      "戊",
      "乙",
      "丙",
      "丁",
      "甲"
    ],
    "prosecutor_office": [

    ],
    "creditors": [

    ],
    "debtors": [

    ],
    "judicial_associate_officer": [

    ]
  },
  "adjudged_at": "2010-05-12",
  "created_at": "2016-01-05 12:02:59",
  "updated_at": "2016-01-05 12:02:59"
}