{
  "identify": "KSH-99-聲-523-20100512-1",
  "court": {
    "name": "臺灣高等法院",
    "code": "KSH"
  },
  "division": {
    "name": "刑事",
    "code": "M"
  },
  "year": 99,
  "word": "聲",
  "number": "523",
  "jcheck": "1",
  "reason": "聲請定其應執行刑",
  "content": "臺灣高等法院高雄分院刑事裁定           99年度聲字第523號\n聲  請  人  臺灣高等法院高雄分院檢察署檢察官\n受  刑  人      甲○○\n上列聲請人因受刑人數罪併罰有二裁判以上，聲請定其應執行之\n刑，本院裁定如下：\n    主  文\n甲○○因施用毒品等罪，分別處如附表所示之刑，應執行有期徒\n刑壹年肆月。\n    理  由\n受刑人甲○○因施用毒品等罪，經本院暨臺灣高雄地方法院先後\n判處如附表所示之刑，均經分別確定在案。茲檢察官聲請定其應\n執行之刑，本院審核認聲請為正當，應定其應執行之刑。爰依刑\n事訴訟法第477 條第1 項、刑法第53條、第51條第5 款，裁定如\n主文。\n中    華    民    國    99    年    5     月    12    日\n                  刑事第八庭    審判長法  官  洪兆隆\n                                      法  官  郭玫利\n                                      法  官  張盛喜\n以上正本證明與原本無異。\n不得抗告。\n中    華    民    國    99    年    5     月    12    日\n                                      書記官  黃一秋",
  "structure": {
    "main": "甲○○因施用毒品等罪，分別處如附表所示之刑，應執行有期徒\n刑壹年肆月。",
    "reason": "受刑人甲○○因施用毒品等罪，經本院暨臺灣高雄地方法院先後\n判處如附表所示之刑，均經分別確定在案。茲檢察官聲請定其應\n執行之刑，本院審核認聲請為正當，應定其應執行之刑。爰依刑\n事訴訟法第477 條第1 項、刑法第53條、第51條第5 款，裁定如\n主文。"
  },
  "characters": {
    "judges": [
      "洪兆隆",
      "郭玫利",
      "張盛喜"
    ],
    "prosecutors": [

    ],
    "lawyers": [

    ],
    "clerks": [

    ],
    "plaintiffs": [

    ],
    "defendants": [

    ],
    "prosecutor_office": [
      "臺灣高等法院高雄分院檢察署檢察官"
    ],
    "creditors": [

    ],
    "debtors": [

    ],
    "judicial_associate_officer": [

    ]
  },
  "adjudged_at": "2010-05-12",
  "created_at": "2016-01-05 12:01:33",
  "updated_at": "2016-01-05 12:01:33"
}