{
  "identify": "PCD-99-聲-2341-20100512-1",
  "court": {
    "name": "臺灣新北地方法院",
    "code": "PCD"
  },
  "division": {
    "name": "刑事",
    "code": "M"
  },
  "year": 99,
  "word": "聲",
  "number": "2341",
  "jcheck": "1",
  "reason": "假釋中交付保護管束",
  "content": "臺灣板橋地方法院刑事裁定              99年度聲字第2341號\n聲  請  人  臺灣板橋地方法院檢察署檢察官\n受  刑  人\n即  被  告  甲○○\n上列受刑人即被告因竊盜等案件，聲請人聲請假釋中交付保護管\n束（99年度執聲字第1553號），本院裁定如下：\n    主  文\n甲○○假釋中付保護管束。\n    理  由\n聲請意旨略以：受刑人甲○○因竊盜等案件，經本院於民國98年\n3 月25日以98年度聲字第1140號裁定定其應執行之刑為有期徒刑\n3 年8 月確定，並自96年11月30日開始執行。茲聲請人以受刑人\n業經法務部於99年5 月6 日核准假釋在案，依刑法第93條第2 項\n之規定，聲請於其假釋中付保護管束等情。本院審核有關文件，\n認聲請為正當，爰依刑事訴訟法第481 條第1 項、刑法第93條第\n2項 、第96條但書，裁定如主文。\n中    華    民    國    99    年    5     月    12    日\n                  刑事第十三庭  法  官  楊明佳\n以上正本證明與原本無誤\n如不服本裁定應於送達後5日內向本院提出抗告狀\n                                書記官  林金良\n中    華    民    國    99    年    5     月    12    日",
  "structure": {
    "main": "甲○○假釋中付保護管束。",
    "reason": "聲請意旨略以：受刑人甲○○因竊盜等案件，經本院於民國98年\n3 月25日以98年度聲字第1140號裁定定其應執行之刑為有期徒刑\n3 年8 月確定，並自96年11月30日開始執行。茲聲請人以受刑人\n業經法務部於99年5 月6 日核准假釋在案，依刑法第93條第2 項\n之規定，聲請於其假釋中付保護管束等情。本院審核有關文件，\n認聲請為正當，爰依刑事訴訟法第481 條第1 項、刑法第93條第\n2項 、第96條但書，裁定如主文。"
  },
  "characters": {
    "judges": [
      "楊明佳"
    ],
    "prosecutors": [

    ],
    "lawyers": [

    ],
    "clerks": [
      "林金良"
    ],
    "plaintiffs": [

    ],
    "defendants": [
      "甲"
    ],
    "prosecutor_office": [
      "臺灣板橋地方法院檢察署檢察官"
    ],
    "creditors": [

    ],
    "debtors": [

    ],
    "judicial_associate_officer": [

    ]
  },
  "adjudged_at": "2010-05-12",
  "created_at": "2016-01-05 12:24:07",
  "updated_at": "2016-01-05 12:24:07"
}