{
  "identify": "PCD-99-法-9-20100512-2",
  "court": {
    "name": "臺灣新北地方法院",
    "code": "PCD"
  },
  "division": {
    "name": "民事",
    "code": "V"
  },
  "year": 99,
  "word": "法",
  "number": "9",
  "jcheck": "2",
  "reason": "選任臨時管理人",
  "content": "臺灣板橋地方法院民事裁定                 99年度法字第9號\n聲  請  人  財政部臺灣省北區國稅局新莊稽徵所\n法定代理人  甲○○\n上列當事人聲請為相對人晢菱科技股份有限公司選任臨時管理人\n事件，本院於民國99年3月16日所為之裁定，應更正如下：\n    主  文\n原裁定正本之案由欄、主文欄及理由欄中關於「哲菱科技股份有\n限公司」之記載，應更正為「晢菱科技股份有限公司」。\n    理  由\n一、按判決如有誤寫、誤算或其他類此之顯然錯誤者，法院得隨\n    時或依聲請以裁定更正之，其正本與原本不符者亦同，民事\n    訴訟法第232條第1項定有明文。此於非訟事件裁定亦準用之\n    ，非訟事件法第36條第3項亦定有明文。\n二、查本院前開之裁定有如主文所示之顯然錯誤，應予更正。\n三、依首開規定裁定如主文。\n中    華    民    國    99    年    5     月    12    日\n                  民事第三庭    法  官  朱耀平\n以上正本證明與原本無異\n如不服本裁定應於送達後10日內向本院提出抗告狀，並應繳納抗\n告費新台幣1000元整。\n中    華    民    國    99    年    5     月    12    日\n                                書記官  陳淑芳",
  "structure": {
    "main": "原裁定正本之案由欄、主文欄及理由欄中關於「哲菱科技股份有\n限公司」之記載，應更正為「晢菱科技股份有限公司」。",
    "reason": "一、按判決如有誤寫、誤算或其他類此之顯然錯誤者，法院得隨\n    時或依聲請以裁定更正之，其正本與原本不符者亦同，民事\n    訴訟法第232條第1項定有明文。此於非訟事件裁定亦準用之\n    ，非訟事件法第36條第3項亦定有明文。\n二、查本院前開之裁定有如主文所示之顯然錯誤，應予更正。\n三、依首開規定裁定如主文。"
  },
  "characters": {
    "judges": [
      "朱耀平"
    ],
    "prosecutors": [

    ],
    "lawyers": [

    ],
    "clerks": [

    ],
    "plaintiffs": [

    ],
    "defendants": [

    ],
    "prosecutor_office": [
      "財政部臺灣省北區國稅局新莊稽徵所"
    ],
    "creditors": [

    ],
    "debtors": [

    ],
    "judicial_associate_officer": [

    ]
  },
  "adjudged_at": "2010-05-12",
  "created_at": "2016-01-05 12:28:55",
  "updated_at": "2016-01-05 12:28:55"
}