{
  "identify": "PCD-99-簡-4071-20100512-1",
  "court": {
    "name": "臺灣新北地方法院",
    "code": "PCD"
  },
  "division": {
    "name": "刑事",
    "code": "M"
  },
  "year": 99,
  "word": "簡",
  "number": "4071",
  "jcheck": "1",
  "reason": "賭博",
  "content": "臺灣板橋地方法院刑事簡易判決          99年度簡字第4071號\n聲  請  人  臺灣板橋地方法院檢察署檢察官\n被      告  甲○○\n上列被告因賭博案件，經檢察官聲請簡易判決處刑（99年度偵字\n第10304號），本院判決如下：\n    主  文\n甲○○在公眾得出入之場所賭博財物，處罰金新臺幣壹萬元，如\n易服勞役，以新臺幣壹仟元折算壹日。\n    事實及理由\n一、本件犯罪事實、證據，除犯罪事實欄第13行「公開網站」前\n    補充「公眾得出入之」外，均引用如附件檢察官聲請簡易判\n    決處刑書之記載。\n二、核被告甲○○所為，係犯刑法第266 條第1 項後段之在公眾\n    得出入之場所賭博財物罪（聲請書誤載為公共場所）。又被\n    告數次賭博之行為，於自然意義上固屬數行為，惟均係在密\n    接之時、地所為，各行為間之獨立性極為薄弱，顯係基於同\n    一賭博犯意，依一般社會健全觀念難以強行分離，應認均係\n    基於單一犯意接續所為，而包括於一行為予以評價，並均論\n    以接續犯之一罪。爰審酌被告之素行（見卷附臺灣高等法院\n    被告前案紀錄表1 份）、犯罪之動機、目的、手段，賭博行\n    為助長投機僥倖風氣，對社會善良風俗所肇危害，兼衡被告\n    犯後坦承犯行之態度等一切情狀，量處如主文所示之刑，並\n    諭知易服勞役之折算標準。至被告為前揭犯行所用之電腦1\n    組並未扣案，遍查全卷既無證據資料足資證明前開物品仍現\n    實存在，又該物品亦非屬違禁物或本院應義務沒收之物，故\n    為免造成執行困難，爰不予宣告沒收，附此敘明。\n三、依刑事訴訟法第449 條第1 項前段、第3 項、第454 條第2\n    項，刑法第266 條第1 項後段、第42條第3 項，刑法施行法\n    第1 條之1 第1 項、第2 項前段，逕以簡易判決處刑如主文\n    。\n四、如不服本判決，得自收受送達之日起10日內向本院提出上訴\n    狀，上訴於本院第二審合議庭（須附繕本）。\n中    華    民    國    99    年    5     月    12    日\n                  刑事第二十二庭  法  官   傅明華\n上列正本證明與原本無異。\n                                  書記官   張玫玲\n中    華    民    國    99    年    5     月    13    日\n附錄本案論罪科刑法條全文：\n中華民國刑法第266條\n在公共場所或公眾得出入之場所賭博財物者，處 1 千元以下罰金\n。但以供人暫時娛樂之物為賭者，不在此限。\n當場賭博之器具與在賭檯或兌換籌碼處之財物，不問屬於犯人與\n否，沒收之。",
  "structure": {
    "main": "甲○○在公眾得出入之場所賭博財物，處罰金新臺幣壹萬元，如\n易服勞役，以新臺幣壹仟元折算壹日。",
    "fact": "一、本件犯罪事實、證據，除犯罪事實欄第13行「公開網站」前\n    補充「公眾得出入之」外，均引用如附件檢察官聲請簡易判\n    決處刑書之記載。\n二、核被告甲○○所為，係犯刑法第266 條第1 項後段之在公眾\n    得出入之場所賭博財物罪（聲請書誤載為公共場所）。又被\n    告數次賭博之行為，於自然意義上固屬數行為，惟均係在密\n    接之時、地所為，各行為間之獨立性極為薄弱，顯係基於同\n    一賭博犯意，依一般社會健全觀念難以強行分離，應認均係\n    基於單一犯意接續所為，而包括於一行為予以評價，並均論\n    以接續犯之一罪。爰審酌被告之素行（見卷附臺灣高等法院\n    被告前案紀錄表1 份）、犯罪之動機、目的、手段，賭博行\n    為助長投機僥倖風氣，對社會善良風俗所肇危害，兼衡被告\n    犯後坦承犯行之態度等一切情狀，量處如主文所示之刑，並\n    諭知易服勞役之折算標準。至被告為前揭犯行所用之電腦1\n    組並未扣案，遍查全卷既無證據資料足資證明前開物品仍現\n    實存在，又該物品亦非屬違禁物或本院應義務沒收之物，故\n    為免造成執行困難，爰不予宣告沒收，附此敘明。\n三、依刑事訴訟法第449 條第1 項前段、第3 項、第454 條第2\n    項，刑法第266 條第1 項後段、第42條第3 項，刑法施行法\n    第1 條之1 第1 項、第2 項前段，逕以簡易判決處刑如主文\n    。\n四、如不服本判決，得自收受送達之日起10日內向本院提出上訴\n    狀，上訴於本院第二審合議庭（須附繕本）。",
    "reason": "一、本件犯罪事實、證據，除犯罪事實欄第13行「公開網站」前\n    補充「公眾得出入之」外，均引用如附件檢察官聲請簡易判\n    決處刑書之記載。\n二、核被告甲○○所為，係犯刑法第266 條第1 項後段之在公眾\n    得出入之場所賭博財物罪（聲請書誤載為公共場所）。又被\n    告數次賭博之行為，於自然意義上固屬數行為，惟均係在密\n    接之時、地所為，各行為間之獨立性極為薄弱，顯係基於同\n    一賭博犯意，依一般社會健全觀念難以強行分離，應認均係\n    基於單一犯意接續所為，而包括於一行為予以評價，並均論\n    以接續犯之一罪。爰審酌被告之素行（見卷附臺灣高等法院\n    被告前案紀錄表1 份）、犯罪之動機、目的、手段，賭博行\n    為助長投機僥倖風氣，對社會善良風俗所肇危害，兼衡被告\n    犯後坦承犯行之態度等一切情狀，量處如主文所示之刑，並\n    諭知易服勞役之折算標準。至被告為前揭犯行所用之電腦1\n    組並未扣案，遍查全卷既無證據資料足資證明前開物品仍現\n    實存在，又該物品亦非屬違禁物或本院應義務沒收之物，故\n    為免造成執行困難，爰不予宣告沒收，附此敘明。\n三、依刑事訴訟法第449 條第1 項前段、第3 項、第454 條第2\n    項，刑法第266 條第1 項後段、第42條第3 項，刑法施行法\n    第1 條之1 第1 項、第2 項前段，逕以簡易判決處刑如主文\n    。\n四、如不服本判決，得自收受送達之日起10日內向本院提出上訴\n    狀，上訴於本院第二審合議庭（須附繕本）。"
  },
  "characters": {
    "judges": [
      "傅明華"
    ],
    "prosecutors": [

    ],
    "lawyers": [

    ],
    "clerks": [
      "張玫玲"
    ],
    "plaintiffs": [

    ],
    "defendants": [
      "甲○○"
    ],
    "prosecutor_office": [
      "臺灣板橋地方法院檢察署檢察官"
    ],
    "creditors": [

    ],
    "debtors": [

    ],
    "judicial_associate_officer": [

    ]
  },
  "adjudged_at": "2010-05-12",
  "created_at": "2016-01-05 12:26:03",
  "updated_at": "2016-01-05 12:26:03"
}