{
  "identify": "PCD-99-簡-4066-20100512-1",
  "court": {
    "name": "臺灣新北地方法院",
    "code": "PCD"
  },
  "division": {
    "name": "刑事",
    "code": "M"
  },
  "year": 99,
  "word": "簡",
  "number": "4066",
  "jcheck": "1",
  "reason": "賭博",
  "content": "臺灣板橋地方法院刑事簡易判決          99年度簡字第4066號\n聲  請  人  臺灣板橋地方法院檢察署檢察官\n被      告  甲○○\n上列被告因違反電子遊戲場業管理條例等案件，經檢察官聲請以\n簡易判決處刑（99年度偵字第9252號），本院判決如下：\n    主  文\n甲○○犯電子遊戲場業管理條例第二十二條之非法營業罪，處拘\n役拾日，如易科罰金，以新臺幣壹仟元折算壹日。扣案之新臺\n幣貳拾元、電子遊戲機「小瑪莉」壹台（含IC板壹片）均沒收。\n    事實及理由\n一、本件犯罪事實及證據，除犯罪事實欄一第3 行「其明知未依\n    電子遊戲場業管理條例規定辦理營利事業登記證者，不得經\n    營電子遊戲場業」更正為「其明知未依電子遊戲場業管理條\n    例規定領有電子遊戲場業營業級別證者，不得經營電子遊戲\n    場業」外，其餘均引用如附件檢察官聲請簡易判決處刑書之\n    記載。\n二、查電子遊戲場業管理條例第15條規定，未依本條例規定領有\n    電子遊戲場業營業級別證者，不得經營電子遊戲場業。被告\n    甲○○未依上開規定領有電子遊戲場業營業級別證，即經營\n    電子遊戲場業而與人賭博財物，核其所為，係犯電子遊戲場\n    業管理條例第22條之非法營業罪，及刑法第266 條第1 項前\n    段之在公眾得出入之場所賭博財物罪。再按刑事法若干犯罪\n    行為態樣，本質上原具有反覆、延續實行之特徵，立法時既\n    予特別歸類，定為犯罪構成要件之行為要素，則行為人基於\n    概括之犯意，在密切接近之一定時、地持續實行之複次行為\n    ，倘依社會通念，於客觀上認為符合一個反覆、延續性之行\n    為觀念者，於刑法評價上，即應僅成立一罪。學理上所稱「\n    集合犯」之職業性、營業性或收集性等具有重複特質之犯罪\n    均屬之，例如經營、從事業務、收集、販賣、製造、散布等\n    行為概念者是（最高法院95年度臺上字第1079號判決要旨參\n    照）。查被告自民國99年1 月8 日某時起至同年3 月8 日22\n    時6 分許為警查獲時止，在前揭地點經營電子遊戲場業，同\n    時觸犯在公眾得出入之場所賭博財物罪，本即具有反覆實施\n    之性質，自係屬於上開「集合犯」之概念，而僅構成單一之\n    犯罪。又被告以一行為觸犯上開二罪名，為想像競合犯，應\n    依刑法第55條之規定，從一重之違法經營電子遊戲場業罪處\n    斷。爰審酌被告未依電子遊戲場業管理條例規定，領有電子\n    遊戲場業營業級別證，即於公眾得出入之場所擺設賭博性電\n    子遊戲機檯供人把玩，助長社會不良之賭博風氣；並兼衡其\n    所查扣機檯之數量、賭資數額、暨其犯罪之動機、目的、手\n    段、犯罪所生危害等一切情狀，量處如主文所示之刑，並諭\n    知易科罰金之折算標準，以示懲儆。扣案之電子遊戲機「小\n    瑪莉」1 台（含IC板1 片）係當場賭博之器具；新臺幣20元\n    係在賭檯處之財物，不問屬於犯人與否，均應依刑法第266\n    條第2 項規定，併予宣告沒收。\n三、依刑事訴訟法第449 條第1 項前段、第3 項、第454 條第2\n    項、第450 條第1 項，電子遊戲場業管理條例第15條、第22\n    條，刑法第11條前段、第266 條第1 項前段、第2 項、第55\n    條、第41條第1 項前段，刑法施行法第1 條之1 第1 項、第\n    2 項前段，逕以簡易判決處刑如主文。\n四、如不服本判決，得自收受送達之日起10日內向本院提出上訴\n    狀，上訴於本院第二審合議庭（須附膳本）。\n中    華    民    國    99    年    5     月    12    日\n                  刑事第二十二庭  法  官    曹 惠 玲\n上列正本證明與原本無異。\n                                  書記官    許 育 菁\n中    華    民    國    99    年    5     月    14    日\n附錄本案論罪科刑法條全文：\n    中華民國刑法第266條（普通賭博罪與沒收物）\n在公共場所或公眾得出入之場所賭博財物者，處1 千元以下罰金\n。但以供人暫時娛樂之物為賭者，不在此限。\n當場賭博之器具與在賭檯或兌換籌碼處之財物，不問屬於犯人與\n否，沒收之。\n    電子遊戲場業管理條例第15條\n未依本條例規定領有電子遊戲場業營業級別證者，不得經營電子\n遊戲場業。\n    電子遊戲場業管理條例第22條\n違反第15條規定者，處行為人1 年以下有期徒刑、拘役或科或併\n科新台幣50萬元以上250萬元以下罰金。",
  "structure": {
    "main": "甲○○犯電子遊戲場業管理條例第二十二條之非法營業罪，處拘\n役拾日，如易科罰金，以新臺幣壹仟元折算壹日。扣案之新臺\n幣貳拾元、電子遊戲機「小瑪莉」壹台（含IC板壹片）均沒收。",
    "fact": "一、本件犯罪事實及證據，除犯罪事實欄一第3 行「其明知未依\n    電子遊戲場業管理條例規定辦理營利事業登記證者，不得經\n    營電子遊戲場業」更正為「其明知未依電子遊戲場業管理條\n    例規定領有電子遊戲場業營業級別證者，不得經營電子遊戲\n    場業」外，其餘均引用如附件檢察官聲請簡易判決處刑書之\n    記載。\n二、查電子遊戲場業管理條例第15條規定，未依本條例規定領有\n    電子遊戲場業營業級別證者，不得經營電子遊戲場業。被告\n    甲○○未依上開規定領有電子遊戲場業營業級別證，即經營\n    電子遊戲場業而與人賭博財物，核其所為，係犯電子遊戲場\n    業管理條例第22條之非法營業罪，及刑法第266 條第1 項前\n    段之在公眾得出入之場所賭博財物罪。再按刑事法若干犯罪\n    行為態樣，本質上原具有反覆、延續實行之特徵，立法時既\n    予特別歸類，定為犯罪構成要件之行為要素，則行為人基於\n    概括之犯意，在密切接近之一定時、地持續實行之複次行為\n    ，倘依社會通念，於客觀上認為符合一個反覆、延續性之行\n    為觀念者，於刑法評價上，即應僅成立一罪。學理上所稱「\n    集合犯」之職業性、營業性或收集性等具有重複特質之犯罪\n    均屬之，例如經營、從事業務、收集、販賣、製造、散布等\n    行為概念者是（最高法院95年度臺上字第1079號判決要旨參\n    照）。查被告自民國99年1 月8 日某時起至同年3 月8 日22\n    時6 分許為警查獲時止，在前揭地點經營電子遊戲場業，同\n    時觸犯在公眾得出入之場所賭博財物罪，本即具有反覆實施\n    之性質，自係屬於上開「集合犯」之概念，而僅構成單一之\n    犯罪。又被告以一行為觸犯上開二罪名，為想像競合犯，應\n    依刑法第55條之規定，從一重之違法經營電子遊戲場業罪處\n    斷。爰審酌被告未依電子遊戲場業管理條例規定，領有電子\n    遊戲場業營業級別證，即於公眾得出入之場所擺設賭博性電\n    子遊戲機檯供人把玩，助長社會不良之賭博風氣；並兼衡其\n    所查扣機檯之數量、賭資數額、暨其犯罪之動機、目的、手\n    段、犯罪所生危害等一切情狀，量處如主文所示之刑，並諭\n    知易科罰金之折算標準，以示懲儆。扣案之電子遊戲機「小\n    瑪莉」1 台（含IC板1 片）係當場賭博之器具；新臺幣20元\n    係在賭檯處之財物，不問屬於犯人與否，均應依刑法第266\n    條第2 項規定，併予宣告沒收。\n三、依刑事訴訟法第449 條第1 項前段、第3 項、第454 條第2\n    項、第450 條第1 項，電子遊戲場業管理條例第15條、第22\n    條，刑法第11條前段、第266 條第1 項前段、第2 項、第55\n    條、第41條第1 項前段，刑法施行法第1 條之1 第1 項、第\n    2 項前段，逕以簡易判決處刑如主文。\n四、如不服本判決，得自收受送達之日起10日內向本院提出上訴\n    狀，上訴於本院第二審合議庭（須附膳本）。",
    "reason": "一、本件犯罪事實及證據，除犯罪事實欄一第3 行「其明知未依\n    電子遊戲場業管理條例規定辦理營利事業登記證者，不得經\n    營電子遊戲場業」更正為「其明知未依電子遊戲場業管理條\n    例規定領有電子遊戲場業營業級別證者，不得經營電子遊戲\n    場業」外，其餘均引用如附件檢察官聲請簡易判決處刑書之\n    記載。\n二、查電子遊戲場業管理條例第15條規定，未依本條例規定領有\n    電子遊戲場業營業級別證者，不得經營電子遊戲場業。被告\n    甲○○未依上開規定領有電子遊戲場業營業級別證，即經營\n    電子遊戲場業而與人賭博財物，核其所為，係犯電子遊戲場\n    業管理條例第22條之非法營業罪，及刑法第266 條第1 項前\n    段之在公眾得出入之場所賭博財物罪。再按刑事法若干犯罪\n    行為態樣，本質上原具有反覆、延續實行之特徵，立法時既\n    予特別歸類，定為犯罪構成要件之行為要素，則行為人基於\n    概括之犯意，在密切接近之一定時、地持續實行之複次行為\n    ，倘依社會通念，於客觀上認為符合一個反覆、延續性之行\n    為觀念者，於刑法評價上，即應僅成立一罪。學理上所稱「\n    集合犯」之職業性、營業性或收集性等具有重複特質之犯罪\n    均屬之，例如經營、從事業務、收集、販賣、製造、散布等\n    行為概念者是（最高法院95年度臺上字第1079號判決要旨參\n    照）。查被告自民國99年1 月8 日某時起至同年3 月8 日22\n    時6 分許為警查獲時止，在前揭地點經營電子遊戲場業，同\n    時觸犯在公眾得出入之場所賭博財物罪，本即具有反覆實施\n    之性質，自係屬於上開「集合犯」之概念，而僅構成單一之\n    犯罪。又被告以一行為觸犯上開二罪名，為想像競合犯，應\n    依刑法第55條之規定，從一重之違法經營電子遊戲場業罪處\n    斷。爰審酌被告未依電子遊戲場業管理條例規定，領有電子\n    遊戲場業營業級別證，即於公眾得出入之場所擺設賭博性電\n    子遊戲機檯供人把玩，助長社會不良之賭博風氣；並兼衡其\n    所查扣機檯之數量、賭資數額、暨其犯罪之動機、目的、手\n    段、犯罪所生危害等一切情狀，量處如主文所示之刑，並諭\n    知易科罰金之折算標準，以示懲儆。扣案之電子遊戲機「小\n    瑪莉」1 台（含IC板1 片）係當場賭博之器具；新臺幣20元\n    係在賭檯處之財物，不問屬於犯人與否，均應依刑法第266\n    條第2 項規定，併予宣告沒收。\n三、依刑事訴訟法第449 條第1 項前段、第3 項、第454 條第2\n    項、第450 條第1 項，電子遊戲場業管理條例第15條、第22\n    條，刑法第11條前段、第266 條第1 項前段、第2 項、第55\n    條、第41條第1 項前段，刑法施行法第1 條之1 第1 項、第\n    2 項前段，逕以簡易判決處刑如主文。\n四、如不服本判決，得自收受送達之日起10日內向本院提出上訴\n    狀，上訴於本院第二審合議庭（須附膳本）。"
  },
  "characters": {
    "judges": [
      "曹惠玲"
    ],
    "prosecutors": [

    ],
    "lawyers": [

    ],
    "clerks": [
      "許育菁"
    ],
    "plaintiffs": [

    ],
    "defendants": [
      "甲○○"
    ],
    "prosecutor_office": [
      "臺灣板橋地方法院檢察署檢察官"
    ],
    "creditors": [

    ],
    "debtors": [

    ],
    "judicial_associate_officer": [

    ]
  },
  "adjudged_at": "2010-05-12",
  "created_at": "2016-01-05 12:24:29",
  "updated_at": "2016-01-05 12:24:29"
}