{
  "identify": "PCD-99-聲-2294-20100512-1",
  "court": {
    "name": "臺灣新北地方法院",
    "code": "PCD"
  },
  "division": {
    "name": "刑事",
    "code": "M"
  },
  "year": 99,
  "word": "聲",
  "number": "2294",
  "jcheck": "1",
  "reason": "定其應執行刑",
  "content": "臺灣板橋地方法院刑事裁定              99年度聲字第2294號\n聲  請  人  臺灣板橋地方法院檢察署檢察官\n被  告  即\n受  刑  人  甲○○\n上列受刑人因違反毒品危害防制條例案件，先後判決確定如附表\n所載，聲請人聲請定其應執行刑（99年度執聲字第1471號），本\n院裁定如下：\n    主  文\n甲○○因犯如附表編號第1 至12號所載之罪，所處如附表編號第\n1 至12號所載之刑，應執行有期徒刑拾壹年肆月。又因犯如附表\n編號第13至15號所載之罪，所處如附表編號第13至15號所載之刑\n，應執行有期徒刑壹年參月。\n    理  由\n一、聲請意旨略以：受刑人因違反毒品危害防制條例案件，先後\n    經判決確定如附表，應依刑法第53條、第51條第5 款規定，\n    定其應執行之刑，爰依刑事訴訟法第477 條第1 項聲請裁定\n    等語。\n二、按裁判確定前犯數罪者，併合處罰之；數罪併罰，有2 裁判\n    以上者，依刑法第51條規定，定其應執行刑，刑法第50、53\n    條定有明文。本案受刑人甲○○因違反毒品危害防制條例案\n    件，經本院先後判處如附表所示之刑後，均已確定在案，有\n    臺灣高等法院被告前案紀錄表及如附表所示判決書各1 份附\n    卷可稽，其中附表編號第1 至12號所載各罪，均係在編號第\n    1 號所載犯罪判決確定前所為，而附表編號第13至15號所載\n    各罪，均係在編號第13號所載犯罪判決確定前所為，分別符\n    合數罪併罰之要件，故檢察官聲請定其應執行之刑，本院審\n    核認聲請為正當，爰就附表編號第1 至12號所載之罪，及附\n    表編號第13至15號所載之罪，分別定其應執行之刑，並依刑\n    事訴訟法第477 條第1 項，刑法第53條、第51條第5 款，裁\n    定如主文。\n中    華    民    國    99    年    5     月    12    日\n                  刑事第十三庭  法  官  楊明佳\n以上正本證明與原本無異\n如不服本裁定應於送達後5日內向本院提出抗告狀\n                                書記官  林金良\n中    華    民    國    99    年    5     月    12    日",
  "structure": {
    "main": "甲○○因犯如附表編號第1 至12號所載之罪，所處如附表編號第\n1 至12號所載之刑，應執行有期徒刑拾壹年肆月。又因犯如附表\n編號第13至15號所載之罪，所處如附表編號第13至15號所載之刑\n，應執行有期徒刑壹年參月。",
    "reason": "一、聲請意旨略以：受刑人因違反毒品危害防制條例案件，先後\n    經判決確定如附表，應依刑法第53條、第51條第5 款規定，\n    定其應執行之刑，爰依刑事訴訟法第477 條第1 項聲請裁定\n    等語。\n二、按裁判確定前犯數罪者，併合處罰之；數罪併罰，有2 裁判\n    以上者，依刑法第51條規定，定其應執行刑，刑法第50、53\n    條定有明文。本案受刑人甲○○因違反毒品危害防制條例案\n    件，經本院先後判處如附表所示之刑後，均已確定在案，有\n    臺灣高等法院被告前案紀錄表及如附表所示判決書各1 份附\n    卷可稽，其中附表編號第1 至12號所載各罪，均係在編號第\n    1 號所載犯罪判決確定前所為，而附表編號第13至15號所載\n    各罪，均係在編號第13號所載犯罪判決確定前所為，分別符\n    合數罪併罰之要件，故檢察官聲請定其應執行之刑，本院審\n    核認聲請為正當，爰就附表編號第1 至12號所載之罪，及附\n    表編號第13至15號所載之罪，分別定其應執行之刑，並依刑\n    事訴訟法第477 條第1 項，刑法第53條、第51條第5 款，裁\n    定如主文。"
  },
  "characters": {
    "judges": [
      "楊明佳"
    ],
    "prosecutors": [

    ],
    "lawyers": [

    ],
    "clerks": [
      "林金良"
    ],
    "plaintiffs": [

    ],
    "defendants": [
      "即",
      "受  刑  人  甲○○"
    ],
    "prosecutor_office": [
      "臺灣板橋地方法院檢察署檢察官"
    ],
    "creditors": [

    ],
    "debtors": [

    ],
    "judicial_associate_officer": [

    ]
  },
  "adjudged_at": "2010-05-12",
  "created_at": "2016-01-05 12:23:53",
  "updated_at": "2016-01-05 12:23:53"
}