{
  "identify": "PCD-99-易-817-20100512-1",
  "court": {
    "name": "臺灣新北地方法院",
    "code": "PCD"
  },
  "division": {
    "name": "刑事",
    "code": "M"
  },
  "year": 99,
  "word": "易",
  "number": "817",
  "jcheck": "1",
  "reason": "詐欺",
  "content": "臺灣板橋地方法院刑事裁定               99年度易字第817號\n公  訴  人  臺灣板橋地方法院檢察署檢察官\n被      告  甲○○\n上列被告因詐欺案件，前經辯論終結，茲因尚有應行調查之處，\n應再開本件辯論，特此裁定。\n中    華    民    國    99    年    5     月    12    日\n                  刑事第十三庭  法  官  王士珮\n以上正本證明與原本無異\n                                書記官  金和國\n中    華    民    國    99    年    5     月    12    日",
  "structure": {
  },
  "characters": {
    "judges": [
      "王士珮"
    ],
    "prosecutors": [

    ],
    "lawyers": [

    ],
    "clerks": [
      "金和國"
    ],
    "plaintiffs": [

    ],
    "defendants": [
      "甲○○"
    ],
    "prosecutor_office": [
      "臺灣板橋地方法院檢察署檢察官"
    ],
    "creditors": [

    ],
    "debtors": [

    ],
    "judicial_associate_officer": [

    ]
  },
  "adjudged_at": "2010-05-12",
  "created_at": "2016-01-05 12:25:05",
  "updated_at": "2016-01-05 12:25:05"
}