{
  "identify": "PCD-99-聲-2268-20100512-1",
  "court": {
    "name": "臺灣新北地方法院",
    "code": "PCD"
  },
  "division": {
    "name": "刑事",
    "code": "M"
  },
  "year": 99,
  "word": "聲",
  "number": "2268",
  "jcheck": "1",
  "reason": "沒入保證金",
  "content": "臺灣板橋地方法院刑事裁定              99年度聲字第2268號\n聲  請  人  臺灣板橋地方法院檢察署檢察官\n具  保  人  乙○○\n被      告  甲○○\n上列具保人因被告違反毒品危害防制條例案件而繳納保證金，聲\n請人聲請沒入該保證金（99年度執聲沒字第286 號），本院裁定\n如下：\n    主  文\n乙○○繳納之保證金新臺幣壹萬元沒入之。\n    理  由\n一、按具保之被告逃匿者，應命具保人繳納指定之保證金額，並\n    沒入之。不繳納者，強制執行。保證金已繳納者，沒入之；\n    又前開沒入保證金，以法院裁定行之，刑事訴訟法第118 條\n    第1 項、第121 條第1 項分別定有明文。\n二、查具保人乙○○因被告甲○○違反毒品危害防制條例案件，\n    經依臺灣板橋地方法院檢察署檢察官之指定，繳交保證金額\n    新臺幣1 萬元保證後，被告業獲釋放。茲因該被告於臺灣板\n    橋地方法院檢察署99年度執字第1096號案件執行時逃匿，有\n    處分保證金處理查詢系統列印表、法務部戶役政連結作業系\n    統查詢資料2 份、執行傳票之送達證書1 份、通知具保人帶\n    同被告遵期接受執行之通知書及其送達證書各1 份、拘票暨\n    拘提報告各1 份等附卷可稽，且被告迄今仍逃匿中尚未到案\n    執行一節，亦經本院依職權查證屬實，有臺灣高等法院在監\n    在押全國紀錄表在卷可參。從而，揆諸前揭說明，自應將原\n    繳納上開保證金沒入。\n三、依刑事訴訟法第118 條第1 項、第121 條第1 項，裁定如主\n    文。\n中    華    民    國    99    年    5     月    12    日\n                  刑事第十三庭  法  官  楊明佳\n上列正本證明與原本無異。\n如不服本裁定，應於裁定送達後五日內向本院提出抗告狀。\n                                書記官  林金良\n中    華    民    國    99    年    5     月    12    日",
  "structure": {
    "main": "乙○○繳納之保證金新臺幣壹萬元沒入之。",
    "reason": "一、按具保之被告逃匿者，應命具保人繳納指定之保證金額，並\n    沒入之。不繳納者，強制執行。保證金已繳納者，沒入之；\n    又前開沒入保證金，以法院裁定行之，刑事訴訟法第118 條\n    第1 項、第121 條第1 項分別定有明文。\n二、查具保人乙○○因被告甲○○違反毒品危害防制條例案件，\n    經依臺灣板橋地方法院檢察署檢察官之指定，繳交保證金額\n    新臺幣1 萬元保證後，被告業獲釋放。茲因該被告於臺灣板\n    橋地方法院檢察署99年度執字第1096號案件執行時逃匿，有\n    處分保證金處理查詢系統列印表、法務部戶役政連結作業系\n    統查詢資料2 份、執行傳票之送達證書1 份、通知具保人帶\n    同被告遵期接受執行之通知書及其送達證書各1 份、拘票暨\n    拘提報告各1 份等附卷可稽，且被告迄今仍逃匿中尚未到案\n    執行一節，亦經本院依職權查證屬實，有臺灣高等法院在監\n    在押全國紀錄表在卷可參。從而，揆諸前揭說明，自應將原\n    繳納上開保證金沒入。\n三、依刑事訴訟法第118 條第1 項、第121 條第1 項，裁定如主\n    文。"
  },
  "characters": {
    "judges": [
      "楊明佳"
    ],
    "prosecutors": [

    ],
    "lawyers": [

    ],
    "clerks": [
      "林金良"
    ],
    "plaintiffs": [

    ],
    "defendants": [
      "甲○○"
    ],
    "prosecutor_office": [
      "臺灣板橋地方法院檢察署檢察官"
    ],
    "creditors": [

    ],
    "debtors": [

    ],
    "judicial_associate_officer": [

    ]
  },
  "adjudged_at": "2010-05-12",
  "created_at": "2016-01-05 12:23:48",
  "updated_at": "2016-01-05 12:23:48"
}