{
  "identify": "PCD-99-簡-2658-20100512-1",
  "court": {
    "name": "臺灣新北地方法院",
    "code": "PCD"
  },
  "division": {
    "name": "刑事",
    "code": "M"
  },
  "year": 99,
  "word": "簡",
  "number": "2658",
  "jcheck": "1",
  "reason": "毒品危害防制條例",
  "content": "臺灣板橋地方法院刑事簡易判決\n聲  請  人  臺灣板橋地方法院檢察署檢察官\n被      告  甲○○\n上列被告因毒品危害防制條例案件，經檢察官聲請以簡易判決處\n刑（99年度毒偵字第464號），本院判決如下：\n    主  文\n甲○○施用第二級毒品，累犯，處有期徒刑肆月，如易科罰金，\n以新臺幣壹仟元折算壹日。扣案之甲基安非他命貳包（驗餘淨重\n分別為零點零伍伍捌公克、零點零參參捌公克）均沒收銷燬；盛\n裝上開甲基安非他命之包裝袋貳個均沒收。\n    事實及理由\n一、本件犯罪事實及證據，除證據部分應增加「交通部民用航空\n    局航空醫務中心99年2 月3 日航藥鑑字第0990589 號毒品鑑\n    定書」等語外，餘均引用如附件檢察官聲請簡易判決處刑書\n    之記載。\n二、按甲基安非他命為毒品危害防制條例第2條第2項第2 款明定\n    之第二級毒品，核被告甲○○施用第二級毒品甲基安非他命\n    之行為，係犯毒品危害防制條例第10條第2項之施用第二級\n    毒品罪。其施用第二級毒品前後，持有第二級毒品之低度行\n    為，為施用之高度行為所吸收，不另論罪。又被告前有如聲\n    請簡易判決處刑書所載之犯罪科刑及有期徒刑執行完畢紀錄\n    ，有臺灣高等法院被告前案紀錄表1 件在卷可稽，其於受有\n    期徒刑執行完畢5 年內，故意再犯本件有期徒刑以上之罪，\n    為累犯，應依法加重其刑。爰審酌被告前有施用毒品前科，\n    有臺灣高等法院被告前案紀錄表乙份在卷可佐，仍不能戒除\n    毒癮，再次漠視法令而犯本罪，惟其施用毒品所生之危害，\n    實以自戕身心健康為主，對於他人生命、身體、財產等法益\n    ，尚無明顯而重大之實害，兼衡其犯罪之動機、目的、手段\n    ，犯罪後坦承犯行之態度等一切情狀，量處如主文所示之刑\n    ，並諭知易科罰金之折算標準，以示懲儆。\n三、扣案之第二級毒品甲基安非他命2 包（驗餘淨重分別為\n    0.0558公克、0.0338公克），爰依毒品危害防制條例第18條\n    第1 項前段規定，併予宣告沒收銷燬；至盛裝上開甲基安非\n    他命之包裝袋2 個，係用於包裹毒品，防其裸露、潮濕，便\n    於持有、攜帶施用，為供本件犯罪所用之物，且係被告所有\n    ，業據其供述明確，爰依刑法第38條第1 項第2 款之規定，\n    併予宣告沒收。\n四、依刑事訴訟法第449條第1項前段、第3項、第454條第2 項、\n    第450條第1項，毒品危害防制條例第10條第2項、第18條第1\n    項前段，刑法第11條前段、第47條第1項、第41條第1項前段\n    、第38條第1項第2款，逕以簡易判決處刑如主文。\n五、如不服本判決，得自收受送達之翌日起10日內向本院提出上\n    訴狀，上訴於本院第二審合議庭（須附繕本）。\n中    華    民    國    99    年    5     月    12    日\n                  刑事第二十二庭  法  官  侯  志  融\n上列正本證明與原本無異。\n                                  書記官  林  伶  芳\n中    華    民    國    99    年    5     月    12    日\n附錄本案論罪科刑法條全文：\n毒品危害防制條例第10條\n施用第一級毒品者，處6月以上5年以下有期徒刑。\n施用第二級毒品者，處3年以下有期徒刑。",
  "structure": {
    "main": "甲○○施用第二級毒品，累犯，處有期徒刑肆月，如易科罰金，\n以新臺幣壹仟元折算壹日。扣案之甲基安非他命貳包（驗餘淨重\n分別為零點零伍伍捌公克、零點零參參捌公克）均沒收銷燬；盛\n裝上開甲基安非他命之包裝袋貳個均沒收。",
    "fact": "一、本件犯罪事實及證據，除證據部分應增加「交通部民用航空\n    局航空醫務中心99年2 月3 日航藥鑑字第0990589 號毒品鑑\n    定書」等語外，餘均引用如附件檢察官聲請簡易判決處刑書\n    之記載。\n二、按甲基安非他命為毒品危害防制條例第2條第2項第2 款明定\n    之第二級毒品，核被告甲○○施用第二級毒品甲基安非他命\n    之行為，係犯毒品危害防制條例第10條第2項之施用第二級\n    毒品罪。其施用第二級毒品前後，持有第二級毒品之低度行\n    為，為施用之高度行為所吸收，不另論罪。又被告前有如聲\n    請簡易判決處刑書所載之犯罪科刑及有期徒刑執行完畢紀錄\n    ，有臺灣高等法院被告前案紀錄表1 件在卷可稽，其於受有\n    期徒刑執行完畢5 年內，故意再犯本件有期徒刑以上之罪，\n    為累犯，應依法加重其刑。爰審酌被告前有施用毒品前科，\n    有臺灣高等法院被告前案紀錄表乙份在卷可佐，仍不能戒除\n    毒癮，再次漠視法令而犯本罪，惟其施用毒品所生之危害，\n    實以自戕身心健康為主，對於他人生命、身體、財產等法益\n    ，尚無明顯而重大之實害，兼衡其犯罪之動機、目的、手段\n    ，犯罪後坦承犯行之態度等一切情狀，量處如主文所示之刑\n    ，並諭知易科罰金之折算標準，以示懲儆。\n三、扣案之第二級毒品甲基安非他命2 包（驗餘淨重分別為\n    0.0558公克、0.0338公克），爰依毒品危害防制條例第18條\n    第1 項前段規定，併予宣告沒收銷燬；至盛裝上開甲基安非\n    他命之包裝袋2 個，係用於包裹毒品，防其裸露、潮濕，便\n    於持有、攜帶施用，為供本件犯罪所用之物，且係被告所有\n    ，業據其供述明確，爰依刑法第38條第1 項第2 款之規定，\n    併予宣告沒收。\n四、依刑事訴訟法第449條第1項前段、第3項、第454條第2 項、\n    第450條第1項，毒品危害防制條例第10條第2項、第18條第1\n    項前段，刑法第11條前段、第47條第1項、第41條第1項前段\n    、第38條第1項第2款，逕以簡易判決處刑如主文。\n五、如不服本判決，得自收受送達之翌日起10日內向本院提出上\n    訴狀，上訴於本院第二審合議庭（須附繕本）。",
    "reason": "一、本件犯罪事實及證據，除證據部分應增加「交通部民用航空\n    局航空醫務中心99年2 月3 日航藥鑑字第0990589 號毒品鑑\n    定書」等語外，餘均引用如附件檢察官聲請簡易判決處刑書\n    之記載。\n二、按甲基安非他命為毒品危害防制條例第2條第2項第2 款明定\n    之第二級毒品，核被告甲○○施用第二級毒品甲基安非他命\n    之行為，係犯毒品危害防制條例第10條第2項之施用第二級\n    毒品罪。其施用第二級毒品前後，持有第二級毒品之低度行\n    為，為施用之高度行為所吸收，不另論罪。又被告前有如聲\n    請簡易判決處刑書所載之犯罪科刑及有期徒刑執行完畢紀錄\n    ，有臺灣高等法院被告前案紀錄表1 件在卷可稽，其於受有\n    期徒刑執行完畢5 年內，故意再犯本件有期徒刑以上之罪，\n    為累犯，應依法加重其刑。爰審酌被告前有施用毒品前科，\n    有臺灣高等法院被告前案紀錄表乙份在卷可佐，仍不能戒除\n    毒癮，再次漠視法令而犯本罪，惟其施用毒品所生之危害，\n    實以自戕身心健康為主，對於他人生命、身體、財產等法益\n    ，尚無明顯而重大之實害，兼衡其犯罪之動機、目的、手段\n    ，犯罪後坦承犯行之態度等一切情狀，量處如主文所示之刑\n    ，並諭知易科罰金之折算標準，以示懲儆。\n三、扣案之第二級毒品甲基安非他命2 包（驗餘淨重分別為\n    0.0558公克、0.0338公克），爰依毒品危害防制條例第18條\n    第1 項前段規定，併予宣告沒收銷燬；至盛裝上開甲基安非\n    他命之包裝袋2 個，係用於包裹毒品，防其裸露、潮濕，便\n    於持有、攜帶施用，為供本件犯罪所用之物，且係被告所有\n    ，業據其供述明確，爰依刑法第38條第1 項第2 款之規定，\n    併予宣告沒收。\n四、依刑事訴訟法第449條第1項前段、第3項、第454條第2 項、\n    第450條第1項，毒品危害防制條例第10條第2項、第18條第1\n    項前段，刑法第11條前段、第47條第1項、第41條第1項前段\n    、第38條第1項第2款，逕以簡易判決處刑如主文。\n五、如不服本判決，得自收受送達之翌日起10日內向本院提出上\n    訴狀，上訴於本院第二審合議庭（須附繕本）。"
  },
  "characters": {
    "judges": [
      "侯志融"
    ],
    "prosecutors": [

    ],
    "lawyers": [

    ],
    "clerks": [
      "林伶芳"
    ],
    "plaintiffs": [

    ],
    "defendants": [
      "甲○○"
    ],
    "prosecutor_office": [
      "臺灣板橋地方法院檢察署檢察官"
    ],
    "creditors": [

    ],
    "debtors": [

    ],
    "judicial_associate_officer": [

    ]
  },
  "adjudged_at": "2010-05-12",
  "created_at": "2016-01-05 12:27:28",
  "updated_at": "2016-01-05 12:27:28"
}