{
  "identify": "PCD-99-簡-4025-20100512-1",
  "court": {
    "name": "臺灣新北地方法院",
    "code": "PCD"
  },
  "division": {
    "name": "刑事",
    "code": "M"
  },
  "year": 99,
  "word": "簡",
  "number": "4025",
  "jcheck": "1",
  "reason": "恐嚇取財",
  "content": "臺灣板橋地方法院刑事簡易判決          99年度簡字第4025號\n聲  請  人  臺灣板橋地方法院檢察署檢察官\n被      告  甲○○\n上列被告因恐嚇取財案件，經檢察官聲請以簡易判決處刑（99年\n度偵字第6528號），本院判決如下：\n    主  文\n甲○○幫助意圖為自己不法之所有，以恐嚇使人將本人之物交付\n，處有期徒刑月，如易科罰金，以新臺幣壹仟元折算壹日。\n    事 實 及 理 由\n一、本件犯罪事實及證據，均引用如附件檢察官聲請簡易判決處\n    刑書之記載。\n二、按刑法上之幫助犯，係對於犯罪與正犯有共同之認識，而以\n    幫助之意思，對於正犯資以助力，而未參與實施犯罪之行為\n    者而言。本件被告提供帳戶使被害人匯入款項，並未實際參\n    與詐騙集團成員對被害人恐嚇取財之行為，是核其所為，應\n    係犯刑法第30條第1 項、第346 條第1 項之幫助恐嚇取財罪\n    。被告以一個幫助恐嚇取財行為，造成被害人乙○○等六人\n    之數財產法益受侵害之結果，為想像競合犯，應依刑法第55\n    條之規定從一重處斷。又被告幫助他人犯罪，應依刑法第30\n    條第2 項之規定，按正犯之刑減輕之。爰審酌被告之前案紀\n    錄，足認素行非佳，其提供帳戶予集團作為犯罪使用，增加\n    被害人尋求救濟之困難，並使犯罪之訴追趨於複雜，擾亂社\n    會正常交易安全，本件被害人六人受詐騙金額等一切情狀，\n    量處如主文所示之刑，並諭知易科罰金之折算標準，以示懲\n    儆。\n三、依刑事訴訟法第449 條第1 項前段、第3 項、第454 條第2\n    項，第30條第1 項前段、第2 項、第346 條第1 項、第55條\n    、第41條第1 項前段，刑法施行法第1 條之1 第1 項、第2\n    項前段，逕以簡易判決處刑如主文。\n四、如不服本件判決，得自收受送達之日起10日內向本院提出上\n    訴狀，上訴於本院第二審合議庭（須附繕本）。\n中    華    民    國    99    年    5     月    12    日\n                  刑事第二十二庭  法  官   曹 惠 玲\n上列正本證明與原本無異。\n                                  書記官   許 育 菁\n中    華    民    國    99    年    5     月    14    日\n附錄本案論罪科刑法條全文\n中華民國刑法第346 條\n意圖為自己或第三人不法之所有，以恐嚇使人將本人或第三人之\n物交付者，處6 月以上5 年以下有期徒刑，得併科1 千元以下罰\n金。\n以前項方法得財產上不法之利益，或使第三人得之者，亦同。\n前二項之未遂犯罰之。",
  "structure": {
    "fact": "一、本件犯罪事實及證據，均引用如附件檢察官聲請簡易判決處\n    刑書之記載。\n二、按刑法上之幫助犯，係對於犯罪與正犯有共同之認識，而以\n    幫助之意思，對於正犯資以助力，而未參與實施犯罪之行為\n    者而言。本件被告提供帳戶使被害人匯入款項，並未實際參\n    與詐騙集團成員對被害人恐嚇取財之行為，是核其所為，應\n    係犯刑法第30條第1 項、第346 條第1 項之幫助恐嚇取財罪\n    。被告以一個幫助恐嚇取財行為，造成被害人乙○○等六人\n    之數財產法益受侵害之結果，為想像競合犯，應依刑法第55\n    條之規定從一重處斷。又被告幫助他人犯罪，應依刑法第30\n    條第2 項之規定，按正犯之刑減輕之。爰審酌被告之前案紀\n    錄，足認素行非佳，其提供帳戶予集團作為犯罪使用，增加\n    被害人尋求救濟之困難，並使犯罪之訴追趨於複雜，擾亂社\n    會正常交易安全，本件被害人六人受詐騙金額等一切情狀，\n    量處如主文所示之刑，並諭知易科罰金之折算標準，以示懲\n    儆。\n三、依刑事訴訟法第449 條第1 項前段、第3 項、第454 條第2\n    項，第30條第1 項前段、第2 項、第346 條第1 項、第55條\n    、第41條第1 項前段，刑法施行法第1 條之1 第1 項、第2\n    項前段，逕以簡易判決處刑如主文。\n四、如不服本件判決，得自收受送達之日起10日內向本院提出上\n    訴狀，上訴於本院第二審合議庭（須附繕本）。"
  },
  "characters": {
    "judges": [
      "曹惠玲"
    ],
    "prosecutors": [

    ],
    "lawyers": [

    ],
    "clerks": [
      "許育菁"
    ],
    "plaintiffs": [

    ],
    "defendants": [
      "甲○○"
    ],
    "prosecutor_office": [
      "臺灣板橋地方法院檢察署檢察官"
    ],
    "creditors": [

    ],
    "debtors": [

    ],
    "judicial_associate_officer": [

    ]
  },
  "adjudged_at": "2010-05-12",
  "created_at": "2016-01-05 12:24:18",
  "updated_at": "2016-01-05 12:24:18"
}