{
  "identify": "PCD-99-除-322-20100512-1",
  "court": {
    "name": "臺灣新北地方法院",
    "code": "PCD"
  },
  "division": {
    "name": "民事",
    "code": "V"
  },
  "year": 99,
  "word": "除",
  "number": "322",
  "jcheck": "1",
  "reason": "除權判決",
  "content": "臺灣板橋地方法院民事判決               99年度除字第322號\n聲  請  人  甲○○\n上列聲請人聲請宣告證券無效事件，經本院於民國99年5 月12日\n言詞辯論終結，判決如下：\n    主  文\n附表所示之證券無效。\n訴訟費用由聲請人負擔。\n    理  由\n一、上開證券經本院以99年度司催字第46號公示催告在案。\n二、所定申報期間已於民國99年4 月14日屆滿，迄今無人申報權\n    利。\n三、依民事訴訟法第564條第1項，判決如主文。\n中    華    民    國    99    年    5     月    12    日\n                  民事第二庭    法  官  鍾啟煌\n以上正本證明與原本無異\n本判決不得上訴\n中    華    民    國    99    年    5     月    12    日\n                            書記官  張國仁\n┌─────────────────────────────────────┐\n│支票附表：                                               99年度除字第322號│\n├───┬─────┬─────┬──────┬─────┬─────┬──┤\n│編  號│發  票  人│付 款 人  │發   票   日│ 票面金額 │ 支票號碼 │備考│\n│      │          │          │            │（新臺幣）│          │    │\n├───┼─────┼─────┼──────┼─────┼─────┼──┤\n│001   │蔡宗憲    │新莊市農會│98年12月5日 │33,000元  │0000000   │    │\n└───┴─────┴─────┴──────┴─────┴─────┴──┘",
  "structure": {
    "main": "附表所示之證券無效。\n訴訟費用由聲請人負擔。",
    "reason": "一、上開證券經本院以99年度司催字第46號公示催告在案。\n二、所定申報期間已於民國99年4 月14日屆滿，迄今無人申報權\n    利。\n三、依民事訴訟法第564條第1項，判決如主文。"
  },
  "characters": {
    "judges": [
      "鍾啟煌"
    ],
    "prosecutors": [

    ],
    "lawyers": [

    ],
    "clerks": [
      "張國仁"
    ],
    "plaintiffs": [

    ],
    "defendants": [

    ],
    "prosecutor_office": [
      "甲"
    ],
    "creditors": [

    ],
    "debtors": [

    ],
    "judicial_associate_officer": [

    ]
  },
  "adjudged_at": "2010-05-12",
  "created_at": "2016-01-05 12:28:18",
  "updated_at": "2016-01-05 12:28:18"
}