{
  "identify": "PCD-99-簡-4042-20100512-1",
  "court": {
    "name": "臺灣新北地方法院",
    "code": "PCD"
  },
  "division": {
    "name": "刑事",
    "code": "M"
  },
  "year": 99,
  "word": "簡",
  "number": "4042",
  "jcheck": "1",
  "reason": "妨害風化",
  "content": "臺灣板橋地方法院刑事簡易判決          99年度簡字第4042號\n聲  請  人  臺灣板橋地方法院檢察署檢察官\n被      告  甲○○\n上列被告因妨害風化案件，經檢察官聲請以簡易判決處刑（98年\n度偵字第31587號），本院判決如下：\n    主  文\n甲○○意圖使女子與他人為猥褻之行為，而媒介以營利，處有期\n徒刑月，如易科罰金，以新臺幣壹仟元折算壹日。扣案之未使\n用保險套壹個、現金新臺幣貳仟元均沒收。\n    事實及理由\n一、本件犯罪事實及證據，均引用如附件檢察官聲請簡易判決處\n    刑書之記載。\n二、核被告甲○○所為，係犯刑法第231 條第1 項之意圖使女子\n    與他人為猥褻之行為，而媒介以營利罪。爰審酌被告前因妨\n    害風化案件，於民國98年8 月10日為警查獲，竟仍不思悛悔\n    ，不思以正道取財，再犯本件妨害風化罪行，漠視法律禁制\n    ，影響社會風氣，兼衡其犯罪動機、目的、手段、生活狀況\n    、智識程度、犯罪所得之利益及所生之損害、犯後坦承犯行\n    之態度等一切情狀，量處如主文所示之刑，並諭知易科罰金\n    之折算標準，以示懲儆。\n三、又扣案之未使用之保險套1 個、已交付被告之性交易所得新\n    臺幣2,000 元均係被告所有，業據被告供陳在卷，且為供本\n    件犯罪預備之物及因犯罪所得之物，爰依刑法第38條第1 項\n    第2 款、第3 款宣告沒收。\n四、依刑事訴訟法第449 條第1 項前段、第3 項、第454 條第2\n    項、第450 條第1 項，刑法第231 條第1 項、第41條第1 項\n    前段、第38條第1 項第2 款、第3 款，刑法施行法第1 條之\n    1 第1 項、第2 項但書，逕以簡易判決處刑如主文。\n五、如不服本判決，得自收受送達之日起10日內向本院提出上訴\n    狀，上訴於本院第二審合議庭（須附繕本）。\n中    華    民    國    99    年    5     月    12    日\n                  刑事第二十二庭  法  官   曹 惠 玲\n上列正本證明與原本無異。\n\n                                  書記官   許 育 菁\n中    華    民    國    99    年    5     月    17    日\n附錄本案論罪科刑法條全文\n中華民國刑法第231 條 （圖利使人為性交或猥褻罪） \n意圖使男女與他人為性交或猥褻之行為，而引誘、容留或媒介以\n營利者，處5 年以下有期徒刑，得併科10萬元以下罰金。以詐術\n犯之者，亦同。\n公務員包庇他人犯前項之罪者，依前項之規定加重其刑至二分之\n一。",
  "structure": {
    "main": "甲○○意圖使女子與他人為猥褻之行為，而媒介以營利，處有期\n徒刑月，如易科罰金，以新臺幣壹仟元折算壹日。扣案之未使\n用保險套壹個、現金新臺幣貳仟元均沒收。",
    "fact": "一、本件犯罪事實及證據，均引用如附件檢察官聲請簡易判決處\n    刑書之記載。\n二、核被告甲○○所為，係犯刑法第231 條第1 項之意圖使女子\n    與他人為猥褻之行為，而媒介以營利罪。爰審酌被告前因妨\n    害風化案件，於民國98年8 月10日為警查獲，竟仍不思悛悔\n    ，不思以正道取財，再犯本件妨害風化罪行，漠視法律禁制\n    ，影響社會風氣，兼衡其犯罪動機、目的、手段、生活狀況\n    、智識程度、犯罪所得之利益及所生之損害、犯後坦承犯行\n    之態度等一切情狀，量處如主文所示之刑，並諭知易科罰金\n    之折算標準，以示懲儆。\n三、又扣案之未使用之保險套1 個、已交付被告之性交易所得新\n    臺幣2,000 元均係被告所有，業據被告供陳在卷，且為供本\n    件犯罪預備之物及因犯罪所得之物，爰依刑法第38條第1 項\n    第2 款、第3 款宣告沒收。\n四、依刑事訴訟法第449 條第1 項前段、第3 項、第454 條第2\n    項、第450 條第1 項，刑法第231 條第1 項、第41條第1 項\n    前段、第38條第1 項第2 款、第3 款，刑法施行法第1 條之\n    1 第1 項、第2 項但書，逕以簡易判決處刑如主文。\n五、如不服本判決，得自收受送達之日起10日內向本院提出上訴\n    狀，上訴於本院第二審合議庭（須附繕本）。",
    "reason": "一、本件犯罪事實及證據，均引用如附件檢察官聲請簡易判決處\n    刑書之記載。\n二、核被告甲○○所為，係犯刑法第231 條第1 項之意圖使女子\n    與他人為猥褻之行為，而媒介以營利罪。爰審酌被告前因妨\n    害風化案件，於民國98年8 月10日為警查獲，竟仍不思悛悔\n    ，不思以正道取財，再犯本件妨害風化罪行，漠視法律禁制\n    ，影響社會風氣，兼衡其犯罪動機、目的、手段、生活狀況\n    、智識程度、犯罪所得之利益及所生之損害、犯後坦承犯行\n    之態度等一切情狀，量處如主文所示之刑，並諭知易科罰金\n    之折算標準，以示懲儆。\n三、又扣案之未使用之保險套1 個、已交付被告之性交易所得新\n    臺幣2,000 元均係被告所有，業據被告供陳在卷，且為供本\n    件犯罪預備之物及因犯罪所得之物，爰依刑法第38條第1 項\n    第2 款、第3 款宣告沒收。\n四、依刑事訴訟法第449 條第1 項前段、第3 項、第454 條第2\n    項、第450 條第1 項，刑法第231 條第1 項、第41條第1 項\n    前段、第38條第1 項第2 款、第3 款，刑法施行法第1 條之\n    1 第1 項、第2 項但書，逕以簡易判決處刑如主文。\n五、如不服本判決，得自收受送達之日起10日內向本院提出上訴\n    狀，上訴於本院第二審合議庭（須附繕本）。"
  },
  "characters": {
    "judges": [
      "曹惠玲"
    ],
    "prosecutors": [

    ],
    "lawyers": [

    ],
    "clerks": [
      "許育菁"
    ],
    "plaintiffs": [

    ],
    "defendants": [
      "甲○○"
    ],
    "prosecutor_office": [
      "臺灣板橋地方法院檢察署檢察官"
    ],
    "creditors": [

    ],
    "debtors": [

    ],
    "judicial_associate_officer": [

    ]
  },
  "adjudged_at": "2010-05-12",
  "created_at": "2016-01-05 12:23:05",
  "updated_at": "2016-01-05 12:23:05"
}