{
  "identify": "PCD-99-簡-3981-20100512-1",
  "court": {
    "name": "臺灣新北地方法院",
    "code": "PCD"
  },
  "division": {
    "name": "刑事",
    "code": "M"
  },
  "year": 99,
  "word": "簡",
  "number": "3981",
  "jcheck": "1",
  "reason": "賭博",
  "content": "臺灣板橋地方法院刑事簡易判決          99年度簡字第3981號\n聲  請  人  臺灣板橋地方法院檢察署檢察官\n被      告  乙○○\n            甲○○\n            丙○○\n上列被告因賭博案件，經檢察官聲請簡易判決處刑（99年度偵字\n第10333號），本院判決如下：\n    主  文\n乙○○、甲○○、丙○○在公眾得出入之場所賭博財物，各處罰\n金新臺幣仟元，如易服勞役，均以新臺幣壹仟元折算壹日。扣\n案之賭資現金新臺幣肆仟貳佰元、骰子肆顆、碗公壹個均沒收。\n    事實及理由\n一、本件犯罪事實及證據，均引用如附件檢察官聲請簡易判決處\n    刑書之記載。\n二、核被告乙○○、甲○○、丙○○所為，均係犯刑法第266 條\n    第1 項前段在公眾得出入之場所賭博財物罪。爰審酌被告丙\n    ○○並無前案紀錄，又被告乙○○、甲○○前有賭博之前案\n    紀錄外，無其他前案紀錄，此均有臺灣高等法院被告前案紀\n    錄表附卷可憑，被告三人素行尚可，其等在公眾得出入之場\n    所賭博之行為，助長社會投機僥倖風氣，危害社會善良風俗\n    ，惟被告三人於犯後均坦承犯行，態度尚稱良好等一切情狀\n    ，分別量處如主文所示之刑，並均諭知易服勞役之折算標準\n    ，以資懲儆。\n三、又扣案之骰子4 顆、碗公1 個為當場賭博之器具；又賭資現\n    金新臺幣4,200 元，則係在賭檯處之財物，不問屬於犯人與\n    否，爰均依刑法第266 條第2 項規定宣告沒收。\n四、依刑事訴訟法第449 條第1 項前段、第3 項、第454 條第2\n    項、第450 條第1 項，刑法第266 條第1 項前段、第2 項、\n    第42條第3 項，刑法施行法第1 條之1 第1 項、第2 項前段\n    ，逕以簡易判決處刑如主文。\n五、如不服本判決，得自收受送達之日起10日內向本院提出上訴\n    狀，上訴於本院第二審合議庭（須附繕本）。\n中    華    民    國    99    年    5     月    12    日\n                  刑事第二十二庭  法  官   曹 惠 玲\n上列正本證明與原本無異。\n                                  書記官   許 育 菁\n中    華    民    國    99    年    5     月    14    日\n附錄本案論罪科刑法條全文：\n中華民國刑法第266條\n在公共場所或公眾得出入之場所賭博財物者，處 1 千元以下罰金\n。但以供人暫時娛樂之物為賭者，不在此限。\n當場賭博之器具與在賭檯或兌換籌碼處之財物，不問屬於犯人與\n否，沒收之。",
  "structure": {
    "main": "乙○○、甲○○、丙○○在公眾得出入之場所賭博財物，各處罰\n金新臺幣仟元，如易服勞役，均以新臺幣壹仟元折算壹日。扣\n案之賭資現金新臺幣肆仟貳佰元、骰子肆顆、碗公壹個均沒收。",
    "fact": "一、本件犯罪事實及證據，均引用如附件檢察官聲請簡易判決處\n    刑書之記載。\n二、核被告乙○○、甲○○、丙○○所為，均係犯刑法第266 條\n    第1 項前段在公眾得出入之場所賭博財物罪。爰審酌被告丙\n    ○○並無前案紀錄，又被告乙○○、甲○○前有賭博之前案\n    紀錄外，無其他前案紀錄，此均有臺灣高等法院被告前案紀\n    錄表附卷可憑，被告三人素行尚可，其等在公眾得出入之場\n    所賭博之行為，助長社會投機僥倖風氣，危害社會善良風俗\n    ，惟被告三人於犯後均坦承犯行，態度尚稱良好等一切情狀\n    ，分別量處如主文所示之刑，並均諭知易服勞役之折算標準\n    ，以資懲儆。\n三、又扣案之骰子4 顆、碗公1 個為當場賭博之器具；又賭資現\n    金新臺幣4,200 元，則係在賭檯處之財物，不問屬於犯人與\n    否，爰均依刑法第266 條第2 項規定宣告沒收。\n四、依刑事訴訟法第449 條第1 項前段、第3 項、第454 條第2\n    項、第450 條第1 項，刑法第266 條第1 項前段、第2 項、\n    第42條第3 項，刑法施行法第1 條之1 第1 項、第2 項前段\n    ，逕以簡易判決處刑如主文。\n五、如不服本判決，得自收受送達之日起10日內向本院提出上訴\n    狀，上訴於本院第二審合議庭（須附繕本）。",
    "reason": "一、本件犯罪事實及證據，均引用如附件檢察官聲請簡易判決處\n    刑書之記載。\n二、核被告乙○○、甲○○、丙○○所為，均係犯刑法第266 條\n    第1 項前段在公眾得出入之場所賭博財物罪。爰審酌被告丙\n    ○○並無前案紀錄，又被告乙○○、甲○○前有賭博之前案\n    紀錄外，無其他前案紀錄，此均有臺灣高等法院被告前案紀\n    錄表附卷可憑，被告三人素行尚可，其等在公眾得出入之場\n    所賭博之行為，助長社會投機僥倖風氣，危害社會善良風俗\n    ，惟被告三人於犯後均坦承犯行，態度尚稱良好等一切情狀\n    ，分別量處如主文所示之刑，並均諭知易服勞役之折算標準\n    ，以資懲儆。\n三、又扣案之骰子4 顆、碗公1 個為當場賭博之器具；又賭資現\n    金新臺幣4,200 元，則係在賭檯處之財物，不問屬於犯人與\n    否，爰均依刑法第266 條第2 項規定宣告沒收。\n四、依刑事訴訟法第449 條第1 項前段、第3 項、第454 條第2\n    項、第450 條第1 項，刑法第266 條第1 項前段、第2 項、\n    第42條第3 項，刑法施行法第1 條之1 第1 項、第2 項前段\n    ，逕以簡易判決處刑如主文。\n五、如不服本判決，得自收受送達之日起10日內向本院提出上訴\n    狀，上訴於本院第二審合議庭（須附繕本）。"
  },
  "characters": {
    "judges": [
      "曹惠玲"
    ],
    "prosecutors": [

    ],
    "lawyers": [

    ],
    "clerks": [
      "許育菁"
    ],
    "plaintiffs": [

    ],
    "defendants": [
      "乙○○"
    ],
    "prosecutor_office": [
      "臺灣板橋地方法院檢察署檢察官"
    ],
    "creditors": [

    ],
    "debtors": [

    ],
    "judicial_associate_officer": [

    ]
  },
  "adjudged_at": "2010-05-12",
  "created_at": "2016-01-05 12:25:50",
  "updated_at": "2016-01-05 12:25:50"
}