{
  "identify": "PCD-99-簡-4087-20100512-1",
  "court": {
    "name": "臺灣新北地方法院",
    "code": "PCD"
  },
  "division": {
    "name": "刑事",
    "code": "M"
  },
  "year": 99,
  "word": "簡",
  "number": "4087",
  "jcheck": "1",
  "reason": "詐欺",
  "content": "臺灣板橋地方法院刑事簡易判決          99年度簡字第4087號\n聲  請  人  臺灣板橋地方法院檢察署檢察官\n被      告  甲○○\n上列被告因詐欺案件，經檢察官聲請以簡易判決處刑（99年度偵\n字第8689號），本院判決如下：\n    主  文\n甲○○幫助意圖為自己不法之所有，以詐術使人將本人之物交付\n，處拘役參拾日，如易科罰金，以新臺幣壹仟元折算壹日。\n    事實及理由\n一、本件犯罪事實、證據及所犯法條，除應適用之法條補充：「\n    被告甲○○係對正犯資以助力而未參與詐欺取財犯罪構成要\n    件行為之實施，為幫助犯，爰依刑法第30條第2 項規定，按\n    正犯之刑減輕之。」外，餘均引用檢察官聲請簡易判決處刑\n    書之記載（如附件）。\n二、爰審酌被告將金融帳戶資料交予他人供犯罪使用，紊亂社會\n    正常交易秩序，並使不法之徒藉此輕易於詐騙後取得財物，\n    致檢警難以追緝，助長詐騙犯罪風氣，並提高社會大眾遭受\n    詐騙損失之風險，實屬不該；兼衡其犯罪之動機、目的、手\n    段、素行狀況、智識程度、告訴人乙○○所受損害，暨被告\n    之犯後態度等一切情狀，量處如主文所示之刑，並諭知易科\n    罰金之折算標準。\n三、依刑事訴訟法第449 條第1 項前段、第3 項、第454 條第2\n    項，刑法第30條第1 項前段、第2 項、第339 條第1 項、第\n    41條第1 項前段，刑法施行法第1 條之1 ，逕以簡易判決處\n    刑如主文。\n四、如不服本判決，得自收受送達之翌日起10日內，向本院提出\n    上訴狀，上訴於本院第二審合議庭（須附繕本）。\n中    華    民    國    99    年    5     月    12    日\n                  刑事第二十三庭    法  官  徐  蘭  萍\n以上正本證明與原本無異。\n                                    書記官  廖  美  紅\n中    華    民    國    99    年    5     月    12    日\n附錄本罪論罪科刑法條全文：\n中華民國刑法第339 條\n（普通詐欺罪）\n意圖為自己或第三人不法之所有，以詐術使人將本人或第三人之\n物交付者，處5 年以下有期徒刑、拘役或科或併科1 千元以下罰\n金。\n以前項方法得財產上不法之利益或使第三人得之者，亦同。\n前二項之未遂犯罰之。",
  "structure": {
    "main": "甲○○幫助意圖為自己不法之所有，以詐術使人將本人之物交付\n，處拘役參拾日，如易科罰金，以新臺幣壹仟元折算壹日。",
    "fact": "一、本件犯罪事實、證據及所犯法條，除應適用之法條補充：「\n    被告甲○○係對正犯資以助力而未參與詐欺取財犯罪構成要\n    件行為之實施，為幫助犯，爰依刑法第30條第2 項規定，按\n    正犯之刑減輕之。」外，餘均引用檢察官聲請簡易判決處刑\n    書之記載（如附件）。\n二、爰審酌被告將金融帳戶資料交予他人供犯罪使用，紊亂社會\n    正常交易秩序，並使不法之徒藉此輕易於詐騙後取得財物，\n    致檢警難以追緝，助長詐騙犯罪風氣，並提高社會大眾遭受\n    詐騙損失之風險，實屬不該；兼衡其犯罪之動機、目的、手\n    段、素行狀況、智識程度、告訴人乙○○所受損害，暨被告\n    之犯後態度等一切情狀，量處如主文所示之刑，並諭知易科\n    罰金之折算標準。\n三、依刑事訴訟法第449 條第1 項前段、第3 項、第454 條第2\n    項，刑法第30條第1 項前段、第2 項、第339 條第1 項、第\n    41條第1 項前段，刑法施行法第1 條之1 ，逕以簡易判決處\n    刑如主文。\n四、如不服本判決，得自收受送達之翌日起10日內，向本院提出\n    上訴狀，上訴於本院第二審合議庭（須附繕本）。",
    "reason": "一、本件犯罪事實、證據及所犯法條，除應適用之法條補充：「\n    被告甲○○係對正犯資以助力而未參與詐欺取財犯罪構成要\n    件行為之實施，為幫助犯，爰依刑法第30條第2 項規定，按\n    正犯之刑減輕之。」外，餘均引用檢察官聲請簡易判決處刑\n    書之記載（如附件）。\n二、爰審酌被告將金融帳戶資料交予他人供犯罪使用，紊亂社會\n    正常交易秩序，並使不法之徒藉此輕易於詐騙後取得財物，\n    致檢警難以追緝，助長詐騙犯罪風氣，並提高社會大眾遭受\n    詐騙損失之風險，實屬不該；兼衡其犯罪之動機、目的、手\n    段、素行狀況、智識程度、告訴人乙○○所受損害，暨被告\n    之犯後態度等一切情狀，量處如主文所示之刑，並諭知易科\n    罰金之折算標準。\n三、依刑事訴訟法第449 條第1 項前段、第3 項、第454 條第2\n    項，刑法第30條第1 項前段、第2 項、第339 條第1 項、第\n    41條第1 項前段，刑法施行法第1 條之1 ，逕以簡易判決處\n    刑如主文。\n四、如不服本判決，得自收受送達之翌日起10日內，向本院提出\n    上訴狀，上訴於本院第二審合議庭（須附繕本）。"
  },
  "characters": {
    "judges": [
      "徐蘭萍"
    ],
    "prosecutors": [

    ],
    "lawyers": [

    ],
    "clerks": [
      "廖美紅"
    ],
    "plaintiffs": [

    ],
    "defendants": [
      "甲○○"
    ],
    "prosecutor_office": [
      "臺灣板橋地方法院檢察署檢察官"
    ],
    "creditors": [

    ],
    "debtors": [

    ],
    "judicial_associate_officer": [

    ]
  },
  "adjudged_at": "2010-05-12",
  "created_at": "2016-01-05 12:24:38",
  "updated_at": "2016-01-05 12:24:38"
}