{
  "identify": "PCD-99-簡-4020-20100512-1",
  "court": {
    "name": "臺灣新北地方法院",
    "code": "PCD"
  },
  "division": {
    "name": "刑事",
    "code": "M"
  },
  "year": 99,
  "word": "簡",
  "number": "4020",
  "jcheck": "1",
  "reason": "毒品危害防制條例",
  "content": "臺灣板橋地方法院刑事簡易判決          99年度簡字第4020號\n聲  請  人  臺灣板橋地方法院檢察署檢察官\n被      告  甲○○\n上列被告因違反毒品危害防制條例案件，經檢察官聲請以簡易判\n決處刑（99年度偵字第11906號），本院判決如下：\n    主  文\n甲○○持有第二級毒品，處拘役肆拾日，如易科罰金，以新臺幣\n壹仟元折算壹日。扣案之第二級毒品甲基安非他命（驗餘淨重零\n點貳貳壹零公克）沒收銷燬；包裝上開甲基安非他命之包裝袋壹\n只沒收。\n    事實及理由\n一、本件除以下所載應補充外，其餘犯罪事實、證據及應適用之\n    法條均引用檢察官聲請簡易判決處刑書之記載（如附件）。\n  (一)證據部分補充「現場及證物照片6 張及扣押物品目錄表1 紙\n    」。\n  (二)沒收部分補充「扣案之第二級毒品甲基安非他命（驗餘淨重\n    0.2210公克），為查獲之毒品，不問屬於犯人與否，應依毒\n    品危害防制條例第18條第1 項前段規定沒收銷燬；扣案包裝\n    上開第二級毒品甲基安非他命之包裝袋1 只，係用以包裹毒\n    品，具防止裸露、逸出及潮濕之功用，便於攜帶，係供被告\n    持有第二級毒品所用之物，且經被告自承確屬其所有，應依\n    刑法第38條第1 項第2 款規定併予宣告沒收。」。\n二、爰審酌被告甲○○之素行、智識程度，其持有前開毒品，顯\n    可能滋生其他犯罪，惡化治安，其所為自應受有相當程度之\n    刑事非難；惟另考量被告持有毒品之數量非鉅等一切情狀，\n    酌情量處如主文所示之刑，並諭知易科罰金之折算標準。\n三、依刑事訴訟法第449 條第1 項、第3 項、第454 條第2 項、\n    第450 條第1 項，毒品危害防制條例第11條第2 項、第18條\n    第1 項前段，刑法第11條前段、第41條第1 項前段、第38條\n    第1 項第2 款，逕以簡易判決處刑如主文。\n四、如不服本判決，得自收受送達之日起10日內向本院提出上訴\n    狀，上訴於本院第二審合議庭（須附繕本）。\n中    華    民    國    99    年    5     月    12    日\n                  刑事第二十三庭  法  官  黃  司  熒\n上列正本證明與原本無異。\n                                  書記官  李  逸  翔\n中    華    民    國    99    年    5     月    13    日\n附錄本案論罪科刑法條全文：\n毒品危害防制條例第11條\n持有第一級毒品者，處3 年以下有期徒刑、拘役或新臺幣5 萬元\n以下罰金。\n持有第二級毒品者，處2 年以下有期徒刑、拘役或新臺幣3 萬元\n以下罰金。\n持有第一級毒品純質淨重10公克以上者，處1 年以上7 年以下有\n期徒刑，得併科新臺幣100萬元以下罰金。\n持有第二級毒品純質淨重20公克以上者，處6 月以上5 年以下有\n期徒刑，得併科新臺幣70萬元以下罰金。\n持有第三級毒品純質淨重20公克以上者，處3 年以下有期徒刑，\n得併科新臺幣30萬元以下罰金。\n持有第四級毒品純質淨重20公克以上者，處1 年以下有期徒刑，\n得併科新臺幣10萬元以下罰金。\n持有專供製造或施用第一級、第二級毒品之器具者，處1 年以下\n有期徒刑、拘役或新臺幣1萬元以下罰金。",
  "structure": {
    "main": "甲○○持有第二級毒品，處拘役肆拾日，如易科罰金，以新臺幣\n壹仟元折算壹日。扣案之第二級毒品甲基安非他命（驗餘淨重零\n點貳貳壹零公克）沒收銷燬；包裝上開甲基安非他命之包裝袋壹\n只沒收。",
    "fact": "一、本件除以下所載應補充外，其餘犯罪事實、證據及應適用之\n    法條均引用檢察官聲請簡易判決處刑書之記載（如附件）。\n  (一)證據部分補充「現場及證物照片6 張及扣押物品目錄表1 紙\n    」。\n  (二)沒收部分補充「扣案之第二級毒品甲基安非他命（驗餘淨重\n    0.2210公克），為查獲之毒品，不問屬於犯人與否，應依毒\n    品危害防制條例第18條第1 項前段規定沒收銷燬；扣案包裝\n    上開第二級毒品甲基安非他命之包裝袋1 只，係用以包裹毒\n    品，具防止裸露、逸出及潮濕之功用，便於攜帶，係供被告\n    持有第二級毒品所用之物，且經被告自承確屬其所有，應依\n    刑法第38條第1 項第2 款規定併予宣告沒收。」。\n二、爰審酌被告甲○○之素行、智識程度，其持有前開毒品，顯\n    可能滋生其他犯罪，惡化治安，其所為自應受有相當程度之\n    刑事非難；惟另考量被告持有毒品之數量非鉅等一切情狀，\n    酌情量處如主文所示之刑，並諭知易科罰金之折算標準。\n三、依刑事訴訟法第449 條第1 項、第3 項、第454 條第2 項、\n    第450 條第1 項，毒品危害防制條例第11條第2 項、第18條\n    第1 項前段，刑法第11條前段、第41條第1 項前段、第38條\n    第1 項第2 款，逕以簡易判決處刑如主文。\n四、如不服本判決，得自收受送達之日起10日內向本院提出上訴\n    狀，上訴於本院第二審合議庭（須附繕本）。",
    "reason": "一、本件除以下所載應補充外，其餘犯罪事實、證據及應適用之\n    法條均引用檢察官聲請簡易判決處刑書之記載（如附件）。\n  (一)證據部分補充「現場及證物照片6 張及扣押物品目錄表1 紙\n    」。\n  (二)沒收部分補充「扣案之第二級毒品甲基安非他命（驗餘淨重\n    0.2210公克），為查獲之毒品，不問屬於犯人與否，應依毒\n    品危害防制條例第18條第1 項前段規定沒收銷燬；扣案包裝\n    上開第二級毒品甲基安非他命之包裝袋1 只，係用以包裹毒\n    品，具防止裸露、逸出及潮濕之功用，便於攜帶，係供被告\n    持有第二級毒品所用之物，且經被告自承確屬其所有，應依\n    刑法第38條第1 項第2 款規定併予宣告沒收。」。\n二、爰審酌被告甲○○之素行、智識程度，其持有前開毒品，顯\n    可能滋生其他犯罪，惡化治安，其所為自應受有相當程度之\n    刑事非難；惟另考量被告持有毒品之數量非鉅等一切情狀，\n    酌情量處如主文所示之刑，並諭知易科罰金之折算標準。\n三、依刑事訴訟法第449 條第1 項、第3 項、第454 條第2 項、\n    第450 條第1 項，毒品危害防制條例第11條第2 項、第18條\n    第1 項前段，刑法第11條前段、第41條第1 項前段、第38條\n    第1 項第2 款，逕以簡易判決處刑如主文。\n四、如不服本判決，得自收受送達之日起10日內向本院提出上訴\n    狀，上訴於本院第二審合議庭（須附繕本）。"
  },
  "characters": {
    "judges": [
      "黃司熒"
    ],
    "prosecutors": [

    ],
    "lawyers": [

    ],
    "clerks": [
      "李逸翔"
    ],
    "plaintiffs": [

    ],
    "defendants": [
      "甲○○"
    ],
    "prosecutor_office": [
      "臺灣板橋地方法院檢察署檢察官"
    ],
    "creditors": [

    ],
    "debtors": [

    ],
    "judicial_associate_officer": [

    ]
  },
  "adjudged_at": "2010-05-12",
  "created_at": "2016-01-05 12:26:00",
  "updated_at": "2016-01-05 12:26:00"
}