{
  "identify": "PCD-99-訴-1258-20100512-2",
  "court": {
    "name": "臺灣新北地方法院",
    "code": "PCD"
  },
  "division": {
    "name": "刑事",
    "code": "M"
  },
  "year": 99,
  "word": "訴",
  "number": "1258",
  "jcheck": "2",
  "reason": "毒品危害防制條例",
  "content": "臺灣板橋地方法院刑事裁定              99年度訴字第1258號\n公  訴  人  臺灣板橋地方法院檢察署檢察官\n被      告  甲○○\n本件被告所犯係死刑、無期徒刑、.\n以外之罪，其於準備程序中就被訴.\n知簡式審判程序之旨，並聽取公訴.\n訟法第273 條之1 第1 項.\n行簡式審判程序，特此裁定。\n中    華    民    國    99  .\n不得抗告。\n中    華    民    國    99  .",
  "structure": {
  },
  "characters": {
    "judges": [

    ],
    "prosecutors": [

    ],
    "lawyers": [

    ],
    "clerks": [

    ],
    "plaintiffs": [

    ],
    "defendants": [
      "甲○○",
      "本件被告所犯係死刑、無期徒刑、.",
      "以外之罪，其於準備程序中就被訴.",
      "知簡式審判程序之旨，並聽取公訴."
    ],
    "prosecutor_office": [
      "臺灣板橋地方法院檢察署檢察官"
    ],
    "creditors": [

    ],
    "debtors": [

    ],
    "judicial_associate_officer": [

    ]
  },
  "adjudged_at": "2010-05-12",
  "created_at": "2016-01-05 12:27:23",
  "updated_at": "2016-01-05 12:27:23"
}