{
  "identify": "PCD-99-交簡附民-30-20100512-1",
  "court": {
    "name": "臺灣新北地方法院",
    "code": "PCD"
  },
  "division": {
    "name": "刑事",
    "code": "M"
  },
  "year": 99,
  "word": "交簡附民",
  "number": "30",
  "jcheck": "1",
  "reason": "過失傷害",
  "content": "臺灣板橋地方法院刑事附帶民事訴訟裁定\n原      告  甲○○\n被      告  乙○○\n上列被告因過失傷害案件（刑事案號99年度交簡字第534 號），\n經原告提起請求損害賠償之附帶民事訴訟，因事件繁雜非經長久\n之時日不能終結其審判，爰依刑事訴訟法第504 條第1 項之規定\n將本件附帶民事訴訟移送本院民事庭，特此裁定。\n中    華    民    國    99    年    5     月    12    日\n                     交通法庭  審判長 法  官  潘長生\n                                      法  官  侯志融\n                                      法  官  曹惠玲\n上列正本證明與原本無異。\n本裁定不得抗告。\n                                      書記官  許育菁\n中    華    民    國    99    年    5     月    17    日",
  "structure": {
  },
  "characters": {
    "judges": [
      "潘長生",
      "侯志融",
      "曹惠玲"
    ],
    "prosecutors": [

    ],
    "lawyers": [

    ],
    "clerks": [
      "許育菁"
    ],
    "plaintiffs": [
      "甲○○"
    ],
    "defendants": [
      "乙○○"
    ],
    "prosecutor_office": [

    ],
    "creditors": [

    ],
    "debtors": [

    ],
    "judicial_associate_officer": [

    ]
  },
  "adjudged_at": "2010-05-12",
  "created_at": "2016-01-05 12:26:40",
  "updated_at": "2016-01-05 12:26:40"
}