{
  "identify": "PCD-99-司促更-1-20100512-2",
  "court": {
    "name": "臺灣新北地方法院",
    "code": "PCD"
  },
  "division": {
    "name": "民事",
    "code": "V"
  },
  "year": 99,
  "word": "司促更",
  "number": "1",
  "jcheck": "2",
  "reason": "支付命令",
  "content": "臺灣板橋地方法院民事裁定             99年度司促更字第1號\n債  權  人  斗六塑膠有限公司\n法定代理人  甲○○\n以上債權人聲請對債務人一菖有限公司、傑賦科技有限公司發支\n付命令事件，本院裁定如下：\n    主  文\n本件就傑賦科技有限公司之部分聲請駁回。\n    理  由\n一、按支付命令之聲請，依聲請之意旨，認債權人之請求無理由\n    者，法院應以裁定駁回之。就請求之一部不得發支付命令者\n    ，應僅就該部份之聲請駁回之，民事訴訟法第513 條第一項\n    定有明文。\n二、本件債權人聲請對債務人傑賦科技有限公司發支付命令，惟\n    查聲請人所提出票號0000000 、0000000 之二張支票，發票\n    人係芸山通信科技有限公司，非傑賦科技有限公司，是債務\n    人傑賦科技有限公司既非發票人，故本件請求傑賦科技有限\n    公司給付票款於法不合，應予以駁回外，其餘核無不合，另\n    發支付命令。\n三、依民事訴訟法第95條、第78條裁定如主文。\n四、如不服本裁定，應於送達後10日內，以書狀向司法事務官提\n    出異議。\n中    華    民    國    99    年    5     月    12    日\n                  民事第四庭司法事務官\n附註：事後遞狀應註明案號及股別。",
  "structure": {
    "main": "本件就傑賦科技有限公司之部分聲請駁回。",
    "reason": "一、按支付命令之聲請，依聲請之意旨，認債權人之請求無理由\n    者，法院應以裁定駁回之。就請求之一部不得發支付命令者\n    ，應僅就該部份之聲請駁回之，民事訴訟法第513 條第一項\n    定有明文。\n二、本件債權人聲請對債務人傑賦科技有限公司發支付命令，惟\n    查聲請人所提出票號0000000 、0000000 之二張支票，發票\n    人係芸山通信科技有限公司，非傑賦科技有限公司，是債務\n    人傑賦科技有限公司既非發票人，故本件請求傑賦科技有限\n    公司給付票款於法不合，應予以駁回外，其餘核無不合，另\n    發支付命令。\n三、依民事訴訟法第95條、第78條裁定如主文。\n四、如不服本裁定，應於送達後10日內，以書狀向司法事務官提\n    出異議。"
  },
  "characters": {
    "judges": [

    ],
    "prosecutors": [

    ],
    "lawyers": [

    ],
    "clerks": [

    ],
    "plaintiffs": [

    ],
    "defendants": [

    ],
    "prosecutor_office": [

    ],
    "creditors": [
      "斗六塑膠有限公司"
    ],
    "debtors": [
      "傑賦科技有限公司"
    ],
    "judicial_associate_officer": [
      "民事第四庭"
    ]
  },
  "adjudged_at": "2010-05-12",
  "created_at": "2016-01-05 12:28:29",
  "updated_at": "2016-01-05 12:28:29"
}