{
  "identify": "PCD-99-聲-2355-20100512-1",
  "court": {
    "name": "臺灣新北地方法院",
    "code": "PCD"
  },
  "division": {
    "name": "刑事",
    "code": "M"
  },
  "year": 99,
  "word": "聲",
  "number": "2355",
  "jcheck": "1",
  "reason": "假釋中交付保護管束",
  "content": "臺灣板橋地方法院刑事裁定              99年度聲字第2355號\n聲  請  人  臺灣板橋地方法院檢察署檢察官\n被      告  甲○○\n上列受刑人因竊盜案件，經聲請人聲請假釋中付保護管束（99年\n度執聲字第1569號），本院裁定如下：\n    主  文\n甲○○假釋中付保護管束。\n    理  由\n一、聲請意旨略以：受刑人甲○○因竊盜案件，經本院判處有期\n    徒刑2 年確定，於民國97年11月17日送監執行，嗣經法務部\n    於99年5 月7 日核准假釋在案，依刑法第93條第2 項規定，\n    在假釋中應付保護管束，爰依刑事訴訟法第481 條第1 項規\n    定聲請裁定等語。\n二、查本件受刑人前因竊盜案件，經本院以96年度易字第3421號\n    判決判處有期徒刑4 月、4 月、5 月、8 月、8 月，應執行\n    有期徒刑2 年確定，並於97年11月17日入監執行。今受刑人\n    業經法務部核准假釋在案，依行刑累進處遇條例縮刑日數為\n    12日，縮短刑期後刑期終結日為99年9 月16日等情，有臺灣\n    高等法院被告前案紀錄表、法務部矯正司99年5 月7 日法矯\n    司字第0990905993號函及所附臺灣臺東監獄東成分監假釋出\n    獄人交付保護管束名冊各1 份附卷可稽。從而，經本院審核\n    上揭有關文件後，認本件聲請為正當，應予准許。\n三、依刑事訴訟法第481 條第1 項，刑法第93條第2 項、第96條\n    但書，裁定如主文。\n中    華    民    國    99    年    5     月    12    日\n                  刑事第二十庭  法  官  吳佳穎\n以上正本證明與原本無異\n如不服本裁定應於送達後5日內向本院提出抗告狀\n                                書記官  黃炎煌\n中    華    民    國    99    年    5     月    12    日",
  "structure": {
    "main": "甲○○假釋中付保護管束。",
    "reason": "一、聲請意旨略以：受刑人甲○○因竊盜案件，經本院判處有期\n    徒刑2 年確定，於民國97年11月17日送監執行，嗣經法務部\n    於99年5 月7 日核准假釋在案，依刑法第93條第2 項規定，\n    在假釋中應付保護管束，爰依刑事訴訟法第481 條第1 項規\n    定聲請裁定等語。\n二、查本件受刑人前因竊盜案件，經本院以96年度易字第3421號\n    判決判處有期徒刑4 月、4 月、5 月、8 月、8 月，應執行\n    有期徒刑2 年確定，並於97年11月17日入監執行。今受刑人\n    業經法務部核准假釋在案，依行刑累進處遇條例縮刑日數為\n    12日，縮短刑期後刑期終結日為99年9 月16日等情，有臺灣\n    高等法院被告前案紀錄表、法務部矯正司99年5 月7 日法矯\n    司字第0990905993號函及所附臺灣臺東監獄東成分監假釋出\n    獄人交付保護管束名冊各1 份附卷可稽。從而，經本院審核\n    上揭有關文件後，認本件聲請為正當，應予准許。\n三、依刑事訴訟法第481 條第1 項，刑法第93條第2 項、第96條\n    但書，裁定如主文。"
  },
  "characters": {
    "judges": [
      "吳佳穎"
    ],
    "prosecutors": [

    ],
    "lawyers": [

    ],
    "clerks": [
      "黃炎煌"
    ],
    "plaintiffs": [

    ],
    "defendants": [
      "甲○○"
    ],
    "prosecutor_office": [
      "臺灣板橋地方法院檢察署檢察官"
    ],
    "creditors": [

    ],
    "debtors": [

    ],
    "judicial_associate_officer": [

    ]
  },
  "adjudged_at": "2010-05-12",
  "created_at": "2016-01-05 12:25:10",
  "updated_at": "2016-01-05 12:25:10"
}