{
  "identify": "PCD-99-訴-835-20100512-1",
  "court": {
    "name": "臺灣新北地方法院",
    "code": "PCD"
  },
  "division": {
    "name": "民事",
    "code": "V"
  },
  "year": 99,
  "word": "訴",
  "number": "835",
  "jcheck": "1",
  "reason": "清償借款",
  "content": "臺灣板橋地方法院民事裁定               99年度訴字第835號\n原      告  甲○○\n被      告  乙○○\n上列當事人間請求清償借款事件，本院裁定如下：\n    主  文\n原告之訴駁回。\n訴訟費用由原告負擔。\n    理  由\n一、按提起民事訴訟應依民事訴訟法第1編第3章第1節、第2節之\n    規定繳納裁判費，此為必須具備之程式。\n二、本件原告起訴，未據繳納裁判費，經本院於民國99年4月19\n    日裁定命原告於5日內補正。該項裁定已於99年4月22日送達\n    原告，有送達證書附卷可憑。\n三、原告逾期迄未補正，其訴顯難認為合法，應予以駁回。\n四、依民事訴訟法第249條第1項第6款、第95條、第78條，裁定\n    如主文。\n中    華    民    國    99    年    5     月    12    日\n                  民事第三庭    法  官  徐玉玲\n以上正本證明與原本無異\n如不服本裁定應於送達後10日內向本院提出抗告狀，並應繳納抗\n告裁判費新臺幣1,000元整。\n中    華    民    國    99    年    5     月    12    日\n                                書記官  陳靜怡",
  "structure": {
    "main": "原告之訴駁回。\n訴訟費用由原告負擔。",
    "reason": "一、按提起民事訴訟應依民事訴訟法第1編第3章第1節、第2節之\n    規定繳納裁判費，此為必須具備之程式。\n二、本件原告起訴，未據繳納裁判費，經本院於民國99年4月19\n    日裁定命原告於5日內補正。該項裁定已於99年4月22日送達\n    原告，有送達證書附卷可憑。\n三、原告逾期迄未補正，其訴顯難認為合法，應予以駁回。\n四、依民事訴訟法第249條第1項第6款、第95條、第78條，裁定\n    如主文。"
  },
  "characters": {
    "judges": [
      "徐玉玲"
    ],
    "prosecutors": [

    ],
    "lawyers": [

    ],
    "clerks": [

    ],
    "plaintiffs": [
      "甲○○"
    ],
    "defendants": [
      "乙○○"
    ],
    "prosecutor_office": [

    ],
    "creditors": [

    ],
    "debtors": [

    ],
    "judicial_associate_officer": [

    ]
  },
  "adjudged_at": "2010-05-12",
  "created_at": "2016-01-05 12:28:23",
  "updated_at": "2016-01-05 12:28:23"
}