{
  "identify": "PCD-98-易-2590-20100512-3",
  "court": {
    "name": "臺灣新北地方法院",
    "code": "PCD"
  },
  "division": {
    "name": "刑事",
    "code": "M"
  },
  "year": 98,
  "word": "易",
  "number": "2590",
  "jcheck": "3",
  "reason": "毒品危害防制條例",
  "content": "臺灣板橋地方法院刑事裁定              98年度易字第2590號\n公  訴  人  臺灣板橋地方法院檢察署檢察官\n被      告  甲○○\n上列被告因違反毒品危害防制條例案件，本院於民國98年11月12\n日所為之判決原本及其正本，茲發現有誤，應更正如下：\n    主  文\n原判決之原本及其正本關於如附表所示「更正前」之記載皆應更\n正為如附表所示「更正後」所載。\n    事實及理由\n一、按刑事判決文字，顯係誤寫，而不影響於全案情節與判決之\n    本旨者，參照民事訴訟法第232 條第1 項之規定，由原法院\n    依聲請或本於職權以裁定更正之，業經司法院大法官會議釋\n    字第43號解釋在案。\n二、經查，本件被告甲○○於臺灣板橋地方法院檢察署檢察官偵\n    查中，親自到庭接受98年度毒偵字第6675號違反毒品危害防\n    制條例案件之訊問，該案經檢察官提起公訴後，被告亦親自\n    到庭接受本院98年度易字第2590號案件之審理，顯見本案審\n    理之對象確係被告甲○○本人無訛，至被告有無於警詢時遭\n    人冒名應訊，當不影響本院審理之對象。又被告到庭後，於\n    本院準備程序及審理時均自白其係於98年7 月29日晚間某時\n    施用第二級毒品甲基安非他命，並有濫用藥物檢驗報告可資\n    佐憑，自堪採信，足認本件原判決之原本及其正本如附表所\n    示「更正前」之記載顯係「更正後」記載之誤寫，而不影響\n    全案情節與判決主旨，揆諸前開說明，本院自得逕予更正如\n    主文所示。\n三、依刑事訴訟法第220 條，裁定如主文。\n中    華    民    國    99    年    5     月    12    日\n                  刑事第九庭    法  官    賴彥魁\n以上正本證明與原本無異。\n如不服本裁定，應於送達後5 日內敘明抗告理由，向本院提出抗\n告狀。\n                                書記官    楊文祥\n中    華    民    國    99    年    5     月    12    日\n附表：\n┌────┬───────────┬───────────┐\n│        │更正前                │更正後                │\n├────┼───────────┼───────────┤\n│事實欄一│嗣於98年7 月31日下午9 │嗣於98年8 月1 日為警拘│\n│        │時許，在臺北縣中和巿中│提到案                │\n│        │山路2 段600 號前為警查│                      │\n│        │獲                    │                      │\n├────┼───────────┼───────────┤\n│事實欄二│中和第二分局          │土城分局              │\n├────┼───────────┼───────────┤\n│理由欄二│有該公司於98年8 月19日│有該公司於98年8 月20日│\n│        │所出具報告編號UL/2009/│所出具報告編號UL/2009/│\n│        │80134 號濫用藥物檢驗報│80158 號濫用藥物檢驗報│\n│        │告、臺北縣政府警察局中│告、臺北縣政府警察局土│\n│        │和第二分局毒品案犯罪嫌│城分局偵辦毒品案尿液編│\n│        │犯人姓名及代碼對照表各│號及姓名對照表各1 份在│\n│        │1 份在卷可稽（見偵查卷│卷可稽                │\n│        │宗第2 頁、第12頁）    │                      │\n└────┴───────────┴───────────┘",
  "structure": {
    "main": "原判決之原本及其正本關於如附表所示「更正前」之記載皆應更\n正為如附表所示「更正後」所載。",
    "fact": "一、按刑事判決文字，顯係誤寫，而不影響於全案情節與判決之\n    本旨者，參照民事訴訟法第232 條第1 項之規定，由原法院\n    依聲請或本於職權以裁定更正之，業經司法院大法官會議釋\n    字第43號解釋在案。\n二、經查，本件被告甲○○於臺灣板橋地方法院檢察署檢察官偵\n    查中，親自到庭接受98年度毒偵字第6675號違反毒品危害防\n    制條例案件之訊問，該案經檢察官提起公訴後，被告亦親自\n    到庭接受本院98年度易字第2590號案件之審理，顯見本案審\n    理之對象確係被告甲○○本人無訛，至被告有無於警詢時遭\n    人冒名應訊，當不影響本院審理之對象。又被告到庭後，於\n    本院準備程序及審理時均自白其係於98年7 月29日晚間某時\n    施用第二級毒品甲基安非他命，並有濫用藥物檢驗報告可資\n    佐憑，自堪採信，足認本件原判決之原本及其正本如附表所\n    示「更正前」之記載顯係「更正後」記載之誤寫，而不影響\n    全案情節與判決主旨，揆諸前開說明，本院自得逕予更正如\n    主文所示。\n三、依刑事訴訟法第220 條，裁定如主文。",
    "reason": "一、按刑事判決文字，顯係誤寫，而不影響於全案情節與判決之\n    本旨者，參照民事訴訟法第232 條第1 項之規定，由原法院\n    依聲請或本於職權以裁定更正之，業經司法院大法官會議釋\n    字第43號解釋在案。\n二、經查，本件被告甲○○於臺灣板橋地方法院檢察署檢察官偵\n    查中，親自到庭接受98年度毒偵字第6675號違反毒品危害防\n    制條例案件之訊問，該案經檢察官提起公訴後，被告亦親自\n    到庭接受本院98年度易字第2590號案件之審理，顯見本案審\n    理之對象確係被告甲○○本人無訛，至被告有無於警詢時遭\n    人冒名應訊，當不影響本院審理之對象。又被告到庭後，於\n    本院準備程序及審理時均自白其係於98年7 月29日晚間某時\n    施用第二級毒品甲基安非他命，並有濫用藥物檢驗報告可資\n    佐憑，自堪採信，足認本件原判決之原本及其正本如附表所\n    示「更正前」之記載顯係「更正後」記載之誤寫，而不影響\n    全案情節與判決主旨，揆諸前開說明，本院自得逕予更正如\n    主文所示。\n三、依刑事訴訟法第220 條，裁定如主文。"
  },
  "characters": {
    "judges": [
      "賴彥魁"
    ],
    "prosecutors": [

    ],
    "lawyers": [

    ],
    "clerks": [
      "楊文祥"
    ],
    "plaintiffs": [

    ],
    "defendants": [
      "甲○○"
    ],
    "prosecutor_office": [
      "臺灣板橋地方法院檢察署檢察官"
    ],
    "creditors": [

    ],
    "debtors": [

    ],
    "judicial_associate_officer": [

    ]
  },
  "adjudged_at": "2010-05-12",
  "created_at": "2016-01-05 12:26:27",
  "updated_at": "2016-01-05 12:26:27"
}