{
  "identify": "PCD-99-消債更-78-20100512-2",
  "court": {
    "name": "臺灣新北地方法院",
    "code": "PCD"
  },
  "division": {
    "name": "民事",
    "code": "V"
  },
  "year": 99,
  "word": "消債更",
  "number": "78",
  "jcheck": "2",
  "reason": "更生事件",
  "content": "臺灣板橋地方法院民事裁定            99年度消債更字第78號\n聲  請  人  甲○○\n代  理  人  鄒純忻律師\n上列當事人因消費者債務清理事件聲請更生，本院裁定如下：\n    主  文\n聲請人甲○○自民國99年5月12日下午四時起開始更生程序。\n本件命司法事務官進行更生程序。\n    理  由\n一、本件聲請意旨略以：聲請人因有不能清償債務之情事，目前\n    積欠銀行信用卡等債務總金額為新臺幣（下同）0000000 元\n    ，因積欠銀行借款，而有不能清償之情事，前已提出債權人\n    清冊，以書面向最大債權金融機構請求共同協商債務清償方\n    案，惟聲請人每月月薪約為25000 元，尚需扶養年老之父親\n    及二名未成年子女，於扣除每月必要支出及扶養費後，無法\n    接受銀行所提出之每月還款5000元之協商方案，而協商不成\n    立，且聲請人已不能清償上開債務之虞，爰請求裁定准予更\n    生等語。\n二、按債務人不能清償債務或有不能清償之虞者，得依本條例所\n    定更生程序，清理其債務；債務人無擔保或無優先權之債務\n    總額未逾1200萬元者，於法院裁定開始清算程序或宣告破產\n    前，得向法院聲請更生；債務人對於金融機構因消費借貸、\n    自用住宅借款、信用卡或現金卡契約而負債務，在聲請更生\n    或清算前，應提出債權人清冊，以書面向最大債權金融機構\n    請求協商債務清償方案，並表明共同協商之意旨；債務人與\n    金融機構協商成立者，不得聲請更生或清算。但因不可歸責\n    於己之事由，致履行顯有重大困難者，不在此限；本條例施\n    行前，債務人依金融主管機關協調成立之中華民國銀行公會\n    會員，辦理消費金融案件無擔保債務協商機制與金融機構成\n    立之協商，準用前項之規定；法院開始更生程序之裁定，應\n    載明其年、月、日、時，並即時發生效力；法院裁定開始更\n    生或清算程序後，得命司法事務官進行更生或清算程序，必\n    要時得選任律師、會計師或其他適當之自然人或法人一人為\n    監督人或管理人，消費者債務清理條例第3條、第42條第1項\n    、第151條第1項、第5項、第6項、第45條第1項、第16條第1\n    項分別定有明文。\n三、經查：\n  (一)聲請人於提出本件更生之聲請前，曾向聲請人之最大債權金\n    融機構台新國際商業銀行股份有限公司（下稱台新銀行）表\n    明協商之意思，經台新銀行於民國99年2月9日以聲請人未能\n    接受顯足以負擔之還款方案為由（二階段72期利率0%、每期\n    5000元）通知協商不成立，此有聲請人提出之台新銀行之前\n    置協商不成立通知書影本在卷可參。是聲請人既已依法與最\n    大債權金融機構進行實質共同協商而協商不成立，復參酌消\n    費者債務清理條例第3 條規定債務人不能清償或有不能清償\n    之虞，即得聲請更生，並無以履行金融機關之協商條件有困\n    難為要件，況聲請人是否同意協商條件，係聲請人之自由，\n    且聲請人透過更生程序早日解脫債務之實體利益，為立法意\n    旨所保障。則聲請人據以聲請更生，本院自應綜合聲請人目\n    前全部收支及財產狀況，評估是否已不能維持符合人性尊嚴\n    之最基本生活條件，而有「不能清償或不能清償之虞」之情\n    。\n  (二)就聲請人本人之必要基本生活支出部份，聲請人並未提出全\n    部憑證以資證明，無從審酌是否均屬必要基本生活之費用，\n    此部份因消費者債務清理條例之立法目的，係為使不幸陷入\n    經濟困境之人得以清理債務、重建生活，並在清理過程中能\n    保有符合人性尊嚴之最低基本生活，而非維持債務人過去慣\n    常之寬逸生活，是於評估債務人是否有不能清償或履行原協\n    商方案是否顯有重大困難時，並非由聲請人任意主張其基本\n    生活費用之數額，否則將造成揮霍無度以致清償能力降低，\n    反而易使更生程序無從進行，因此本院認應以行政院主計處\n    公佈之99年度臺北縣每人每月最低生活費用為10792 元計算\n    始為合理，且此該最低生活費用即包括食、衣、住、行等費\n    用在內，聲請人既負債大於資產，本應較一般人更節約支出\n    ，節省開銷，因之，應以上開10792 元作為聲請人每月必要\n    基本生活支出之金額；至於扶養費部分，依國稅局扶養免稅\n    額計算，即係以每人每月為6417元為計算始為基準，合先敘\n    明。\n  (三)依聲請人主張目前每月薪資平均約25000 元、低收入戶補助\n    720 0元，此有聲請人所附其子吳○樺郵局存摺中99年1 月5\n    日國陽超跨行匯入20189元、99年2月5日16162元、99年2 月\n    11日586 45元、99年3月5 日17850元明細、聲請人郵局存摺\n    、全戶低收入戶證明在卷可憑，堪已認定，是評估聲請人之\n    財產、信用、勞力三者所構成之清償能力，聲請人現年46歲\n    、職業為機械設計、離婚、需扶養二名就學且未成年之子女\n    、名下無財產、長女吳○榛名下有93年出廠之1586氣缸容量\n    之車輛觀之，此有聲請人全戶戶籍謄本、聲請人、吳○榛、\n    吳○樺96年度、97年度財政部國稅局綜合所得稅各類所得資\n    料清單、財產歸屬資料清單、吳○榛學生證、吳○樺學雜費\n    收據在卷可稽，則以聲請人月入僅25000 元之情，扣除維持\n    其本人及受扶養人等基本必要生活費用後，聲請人餘額顯屬\n    有限，且依聲請人所提出債權人清冊，其總債務高達300 餘\n    萬元，復無其他資產，則本院綜合聲請人目前全部收支及財\n    產狀況，評估聲請人已不能維持符合人性尊嚴之最基本生活\n    條件，足見聲請人目前並無完全清償債務能力之可能。則聲\n    請人主張有不能清償債務之虞事實，應堪採信。\n四、綜上所述，本件聲請人為一般消費者，並未從事營業活動。\n    其有無法清償前述債務之虞情事，又所負無擔保或無優先權\n    之債務，並未逾1200萬元，且未經法院裁定開始清算程序或\n    宣告破產，復查無消費者債務清理條例第6條第3項、第8 條\n    或第46條各款所定駁回更生聲請之事由存在，則聲請人聲請\n    更生，應屬有據，自應准許。\n五、至聲請人更生程序開始後，應另提出足以為債權人會議可決\n    或經法院認為公允之更生方案以供採擇，俾免更生程序進行\n    至依消費者債務清理條例第61條規定應行清算之程度，非必\n    有利於聲請人。另聲請人聲請保全處分部分，因本件既經准\n    予更生，則債權人非依更生程序不得行使權利，自無依保全\n    處分再予限制之必要，是聲請人聲請保全處分，核無必要，\n    附此敘明。\n中    華    民    國    99    年    5     月    12    日\n                  民事第二庭    法  官  李行一\n上為正本係照原本作成\n本件不得抗告\n本裁定已於99年5月12日下午4時公告。\n中    華    民    國    99    年    5     月    12    日\n                                書記官  蔡於衡",
  "structure": {
    "main": "聲請人甲○○自民國99年5月12日下午四時起開始更生程序。\n本件命司法事務官進行更生程序。",
    "reason": "一、本件聲請意旨略以：聲請人因有不能清償債務之情事，目前\n    積欠銀行信用卡等債務總金額為新臺幣（下同）0000000 元\n    ，因積欠銀行借款，而有不能清償之情事，前已提出債權人\n    清冊，以書面向最大債權金融機構請求共同協商債務清償方\n    案，惟聲請人每月月薪約為25000 元，尚需扶養年老之父親\n    及二名未成年子女，於扣除每月必要支出及扶養費後，無法\n    接受銀行所提出之每月還款5000元之協商方案，而協商不成\n    立，且聲請人已不能清償上開債務之虞，爰請求裁定准予更\n    生等語。\n二、按債務人不能清償債務或有不能清償之虞者，得依本條例所\n    定更生程序，清理其債務；債務人無擔保或無優先權之債務\n    總額未逾1200萬元者，於法院裁定開始清算程序或宣告破產\n    前，得向法院聲請更生；債務人對於金融機構因消費借貸、\n    自用住宅借款、信用卡或現金卡契約而負債務，在聲請更生\n    或清算前，應提出債權人清冊，以書面向最大債權金融機構\n    請求協商債務清償方案，並表明共同協商之意旨；債務人與\n    金融機構協商成立者，不得聲請更生或清算。但因不可歸責\n    於己之事由，致履行顯有重大困難者，不在此限；本條例施\n    行前，債務人依金融主管機關協調成立之中華民國銀行公會\n    會員，辦理消費金融案件無擔保債務協商機制與金融機構成\n    立之協商，準用前項之規定；法院開始更生程序之裁定，應\n    載明其年、月、日、時，並即時發生效力；法院裁定開始更\n    生或清算程序後，得命司法事務官進行更生或清算程序，必\n    要時得選任律師、會計師或其他適當之自然人或法人一人為\n    監督人或管理人，消費者債務清理條例第3條、第42條第1項\n    、第151條第1項、第5項、第6項、第45條第1項、第16條第1\n    項分別定有明文。\n三、經查：\n  (一)聲請人於提出本件更生之聲請前，曾向聲請人之最大債權金\n    融機構台新國際商業銀行股份有限公司（下稱台新銀行）表\n    明協商之意思，經台新銀行於民國99年2月9日以聲請人未能\n    接受顯足以負擔之還款方案為由（二階段72期利率0%、每期\n    5000元）通知協商不成立，此有聲請人提出之台新銀行之前\n    置協商不成立通知書影本在卷可參。是聲請人既已依法與最\n    大債權金融機構進行實質共同協商而協商不成立，復參酌消\n    費者債務清理條例第3 條規定債務人不能清償或有不能清償\n    之虞，即得聲請更生，並無以履行金融機關之協商條件有困\n    難為要件，況聲請人是否同意協商條件，係聲請人之自由，\n    且聲請人透過更生程序早日解脫債務之實體利益，為立法意\n    旨所保障。則聲請人據以聲請更生，本院自應綜合聲請人目\n    前全部收支及財產狀況，評估是否已不能維持符合人性尊嚴\n    之最基本生活條件，而有「不能清償或不能清償之虞」之情\n    。\n  (二)就聲請人本人之必要基本生活支出部份，聲請人並未提出全\n    部憑證以資證明，無從審酌是否均屬必要基本生活之費用，\n    此部份因消費者債務清理條例之立法目的，係為使不幸陷入\n    經濟困境之人得以清理債務、重建生活，並在清理過程中能\n    保有符合人性尊嚴之最低基本生活，而非維持債務人過去慣\n    常之寬逸生活，是於評估債務人是否有不能清償或履行原協\n    商方案是否顯有重大困難時，並非由聲請人任意主張其基本\n    生活費用之數額，否則將造成揮霍無度以致清償能力降低，\n    反而易使更生程序無從進行，因此本院認應以行政院主計處\n    公佈之99年度臺北縣每人每月最低生活費用為10792 元計算\n    始為合理，且此該最低生活費用即包括食、衣、住、行等費\n    用在內，聲請人既負債大於資產，本應較一般人更節約支出\n    ，節省開銷，因之，應以上開10792 元作為聲請人每月必要\n    基本生活支出之金額；至於扶養費部分，依國稅局扶養免稅\n    額計算，即係以每人每月為6417元為計算始為基準，合先敘\n    明。\n  (三)依聲請人主張目前每月薪資平均約25000 元、低收入戶補助\n    720 0元，此有聲請人所附其子吳○樺郵局存摺中99年1 月5\n    日國陽超跨行匯入20189元、99年2月5日16162元、99年2 月\n    11日586 45元、99年3月5 日17850元明細、聲請人郵局存摺\n    、全戶低收入戶證明在卷可憑，堪已認定，是評估聲請人之\n    財產、信用、勞力三者所構成之清償能力，聲請人現年46歲\n    、職業為機械設計、離婚、需扶養二名就學且未成年之子女\n    、名下無財產、長女吳○榛名下有93年出廠之1586氣缸容量\n    之車輛觀之，此有聲請人全戶戶籍謄本、聲請人、吳○榛、\n    吳○樺96年度、97年度財政部國稅局綜合所得稅各類所得資\n    料清單、財產歸屬資料清單、吳○榛學生證、吳○樺學雜費\n    收據在卷可稽，則以聲請人月入僅25000 元之情，扣除維持\n    其本人及受扶養人等基本必要生活費用後，聲請人餘額顯屬\n    有限，且依聲請人所提出債權人清冊，其總債務高達300 餘\n    萬元，復無其他資產，則本院綜合聲請人目前全部收支及財\n    產狀況，評估聲請人已不能維持符合人性尊嚴之最基本生活\n    條件，足見聲請人目前並無完全清償債務能力之可能。則聲\n    請人主張有不能清償債務之虞事實，應堪採信。\n四、綜上所述，本件聲請人為一般消費者，並未從事營業活動。\n    其有無法清償前述債務之虞情事，又所負無擔保或無優先權\n    之債務，並未逾1200萬元，且未經法院裁定開始清算程序或\n    宣告破產，復查無消費者債務清理條例第6條第3項、第8 條\n    或第46條各款所定駁回更生聲請之事由存在，則聲請人聲請\n    更生，應屬有據，自應准許。\n五、至聲請人更生程序開始後，應另提出足以為債權人會議可決\n    或經法院認為公允之更生方案以供採擇，俾免更生程序進行\n    至依消費者債務清理條例第61條規定應行清算之程度，非必\n    有利於聲請人。另聲請人聲請保全處分部分，因本件既經准\n    予更生，則債權人非依更生程序不得行使權利，自無依保全\n    處分再予限制之必要，是聲請人聲請保全處分，核無必要，\n    附此敘明。"
  },
  "characters": {
    "judges": [
      "李行一"
    ],
    "prosecutors": [

    ],
    "lawyers": [
      "鄒純忻",
      "要時得選任"
    ],
    "clerks": [

    ],
    "plaintiffs": [

    ],
    "defendants": [

    ],
    "prosecutor_office": [
      "甲"
    ],
    "creditors": [

    ],
    "debtors": [

    ],
    "judicial_associate_officer": [

    ]
  },
  "adjudged_at": "2010-05-12",
  "created_at": "2016-01-05 12:27:39",
  "updated_at": "2016-01-05 12:27:39"
}