{
  "identify": "PCD-99-簡-4078-20100512-1",
  "court": {
    "name": "臺灣新北地方法院",
    "code": "PCD"
  },
  "division": {
    "name": "刑事",
    "code": "M"
  },
  "year": 99,
  "word": "簡",
  "number": "4078",
  "jcheck": "1",
  "reason": "賭博",
  "content": "臺灣板橋地方法院刑事簡易判決          99年度簡字第4078號\n聲  請  人  臺灣板橋地方法院檢察署檢察官\n被      告  甲○○\n上列被告因賭博案件，經檢察官聲請簡易判決處刑（99年度速偵\n字第2588號），本院判決如下：\n    主  文\n甲○○意圖營利，聚眾賭博，處有期徒刑貳月，如易科罰金，以\n新臺幣壹仟元折算壹日。扣案之傳真機壹臺、簽注單肆張均沒收\n。\n    事實及理由\n一、本件犯罪事實及證據，均引用如附件檢察官聲請簡易判決處\n    刑書之記載。\n二、核被告甲○○所為，係犯刑法第266 條第1 項前段之普通賭\n    博罪、同法第268 條前段之意圖營利供給賭博場所罪及同條\n    後段之意圖營利聚眾賭博罪。又被告於上開期間內多次提供\n    賭博場所、聚眾賭博及與不特定人對賭之犯行，於自然概念\n    上雖屬數行為，然依本件具體狀況，被告係以營利之意思而\n    持續對不特定之賭客為之，均屬基於營業動機之單一犯罪計\n    劃賡續所為之集合行為，於法律評價上為營業犯性質之集合\n    犯，而俱屬包括一罪之實質上一罪，應論以一罪為己足，聲\n    請意旨認為係接續犯，容有誤會，附此敘明。又被告一行為\n    觸犯上開三罪名，為想像競合犯，應依刑法第55條之規定，\n    從其中法定刑及情節較重之意圖營利聚眾賭博罪處斷。爰審\n    酌被告之前案紀錄，素行尚稱良好，此有臺灣高等法院被告\n    前案紀錄表在卷可佐，衡其經營六合彩賭博，助長投機風氣\n    有害社會秩序，惟犯後能坦承犯行，態度良好，兼衡其所經\n    營之時間尚短，所生之危害不大等一切情狀，爰量處如主文\n    所示之刑，並諭知如易科罰金之折算標準，以資儆懲。又扣\n    案之傳真機1 臺、六合彩簽注單4 張均為被告所有，供本件\n    犯罪所用之物，業據其供承在卷，爰均依刑法第38條第1 項\n    第2 款之規定沒收。\n三、依刑事訴訟法第449 條第1 項前段、第3 項、第454 條第2\n    項、第450 條第1 項，刑法第266 條第1 項、第268 條、第\n    55條、第41條第1 項前段、第38條第1 項第2 款，刑法施行\n    法第1 條之1 第1 項、第2 項前段，逕以簡易判決處刑如主\n    文。\n四、如不服本判決，得自收受送達之日起10日內向本院提出上訴\n    狀，上訴於本院第二審合議庭（須附繕本）。\n中    華    民    國    99    年    5     月    12    日\n                  刑事第二十二庭  法  官  曹 惠 玲\n上列正本證明與原本無異。\n                                  書記官  許 育 菁\n中    華    民    國    99    年    5     月    14    日\n附錄本案論罪科刑法條\n中華民國刑法第266條\n在公共場所或公眾得出入之場所賭博財物者，處1,000 元以下罰\n金。但以供人暫時娛樂之物為賭者，不在此限。\n當場賭博之器具與在賭檯或兌換籌碼處之財物，不問屬於犯人與\n否，沒收之。\n中華民國刑法第268條\n意圖營利，供給賭博場所或聚眾賭博者，處3 年以下有期徒刑，\n得併科3,000元以下罰金。",
  "structure": {
    "main": "甲○○意圖營利，聚眾賭博，處有期徒刑貳月，如易科罰金，以\n新臺幣壹仟元折算壹日。扣案之傳真機壹臺、簽注單肆張均沒收\n。",
    "fact": "一、本件犯罪事實及證據，均引用如附件檢察官聲請簡易判決處\n    刑書之記載。\n二、核被告甲○○所為，係犯刑法第266 條第1 項前段之普通賭\n    博罪、同法第268 條前段之意圖營利供給賭博場所罪及同條\n    後段之意圖營利聚眾賭博罪。又被告於上開期間內多次提供\n    賭博場所、聚眾賭博及與不特定人對賭之犯行，於自然概念\n    上雖屬數行為，然依本件具體狀況，被告係以營利之意思而\n    持續對不特定之賭客為之，均屬基於營業動機之單一犯罪計\n    劃賡續所為之集合行為，於法律評價上為營業犯性質之集合\n    犯，而俱屬包括一罪之實質上一罪，應論以一罪為己足，聲\n    請意旨認為係接續犯，容有誤會，附此敘明。又被告一行為\n    觸犯上開三罪名，為想像競合犯，應依刑法第55條之規定，\n    從其中法定刑及情節較重之意圖營利聚眾賭博罪處斷。爰審\n    酌被告之前案紀錄，素行尚稱良好，此有臺灣高等法院被告\n    前案紀錄表在卷可佐，衡其經營六合彩賭博，助長投機風氣\n    有害社會秩序，惟犯後能坦承犯行，態度良好，兼衡其所經\n    營之時間尚短，所生之危害不大等一切情狀，爰量處如主文\n    所示之刑，並諭知如易科罰金之折算標準，以資儆懲。又扣\n    案之傳真機1 臺、六合彩簽注單4 張均為被告所有，供本件\n    犯罪所用之物，業據其供承在卷，爰均依刑法第38條第1 項\n    第2 款之規定沒收。\n三、依刑事訴訟法第449 條第1 項前段、第3 項、第454 條第2\n    項、第450 條第1 項，刑法第266 條第1 項、第268 條、第\n    55條、第41條第1 項前段、第38條第1 項第2 款，刑法施行\n    法第1 條之1 第1 項、第2 項前段，逕以簡易判決處刑如主\n    文。\n四、如不服本判決，得自收受送達之日起10日內向本院提出上訴\n    狀，上訴於本院第二審合議庭（須附繕本）。",
    "reason": "一、本件犯罪事實及證據，均引用如附件檢察官聲請簡易判決處\n    刑書之記載。\n二、核被告甲○○所為，係犯刑法第266 條第1 項前段之普通賭\n    博罪、同法第268 條前段之意圖營利供給賭博場所罪及同條\n    後段之意圖營利聚眾賭博罪。又被告於上開期間內多次提供\n    賭博場所、聚眾賭博及與不特定人對賭之犯行，於自然概念\n    上雖屬數行為，然依本件具體狀況，被告係以營利之意思而\n    持續對不特定之賭客為之，均屬基於營業動機之單一犯罪計\n    劃賡續所為之集合行為，於法律評價上為營業犯性質之集合\n    犯，而俱屬包括一罪之實質上一罪，應論以一罪為己足，聲\n    請意旨認為係接續犯，容有誤會，附此敘明。又被告一行為\n    觸犯上開三罪名，為想像競合犯，應依刑法第55條之規定，\n    從其中法定刑及情節較重之意圖營利聚眾賭博罪處斷。爰審\n    酌被告之前案紀錄，素行尚稱良好，此有臺灣高等法院被告\n    前案紀錄表在卷可佐，衡其經營六合彩賭博，助長投機風氣\n    有害社會秩序，惟犯後能坦承犯行，態度良好，兼衡其所經\n    營之時間尚短，所生之危害不大等一切情狀，爰量處如主文\n    所示之刑，並諭知如易科罰金之折算標準，以資儆懲。又扣\n    案之傳真機1 臺、六合彩簽注單4 張均為被告所有，供本件\n    犯罪所用之物，業據其供承在卷，爰均依刑法第38條第1 項\n    第2 款之規定沒收。\n三、依刑事訴訟法第449 條第1 項前段、第3 項、第454 條第2\n    項、第450 條第1 項，刑法第266 條第1 項、第268 條、第\n    55條、第41條第1 項前段、第38條第1 項第2 款，刑法施行\n    法第1 條之1 第1 項、第2 項前段，逕以簡易判決處刑如主\n    文。\n四、如不服本判決，得自收受送達之日起10日內向本院提出上訴\n    狀，上訴於本院第二審合議庭（須附繕本）。"
  },
  "characters": {
    "judges": [
      "曹惠玲"
    ],
    "prosecutors": [

    ],
    "lawyers": [

    ],
    "clerks": [
      "許育菁"
    ],
    "plaintiffs": [

    ],
    "defendants": [
      "甲○○"
    ],
    "prosecutor_office": [
      "臺灣板橋地方法院檢察署檢察官"
    ],
    "creditors": [

    ],
    "debtors": [

    ],
    "judicial_associate_officer": [

    ]
  },
  "adjudged_at": "2010-05-12",
  "created_at": "2016-01-05 12:24:32",
  "updated_at": "2016-01-05 12:24:32"
}