{
  "identify": "PCD-98-簡-8515-20100512-2",
  "court": {
    "name": "臺灣新北地方法院",
    "code": "PCD"
  },
  "division": {
    "name": "刑事",
    "code": "M"
  },
  "year": 98,
  "word": "簡",
  "number": "8515",
  "jcheck": "2",
  "reason": "詐欺",
  "content": "臺灣板橋地方法院刑事裁定              98年度簡字第8515號\n聲  請  人  臺灣板橋地方法院檢察署檢察官\n被      告  甲○○\n上列上訴人即被告因詐欺案件，不服本院98年度簡字第8515號中\n華民國98年12月2 日第一審刑事簡易判決（聲請簡易判決處刑案\n號：臺灣板橋地方法院檢察署98年度偵字第22137 號），提起上\n訴，本院裁定如下：\n    主  文\n上訴駁回。\n    理  由\n一、按當事人對於下級法院之判決有不服者，得上訴於上級法院\n    ；上訴期間為10日，自送達判決後起算；原審法院認為上訴\n    不合法律上之程式，且無從補正者，應以裁定駁回之，刑事\n    訴訟法第344條第1項、第349條前段、第362條前段分別定有\n    明文。次按送達文書，除本章有特別規定外，準用民事訴訟\n    法之規定，刑事訴訟法第62條定有明文。又按送達於應受送\n    達人之住居所、事務所或營業所行之；送達於住、居所、事\n    務所或營業所，不獲會晤應受送達人者，得將文書付與有辨\n    別事理能力之同居人或受僱人；送達不能依民事訴訟法第13\n    6 條、第137 條規定為之者，得將文書寄存送達地之自治或\n    警察機關，並作送達通知書兩份，一份黏貼於應受送達人住\n    居所、事務所、營業所或其就業處所門首，另一份置於該送\n    達處所信箱或其他適當位置，以為送達。寄存送達，自寄存\n    之日起，經10日發生效力，民事訴訟法第136 條第1 項、第\n    137 條第1 項、第138 條第1 項、第2 項亦分別定有明文。\n二、經查，本案判決正本經本院於民國98年12月10日送達上訴人\n    即被告甲○○位於臺北縣板橋市○○路○ 段323 號31樓之7\n    住所，因未獲會晤被告，亦無受領文書之同居人或受僱人，\n    而經郵政機關寄存送達於臺北縣政府警察局海山分局新海派\n    出所，有送達證書1 份附卷可稽，則依前開規定，上揭刑事\n    判決正本業於98年12月20日即生合法送達被告之效力。是被\n    告應自前開判決正本送達之翌日即98年12月21日起10日內（\n    另加計在途期間2 日），即應於99年1 月2 日（非假日）以\n    前提出上訴，詎被告遲至99年2 月23日始向本院具狀提起上\n    訴，有刑事上訴狀蓋印之本院收狀戳可憑，顯已逾上訴期間\n    ，其上訴即屬違背法律上之程式，且無從補正，揆諸前揭說\n    明，應逕以裁定駁回其上訴。\n三、依刑事訴訟法第455 條之1 第3 項、第362 條前段，裁定如\n    主文。\n中    華    民    國    99    年    5     月    12    日\n                  刑事第二十三庭  法  官  黃繼瑜\n以上正本證明與原本無異\n如不服本裁定應於送達後5日內向本院提出抗告狀。\n                                  書記官  藍淑芬\n中    華    民    國    99    年    5     月    14    日",
  "structure": {
    "main": "上訴駁回。",
    "reason": "一、按當事人對於下級法院之判決有不服者，得上訴於上級法院\n    ；上訴期間為10日，自送達判決後起算；原審法院認為上訴\n    不合法律上之程式，且無從補正者，應以裁定駁回之，刑事\n    訴訟法第344條第1項、第349條前段、第362條前段分別定有\n    明文。次按送達文書，除本章有特別規定外，準用民事訴訟\n    法之規定，刑事訴訟法第62條定有明文。又按送達於應受送\n    達人之住居所、事務所或營業所行之；送達於住、居所、事\n    務所或營業所，不獲會晤應受送達人者，得將文書付與有辨\n    別事理能力之同居人或受僱人；送達不能依民事訴訟法第13\n    6 條、第137 條規定為之者，得將文書寄存送達地之自治或\n    警察機關，並作送達通知書兩份，一份黏貼於應受送達人住\n    居所、事務所、營業所或其就業處所門首，另一份置於該送\n    達處所信箱或其他適當位置，以為送達。寄存送達，自寄存\n    之日起，經10日發生效力，民事訴訟法第136 條第1 項、第\n    137 條第1 項、第138 條第1 項、第2 項亦分別定有明文。\n二、經查，本案判決正本經本院於民國98年12月10日送達上訴人\n    即被告甲○○位於臺北縣板橋市○○路○ 段323 號31樓之7\n    住所，因未獲會晤被告，亦無受領文書之同居人或受僱人，\n    而經郵政機關寄存送達於臺北縣政府警察局海山分局新海派\n    出所，有送達證書1 份附卷可稽，則依前開規定，上揭刑事\n    判決正本業於98年12月20日即生合法送達被告之效力。是被\n    告應自前開判決正本送達之翌日即98年12月21日起10日內（\n    另加計在途期間2 日），即應於99年1 月2 日（非假日）以\n    前提出上訴，詎被告遲至99年2 月23日始向本院具狀提起上\n    訴，有刑事上訴狀蓋印之本院收狀戳可憑，顯已逾上訴期間\n    ，其上訴即屬違背法律上之程式，且無從補正，揆諸前揭說\n    明，應逕以裁定駁回其上訴。\n三、依刑事訴訟法第455 條之1 第3 項、第362 條前段，裁定如\n    主文。"
  },
  "characters": {
    "judges": [
      "黃繼瑜"
    ],
    "prosecutors": [

    ],
    "lawyers": [

    ],
    "clerks": [
      "藍淑芬"
    ],
    "plaintiffs": [

    ],
    "defendants": [
      "甲○○"
    ],
    "prosecutor_office": [
      "臺灣板橋地方法院檢察署檢察官"
    ],
    "creditors": [

    ],
    "debtors": [

    ],
    "judicial_associate_officer": [

    ]
  },
  "adjudged_at": "2010-05-12",
  "created_at": "2016-01-05 12:27:25",
  "updated_at": "2016-01-05 12:27:25"
}