{
  "identify": "PCD-99-婚-129-20100512-1",
  "court": {
    "name": "臺灣新北地方法院",
    "code": "PCD"
  },
  "division": {
    "name": "民事",
    "code": "V"
  },
  "year": 99,
  "word": "婚",
  "number": "129",
  "jcheck": "1",
  "reason": "離婚",
  "content": "臺灣板橋地方法院民事判決               99年度婚字第129號\n原      告  丙○○○\n被      告  丁○○\n上列當事人間請求離婚事件，本院於中華民國99年4 月28日言詞\n辯論終結，判決如下：\n    主    文\n准原告與被告離婚。\n訴訟費用由被告負擔。\n    事實及理由\n一、本件被告經合法通知，未於言詞辯論期日到場，核無民事訴\n    訟法第386 條所列各款情形，爰依原告之聲請，由其一造辯\n    論而為判決。\n二、原告主張：兩造於民國72年12月15日結婚，育有2 名子女甲\n    ○○、乙○○，均已成年。婚後被告有酗酒惡習，幾乎天天\n    喝酒，很少提供家庭生活費用，難以溝通，與之生活精神壓\n    力很大。於96年底被告與兩造之女多次爭執，並對其施以家\n    暴，及拿電風扇要砸兩造之女，為原告所阻擋，原告及兩造\n    子女均覺難以與被告共同生活，因而遷出台北縣三重市○○\n    街68號2 樓住處，搬至台北縣三重市○○路14巷5 號3 樓現\n    住所居住，之後原住所房租到期，被告亦搬離該租屋處，此\n    後雙方均無聯絡，音訊全無，於98年過年被告父親過世，被\n    告亦未返家，其兄弟姐妹亦均不知被告下落。兩造感情已生\n    破綻而難以維持，為此依據民法第1052條第2 項規定的事由\n    請求離婚。並聲明：准原告與被告離婚。\n三、被告方面：被告未於言詞辯論期日到場，亦未提出書狀作何\n    聲明或陳述。\n四、本院當庭協議整理原告本件事實上及法律上之爭點如下：\n(一)確認原告請求權基礎，如卷附書狀及以前筆錄所特定之型態\n    。\n(二)就原告請求權之原因事實所主張之證據方法如卷附物證及所\n    聲明之人證。\n五、兩造於72年12月15日結婚，育有2 名子女，均已成年，現婚\n    姻關係存續中，有原告提出之戶籍謄本為證。又原告主張之\n    前揭事實，亦據證人即兩造之女甲○○證稱：爸爸現在沒有\n    跟我們一起住，約從96年底時起就沒有一起住了，那時爸爸\n    常常喝酒，幾乎每天都喝，不正常工作，很少提供家庭生活\n    費用，難以溝通，和家人關係不好，有一次我的男朋友到家\n    裡來，我們在房間玩電腦線上遊戲，他敲門要進來，我開門\n    讓他進來後，他不由分說就把房間的電風扇打壞，又有一次\n    ，爸爸在門外不知罵什麼，我開房門查看，他就拿電風扇要\n    打我，媽媽出來阻擋，我嚇的躲進房間，後來媽媽就帶著我\n    們2 個小孩搬離住處，當時爸爸在現場，他對我們搬家不置\n    可否，後來住處的房租到期，爸爸也搬家，之後彼此都沒有\n    聯絡，至今音訊全無，我不知道爸爸現住何處，他未曾打電\n    話給我等語。被告受合法通知未到庭，亦未提出書狀作何聲\n    明或答辯。是本院綜上事證，自堪信原告主張之事實為真正\n    。\n六、按我國民法第1052條第2 項前段規定：「有前項以外之重大\n    事由，難以維持婚姻者，夫妻之一方得請求離婚。」，其目\n    的在使夫妻請求裁判離婚之事由較富彈性。又婚姻係以夫妻\n    之共同生活為目的（民法第1001條規定），配偶應互相協力\n    保持其共同生活之圓滿及幸福。經查，兩造結婚多年，並育\n    有2 名子女，被告基於夫妻情誼，自當本於互信互諒之態度\n    ，與原告共同經營和諧的婚姻生活，相互扶持、彼此尊重，\n    此乃婚姻之目的。詎原告有酗酒惡習，不務正業，鮮少提供\n    家庭生活費用，酒後實施家暴，致兩造於96年底分居至今，\n    彼此均無聯絡，夫妻有名無實，客觀上兩造之婚姻已因被告\n    之行徑，而足以破壞夫妻共同生活而達於難以繼續維持婚姻\n    之重大事由，從而衡以該事由之發生並非基於原告一方所致\n    之，是揆諸上揭法條規定，原告據以訴請判決離婚，依法即\n    無不合，應予准許。\n七、訴訟費用負擔之依據：民事訴訟法第78條。\n中    華    民    國    99    年    5    月     12    日\n                  家事庭  法  官  毛崑山\n以上正本證明與原本無異。\n如對本判決不服，應於判決送達後20日內向本院提出上訴狀。\n中    華    民    國    99    年    5    月     12    日\n                          書記官  廖宮仕",
  "structure": {
    "main": "准原告與被告離婚。\n訴訟費用由被告負擔。",
    "fact": "一、本件被告經合法通知，未於言詞辯論期日到場，核無民事訴\n    訟法第386 條所列各款情形，爰依原告之聲請，由其一造辯\n    論而為判決。\n二、原告主張：兩造於民國72年12月15日結婚，育有2 名子女甲\n    ○○、乙○○，均已成年。婚後被告有酗酒惡習，幾乎天天\n    喝酒，很少提供家庭生活費用，難以溝通，與之生活精神壓\n    力很大。於96年底被告與兩造之女多次爭執，並對其施以家\n    暴，及拿電風扇要砸兩造之女，為原告所阻擋，原告及兩造\n    子女均覺難以與被告共同生活，因而遷出台北縣三重市○○\n    街68號2 樓住處，搬至台北縣三重市○○路14巷5 號3 樓現\n    住所居住，之後原住所房租到期，被告亦搬離該租屋處，此\n    後雙方均無聯絡，音訊全無，於98年過年被告父親過世，被\n    告亦未返家，其兄弟姐妹亦均不知被告下落。兩造感情已生\n    破綻而難以維持，為此依據民法第1052條第2 項規定的事由\n    請求離婚。並聲明：准原告與被告離婚。\n三、被告方面：被告未於言詞辯論期日到場，亦未提出書狀作何\n    聲明或陳述。\n四、本院當庭協議整理原告本件事實上及法律上之爭點如下：\n(一)確認原告請求權基礎，如卷附書狀及以前筆錄所特定之型態\n    。\n(二)就原告請求權之原因事實所主張之證據方法如卷附物證及所\n    聲明之人證。\n五、兩造於72年12月15日結婚，育有2 名子女，均已成年，現婚\n    姻關係存續中，有原告提出之戶籍謄本為證。又原告主張之\n    前揭事實，亦據證人即兩造之女甲○○證稱：爸爸現在沒有\n    跟我們一起住，約從96年底時起就沒有一起住了，那時爸爸\n    常常喝酒，幾乎每天都喝，不正常工作，很少提供家庭生活\n    費用，難以溝通，和家人關係不好，有一次我的男朋友到家\n    裡來，我們在房間玩電腦線上遊戲，他敲門要進來，我開門\n    讓他進來後，他不由分說就把房間的電風扇打壞，又有一次\n    ，爸爸在門外不知罵什麼，我開房門查看，他就拿電風扇要\n    打我，媽媽出來阻擋，我嚇的躲進房間，後來媽媽就帶著我\n    們2 個小孩搬離住處，當時爸爸在現場，他對我們搬家不置\n    可否，後來住處的房租到期，爸爸也搬家，之後彼此都沒有\n    聯絡，至今音訊全無，我不知道爸爸現住何處，他未曾打電\n    話給我等語。被告受合法通知未到庭，亦未提出書狀作何聲\n    明或答辯。是本院綜上事證，自堪信原告主張之事實為真正\n    。\n六、按我國民法第1052條第2 項前段規定：「有前項以外之重大\n    事由，難以維持婚姻者，夫妻之一方得請求離婚。」，其目\n    的在使夫妻請求裁判離婚之事由較富彈性。又婚姻係以夫妻\n    之共同生活為目的（民法第1001條規定），配偶應互相協力\n    保持其共同生活之圓滿及幸福。經查，兩造結婚多年，並育\n    有2 名子女，被告基於夫妻情誼，自當本於互信互諒之態度\n    ，與原告共同經營和諧的婚姻生活，相互扶持、彼此尊重，\n    此乃婚姻之目的。詎原告有酗酒惡習，不務正業，鮮少提供\n    家庭生活費用，酒後實施家暴，致兩造於96年底分居至今，\n    彼此均無聯絡，夫妻有名無實，客觀上兩造之婚姻已因被告\n    之行徑，而足以破壞夫妻共同生活而達於難以繼續維持婚姻\n    之重大事由，從而衡以該事由之發生並非基於原告一方所致\n    之，是揆諸上揭法條規定，原告據以訴請判決離婚，依法即\n    無不合，應予准許。\n七、訴訟費用負擔之依據：民事訴訟法第78條。",
    "reason": "一、本件被告經合法通知，未於言詞辯論期日到場，核無民事訴\n    訟法第386 條所列各款情形，爰依原告之聲請，由其一造辯\n    論而為判決。\n二、原告主張：兩造於民國72年12月15日結婚，育有2 名子女甲\n    ○○、乙○○，均已成年。婚後被告有酗酒惡習，幾乎天天\n    喝酒，很少提供家庭生活費用，難以溝通，與之生活精神壓\n    力很大。於96年底被告與兩造之女多次爭執，並對其施以家\n    暴，及拿電風扇要砸兩造之女，為原告所阻擋，原告及兩造\n    子女均覺難以與被告共同生活，因而遷出台北縣三重市○○\n    街68號2 樓住處，搬至台北縣三重市○○路14巷5 號3 樓現\n    住所居住，之後原住所房租到期，被告亦搬離該租屋處，此\n    後雙方均無聯絡，音訊全無，於98年過年被告父親過世，被\n    告亦未返家，其兄弟姐妹亦均不知被告下落。兩造感情已生\n    破綻而難以維持，為此依據民法第1052條第2 項規定的事由\n    請求離婚。並聲明：准原告與被告離婚。\n三、被告方面：被告未於言詞辯論期日到場，亦未提出書狀作何\n    聲明或陳述。\n四、本院當庭協議整理原告本件事實上及法律上之爭點如下：\n(一)確認原告請求權基礎，如卷附書狀及以前筆錄所特定之型態\n    。\n(二)就原告請求權之原因事實所主張之證據方法如卷附物證及所\n    聲明之人證。\n五、兩造於72年12月15日結婚，育有2 名子女，均已成年，現婚\n    姻關係存續中，有原告提出之戶籍謄本為證。又原告主張之\n    前揭事實，亦據證人即兩造之女甲○○證稱：爸爸現在沒有\n    跟我們一起住，約從96年底時起就沒有一起住了，那時爸爸\n    常常喝酒，幾乎每天都喝，不正常工作，很少提供家庭生活\n    費用，難以溝通，和家人關係不好，有一次我的男朋友到家\n    裡來，我們在房間玩電腦線上遊戲，他敲門要進來，我開門\n    讓他進來後，他不由分說就把房間的電風扇打壞，又有一次\n    ，爸爸在門外不知罵什麼，我開房門查看，他就拿電風扇要\n    打我，媽媽出來阻擋，我嚇的躲進房間，後來媽媽就帶著我\n    們2 個小孩搬離住處，當時爸爸在現場，他對我們搬家不置\n    可否，後來住處的房租到期，爸爸也搬家，之後彼此都沒有\n    聯絡，至今音訊全無，我不知道爸爸現住何處，他未曾打電\n    話給我等語。被告受合法通知未到庭，亦未提出書狀作何聲\n    明或答辯。是本院綜上事證，自堪信原告主張之事實為真正\n    。\n六、按我國民法第1052條第2 項前段規定：「有前項以外之重大\n    事由，難以維持婚姻者，夫妻之一方得請求離婚。」，其目\n    的在使夫妻請求裁判離婚之事由較富彈性。又婚姻係以夫妻\n    之共同生活為目的（民法第1001條規定），配偶應互相協力\n    保持其共同生活之圓滿及幸福。經查，兩造結婚多年，並育\n    有2 名子女，被告基於夫妻情誼，自當本於互信互諒之態度\n    ，與原告共同經營和諧的婚姻生活，相互扶持、彼此尊重，\n    此乃婚姻之目的。詎原告有酗酒惡習，不務正業，鮮少提供\n    家庭生活費用，酒後實施家暴，致兩造於96年底分居至今，\n    彼此均無聯絡，夫妻有名無實，客觀上兩造之婚姻已因被告\n    之行徑，而足以破壞夫妻共同生活而達於難以繼續維持婚姻\n    之重大事由，從而衡以該事由之發生並非基於原告一方所致\n    之，是揆諸上揭法條規定，原告據以訴請判決離婚，依法即\n    無不合，應予准許。\n七、訴訟費用負擔之依據：民事訴訟法第78條。"
  },
  "characters": {
    "judges": [
      "毛崑山"
    ],
    "prosecutors": [

    ],
    "lawyers": [

    ],
    "clerks": [

    ],
    "plaintiffs": [
      "丙○○○"
    ],
    "defendants": [
      "丁○○"
    ],
    "prosecutor_office": [

    ],
    "creditors": [

    ],
    "debtors": [

    ],
    "judicial_associate_officer": [

    ]
  },
  "adjudged_at": "2010-05-12",
  "created_at": "2016-01-05 12:27:55",
  "updated_at": "2016-01-05 12:27:55"
}