{
  "identify": "PCD-99-交簡-2403-20100512-1",
  "court": {
    "name": "臺灣新北地方法院",
    "code": "PCD"
  },
  "division": {
    "name": "刑事",
    "code": "M"
  },
  "year": 99,
  "word": "交簡",
  "number": "2403",
  "jcheck": "1",
  "reason": "公共危險",
  "content": "臺灣板橋地方法院刑事拘役判決        99年度交簡字第2403號\n聲  請  人  臺灣板橋地方法院檢察署檢察官\n被      告  甲○○\n上列被告因公共危險案件，經檢察官聲請以簡易判決處刑（99年\n度偵字第8030號），本院判決如下：\n    主  文\n甲○○服用酒類及安眠藥物，不能安全駕駛動力交通工具而駕駛\n，處拘役伍拾日，如易科罰金，以新臺幣壹仟元折算壹日。\n    事實及理由\n一、本件犯罪事實、證據及應適用法條均引用檢察官聲請簡易判\n    決處刑書之記載（如附件）。\n二、爰審酌被告甲○○明知酒精成分及安眠藥物對人之意識能力\n    具有不良影響，於服用酒類及安眠藥物後駕車對一般往來之\n    公眾及駕駛人自身皆具有高度危險性，且其前已有公共危險\n    前科，有臺灣高等法院被告前案紀錄表1 份在卷可考。竟不\n    思警惕，既漠視自己安危，尤罔顧公眾安全，而於服用酒類\n    後呼氣酒精濃度達每公升0.39毫克，已處於不能安全駕駛動\n    力交通工具之狀態，仍駕駛屬動力交通工具之小客車，因酒\n    後及服用安眠藥物意識不清，致與其他車輛發生碰撞肇事，\n    暨犯後坦承之態度等一切情狀，量處如主文所示之刑，並諭\n    知易科罰金之折算標準。\n三、依刑事訴訟法第449條第1項前段、第3項、第454條第2項，\n    刑法第185 條之3 、第41條第1 項前段，刑法施行法第1條\n    之1第1項 ，逕以簡易判決處刑如主文。\n四、如不服本判決，得自收受送達之日起10日內向本院提出上訴\n    狀，上訴於本院第二審合議庭（須附繕本）。\n中    華    民    國    99    年    5     月    12    日\n                     交通法庭    法  官  黃  司  熒\n上列正本證明與原本無異。\n                                 書記官  李  逸  翔\n中    華    民    國    99    年    5     月    13    日\n附錄本罪論罪科刑法條：\n中華民國刑法第185條之3\n服用毒品、麻醉藥品、酒類或其他相類之物，不能安全駕駛動力\n交通工具而駕駛者，處1年以下有期徒刑、拘役或科或併科15萬\n元以下罰金。",
  "structure": {
    "main": "甲○○服用酒類及安眠藥物，不能安全駕駛動力交通工具而駕駛\n，處拘役伍拾日，如易科罰金，以新臺幣壹仟元折算壹日。",
    "fact": "一、本件犯罪事實、證據及應適用法條均引用檢察官聲請簡易判\n    決處刑書之記載（如附件）。\n二、爰審酌被告甲○○明知酒精成分及安眠藥物對人之意識能力\n    具有不良影響，於服用酒類及安眠藥物後駕車對一般往來之\n    公眾及駕駛人自身皆具有高度危險性，且其前已有公共危險\n    前科，有臺灣高等法院被告前案紀錄表1 份在卷可考。竟不\n    思警惕，既漠視自己安危，尤罔顧公眾安全，而於服用酒類\n    後呼氣酒精濃度達每公升0.39毫克，已處於不能安全駕駛動\n    力交通工具之狀態，仍駕駛屬動力交通工具之小客車，因酒\n    後及服用安眠藥物意識不清，致與其他車輛發生碰撞肇事，\n    暨犯後坦承之態度等一切情狀，量處如主文所示之刑，並諭\n    知易科罰金之折算標準。\n三、依刑事訴訟法第449條第1項前段、第3項、第454條第2項，\n    刑法第185 條之3 、第41條第1 項前段，刑法施行法第1條\n    之1第1項 ，逕以簡易判決處刑如主文。\n四、如不服本判決，得自收受送達之日起10日內向本院提出上訴\n    狀，上訴於本院第二審合議庭（須附繕本）。",
    "reason": "一、本件犯罪事實、證據及應適用法條均引用檢察官聲請簡易判\n    決處刑書之記載（如附件）。\n二、爰審酌被告甲○○明知酒精成分及安眠藥物對人之意識能力\n    具有不良影響，於服用酒類及安眠藥物後駕車對一般往來之\n    公眾及駕駛人自身皆具有高度危險性，且其前已有公共危險\n    前科，有臺灣高等法院被告前案紀錄表1 份在卷可考。竟不\n    思警惕，既漠視自己安危，尤罔顧公眾安全，而於服用酒類\n    後呼氣酒精濃度達每公升0.39毫克，已處於不能安全駕駛動\n    力交通工具之狀態，仍駕駛屬動力交通工具之小客車，因酒\n    後及服用安眠藥物意識不清，致與其他車輛發生碰撞肇事，\n    暨犯後坦承之態度等一切情狀，量處如主文所示之刑，並諭\n    知易科罰金之折算標準。\n三、依刑事訴訟法第449條第1項前段、第3項、第454條第2項，\n    刑法第185 條之3 、第41條第1 項前段，刑法施行法第1條\n    之1第1項 ，逕以簡易判決處刑如主文。\n四、如不服本判決，得自收受送達之日起10日內向本院提出上訴\n    狀，上訴於本院第二審合議庭（須附繕本）。"
  },
  "characters": {
    "judges": [
      "黃司熒"
    ],
    "prosecutors": [

    ],
    "lawyers": [

    ],
    "clerks": [
      "李逸翔"
    ],
    "plaintiffs": [

    ],
    "defendants": [
      "甲○○"
    ],
    "prosecutor_office": [
      "臺灣板橋地方法院檢察署檢察官"
    ],
    "creditors": [

    ],
    "debtors": [

    ],
    "judicial_associate_officer": [

    ]
  },
  "adjudged_at": "2010-05-12",
  "created_at": "2016-01-05 12:24:55",
  "updated_at": "2016-01-05 12:24:55"
}