{
  "identify": "PCD-99-簡-4018-20100512-1",
  "court": {
    "name": "臺灣新北地方法院",
    "code": "PCD"
  },
  "division": {
    "name": "刑事",
    "code": "M"
  },
  "year": 99,
  "word": "簡",
  "number": "4018",
  "jcheck": "1",
  "reason": "毒品危害防制條例",
  "content": "臺灣板橋地方法院刑事簡易判決          99年度簡字第4018號\n聲  請  人  臺灣板橋地方法院檢察署檢察官\n被      告  甲○○\n上列被告因違反毒品危害防制條例案件，經檢察官聲請以簡易判\n決處刑（99年度毒偵緝字第191號），本院判決如下：\n    主  文\n甲○○施用第二級毒品，處有期徒刑參月，如易科罰金，以新臺\n幣壹仟元折算壹日。扣案之第二級毒品甲基安非他命壹小包（驗\n餘淨重零點壹貳玖捌公克）及甲基安非他命殘渣袋拾壹個均沒收\n銷燬；盛裝前開甲基安非他命之包裝袋壹只、吸食器壹個及分裝\n杓貳支均沒收。\n    事實及理由\n一、本件除以下所載應予補充或更正外，其餘犯罪事實、證據及\n    應適用之法條均引用檢察官聲請簡易判決處刑書之記載（如\n    附件）。\n  (一)證據部分補充「現場照片2張」。\n  (二)沒收部分補充：「扣案之甲基安非他命1 小包（淨重0.1300\n    公克，取樣0.0002公克，驗餘淨重0.1298公克）及甲基安非\n    他命殘渣袋11個（所含甲基安非他命量微無法析離磅秤），\n    均係查獲之第二級毒品，不問屬於犯人與否，應依毒品危害\n    防制條例第18條第1 項前段之規定沒收銷燬；至包裝上開第\n    二級毒品甲基安非他命之包裝袋1 只，係用以包裹毒品，具\n    防止裸露、逸出及潮濕之功用，便於攜帶施用，係供被告持\n    有第二級毒品所用之物；扣案之吸食器1 個及分裝杓2 支，\n    均係供被告施用毒品所用之物，且經被告自承確屬其所有，\n    爰依刑法第38條第1 項第2 款規定併予宣告沒收。另電子磅\n    秤1 臺，被告稱非其所有，復非違禁物，爰不宣告沒收。」\n    。\n二、依刑事訴訟法第449 條第1 項前段、第3 項、第454 條第2\n    項、第450 條第1 項，毒品危害防制條例第10條第2 項、第\n    18條第1 項前段，刑法第11條前段、第41條第1 項前段、第\n    38條第1 項第2 款，逕以簡易判決處刑如主文。\n三、如不服本判決，得自收受送達之日起10日內向本院提出上訴\n    狀，上訴於本院第二審合議庭（須附繕本）。\n中    華    民    國    99    年    5     月    12    日\n                刑事第二十三法庭   法  官  黃  司  熒\n上列正本證明與原本無異。\n                                   書記官  李  逸  翔\n中    華    民    國    99    年    5     月    13    日\n附錄本案論罪科刑之法條全文：\n毒品危害防制條例第10條\n施用第一級毒品者，處 6 月以上 5 年以下有期徒刑。\n施用第二級毒品者，處 3 年以下有期徒刑。",
  "structure": {
    "main": "甲○○施用第二級毒品，處有期徒刑參月，如易科罰金，以新臺\n幣壹仟元折算壹日。扣案之第二級毒品甲基安非他命壹小包（驗\n餘淨重零點壹貳玖捌公克）及甲基安非他命殘渣袋拾壹個均沒收\n銷燬；盛裝前開甲基安非他命之包裝袋壹只、吸食器壹個及分裝\n杓貳支均沒收。",
    "fact": "一、本件除以下所載應予補充或更正外，其餘犯罪事實、證據及\n    應適用之法條均引用檢察官聲請簡易判決處刑書之記載（如\n    附件）。\n  (一)證據部分補充「現場照片2張」。\n  (二)沒收部分補充：「扣案之甲基安非他命1 小包（淨重0.1300\n    公克，取樣0.0002公克，驗餘淨重0.1298公克）及甲基安非\n    他命殘渣袋11個（所含甲基安非他命量微無法析離磅秤），\n    均係查獲之第二級毒品，不問屬於犯人與否，應依毒品危害\n    防制條例第18條第1 項前段之規定沒收銷燬；至包裝上開第\n    二級毒品甲基安非他命之包裝袋1 只，係用以包裹毒品，具\n    防止裸露、逸出及潮濕之功用，便於攜帶施用，係供被告持\n    有第二級毒品所用之物；扣案之吸食器1 個及分裝杓2 支，\n    均係供被告施用毒品所用之物，且經被告自承確屬其所有，\n    爰依刑法第38條第1 項第2 款規定併予宣告沒收。另電子磅\n    秤1 臺，被告稱非其所有，復非違禁物，爰不宣告沒收。」\n    。\n二、依刑事訴訟法第449 條第1 項前段、第3 項、第454 條第2\n    項、第450 條第1 項，毒品危害防制條例第10條第2 項、第\n    18條第1 項前段，刑法第11條前段、第41條第1 項前段、第\n    38條第1 項第2 款，逕以簡易判決處刑如主文。\n三、如不服本判決，得自收受送達之日起10日內向本院提出上訴\n    狀，上訴於本院第二審合議庭（須附繕本）。",
    "reason": "一、本件除以下所載應予補充或更正外，其餘犯罪事實、證據及\n    應適用之法條均引用檢察官聲請簡易判決處刑書之記載（如\n    附件）。\n  (一)證據部分補充「現場照片2張」。\n  (二)沒收部分補充：「扣案之甲基安非他命1 小包（淨重0.1300\n    公克，取樣0.0002公克，驗餘淨重0.1298公克）及甲基安非\n    他命殘渣袋11個（所含甲基安非他命量微無法析離磅秤），\n    均係查獲之第二級毒品，不問屬於犯人與否，應依毒品危害\n    防制條例第18條第1 項前段之規定沒收銷燬；至包裝上開第\n    二級毒品甲基安非他命之包裝袋1 只，係用以包裹毒品，具\n    防止裸露、逸出及潮濕之功用，便於攜帶施用，係供被告持\n    有第二級毒品所用之物；扣案之吸食器1 個及分裝杓2 支，\n    均係供被告施用毒品所用之物，且經被告自承確屬其所有，\n    爰依刑法第38條第1 項第2 款規定併予宣告沒收。另電子磅\n    秤1 臺，被告稱非其所有，復非違禁物，爰不宣告沒收。」\n    。\n二、依刑事訴訟法第449 條第1 項前段、第3 項、第454 條第2\n    項、第450 條第1 項，毒品危害防制條例第10條第2 項、第\n    18條第1 項前段，刑法第11條前段、第41條第1 項前段、第\n    38條第1 項第2 款，逕以簡易判決處刑如主文。\n三、如不服本判決，得自收受送達之日起10日內向本院提出上訴\n    狀，上訴於本院第二審合議庭（須附繕本）。"
  },
  "characters": {
    "judges": [
      "黃司熒"
    ],
    "prosecutors": [

    ],
    "lawyers": [

    ],
    "clerks": [
      "李逸翔"
    ],
    "plaintiffs": [

    ],
    "defendants": [
      "甲○○"
    ],
    "prosecutor_office": [
      "臺灣板橋地方法院檢察署檢察官"
    ],
    "creditors": [

    ],
    "debtors": [

    ],
    "judicial_associate_officer": [

    ]
  },
  "adjudged_at": "2010-05-12",
  "created_at": "2016-01-05 12:25:55",
  "updated_at": "2016-01-05 12:25:55"
}