{
  "identify": "PCD-99-聲-2358-20100512-1",
  "court": {
    "name": "臺灣新北地方法院",
    "code": "PCD"
  },
  "division": {
    "name": "刑事",
    "code": "M"
  },
  "year": 99,
  "word": "聲",
  "number": "2358",
  "jcheck": "1",
  "reason": "假釋中交付保護管束",
  "content": "臺灣板橋地方法院刑事裁定              99年度聲字第2358號\n聲  請  人  臺灣板橋地方法院檢察署檢察官\n受  刑  人  甲○○\n上列受刑人因犯搶奪案件，聲請人聲請付保護管束（九十九年度\n執聲字第一五六六號），本院裁定如下：\n    主  文\n甲○○假釋中付保護管束。\n    理  由\n一、本件聲請意旨略以：受刑人甲○○因犯搶奪案件，經本院判\n    處有期徒刑二年七月確定後，於民國九十七年五月二十一日\n    移送入監執行。茲受刑人業經法務部於九十九年五月七日函\n    核准假釋，依刑法第九十三條第二項規定，在假釋中應付保\n    護管束，爰依刑事訴訟法第四百八十一條第一項規定聲請裁\n    定等語。\n二、本院審核法務部矯正司九十九年五月七日法矯司字第○九九\n    ○九○五九九三號函及所附臺灣臺北監獄臺北分監假釋出獄\n    人交付保護管束名冊，與臺灣高等法院被告全國前案紀錄表\n    各一份等卷證，認受刑人甲○○業經法務部核准假釋，聲請\n    人以本院係犯罪事實最後裁判之法院，聲請裁定受刑人於假\n    釋中付保護管束，核無不合，爰依刑事訴訟法第四百八十一\n    條第一項、刑法第九十三條第二項、第九十六條但書，裁定\n    如主文。\n中    華    民    國    99    年    5     月    12    日\n                  刑事第六庭  法  官  胡堅勤\n以上正本證明與原本無異。\n如不服本裁定，應於裁定送達後5日內向本院提出抗告狀。\n                              書記官  梁宜庭\n中    華    民    國    99    年    5     月    13    日",
  "structure": {
    "main": "甲○○假釋中付保護管束。",
    "reason": "一、本件聲請意旨略以：受刑人甲○○因犯搶奪案件，經本院判\n    處有期徒刑二年七月確定後，於民國九十七年五月二十一日\n    移送入監執行。茲受刑人業經法務部於九十九年五月七日函\n    核准假釋，依刑法第九十三條第二項規定，在假釋中應付保\n    護管束，爰依刑事訴訟法第四百八十一條第一項規定聲請裁\n    定等語。\n二、本院審核法務部矯正司九十九年五月七日法矯司字第○九九\n    ○九○五九九三號函及所附臺灣臺北監獄臺北分監假釋出獄\n    人交付保護管束名冊，與臺灣高等法院被告全國前案紀錄表\n    各一份等卷證，認受刑人甲○○業經法務部核准假釋，聲請\n    人以本院係犯罪事實最後裁判之法院，聲請裁定受刑人於假\n    釋中付保護管束，核無不合，爰依刑事訴訟法第四百八十一\n    條第一項、刑法第九十三條第二項、第九十六條但書，裁定\n    如主文。"
  },
  "characters": {
    "judges": [
      "胡堅勤"
    ],
    "prosecutors": [

    ],
    "lawyers": [

    ],
    "clerks": [
      "梁宜庭"
    ],
    "plaintiffs": [

    ],
    "defendants": [

    ],
    "prosecutor_office": [
      "臺灣板橋地方法院檢察署檢察官"
    ],
    "creditors": [

    ],
    "debtors": [

    ],
    "judicial_associate_officer": [

    ]
  },
  "adjudged_at": "2010-05-12",
  "created_at": "2016-01-05 12:25:16",
  "updated_at": "2016-01-05 12:25:16"
}