{
  "identify": "PCD-99-補-918-20100512-1",
  "court": {
    "name": "臺灣新北地方法院",
    "code": "PCD"
  },
  "division": {
    "name": "民事",
    "code": "V"
  },
  "year": 99,
  "word": "補",
  "number": "918",
  "jcheck": "1",
  "reason": "損害賠償",
  "content": "臺灣板橋地方法院民事裁定               99年度補字第918號\n原      告  甲○○\n被      告  正本行開發有限公司\n法定代理人  乙○○\n上列當事人間請求損害賠償事件，原告起訴未據繳納裁判費，查\n本件訴訟標的金額為新臺幣玖佰貳拾玖萬貳仟零柒拾柒元，應徵\n收第一審裁判費新臺幣玖萬參仟零柒拾元。茲依民事訴訟法第24\n9條第1項但書之規定，限原告於收受本裁定送達後5 日內補繳，\n逾期不繳，即駁回其訴，特此裁定。\n中    華    民    國    99    年    5     月    12    日\n                  民事第三庭    法  官  吳金芳\n以上正本證明與原本無異。\n如不服本裁定關於訴訟標的價額之核定，得於收受裁定正本後10\n日內向本院提出抗告狀，並繳納抗告裁判費新臺幣1,000元整。\n中    華    民    國    99    年    5     月    12    日\n                                書記官  陳昭綾",
  "structure": {
  },
  "characters": {
    "judges": [
      "吳金芳"
    ],
    "prosecutors": [

    ],
    "lawyers": [

    ],
    "clerks": [

    ],
    "plaintiffs": [
      "甲○○"
    ],
    "defendants": [
      "正本行開發有限公司"
    ],
    "prosecutor_office": [

    ],
    "creditors": [

    ],
    "debtors": [

    ],
    "judicial_associate_officer": [

    ]
  },
  "adjudged_at": "2010-05-12",
  "created_at": "2016-01-05 12:28:12",
  "updated_at": "2016-01-05 12:28:12"
}