{
  "identify": "PCD-99-聲-2320-20100512-1",
  "court": {
    "name": "臺灣新北地方法院",
    "code": "PCD"
  },
  "division": {
    "name": "刑事",
    "code": "M"
  },
  "year": 99,
  "word": "聲",
  "number": "2320",
  "jcheck": "1",
  "reason": "定其應執行刑",
  "content": "臺灣板橋地方法院刑事裁定              99年度聲字第2320號\n聲  請  人  臺灣板橋地方法院檢察署檢察官\n被      告  甲○○\n上列聲請人因對受刑人數罪併罰有二裁判以上，聲請定其應執行\n之刑（99年度執聲字第1430號），本院裁定如下：\n    主  文\n甲○○因附表等罪，所處如附表所示之刑，應執行有期徒刑參年\n捌月。\n    理  由\n一、受刑人甲○○於如附表所示之日期，犯如附表所示之罪，經\n    本院判決如附表所示，且於附表所示之日期確定，分有前揭\n    裁判各1 份在卷可稽，茲檢察官聲請定其應執行之刑，本院\n    審核認聲請為正當，應定其應執行之刑。\n二、爰依刑事訴訟法第477 條第1 項，刑法第53條，第51條第5\n    款，裁定如主文。\n中    華    民    國    99    年    5     月    12    日\n                  刑事第十二庭  法  官  何燕蓉\n如不服本裁定，應於送達後5 日內敘明抗告理由，向本院提出抗\n告狀。\n上列正本證明與原本無異。\n                                書記官  王元佑\n中    華    民    國    99    年    5     月    12    日",
  "structure": {
    "main": "甲○○因附表等罪，所處如附表所示之刑，應執行有期徒刑參年\n捌月。",
    "reason": "一、受刑人甲○○於如附表所示之日期，犯如附表所示之罪，經\n    本院判決如附表所示，且於附表所示之日期確定，分有前揭\n    裁判各1 份在卷可稽，茲檢察官聲請定其應執行之刑，本院\n    審核認聲請為正當，應定其應執行之刑。\n二、爰依刑事訴訟法第477 條第1 項，刑法第53條，第51條第5\n    款，裁定如主文。"
  },
  "characters": {
    "judges": [
      "何燕蓉"
    ],
    "prosecutors": [

    ],
    "lawyers": [

    ],
    "clerks": [
      "王元佑"
    ],
    "plaintiffs": [

    ],
    "defendants": [
      "甲○○"
    ],
    "prosecutor_office": [
      "臺灣板橋地方法院檢察署檢察官"
    ],
    "creditors": [

    ],
    "debtors": [

    ],
    "judicial_associate_officer": [

    ]
  },
  "adjudged_at": "2010-05-12",
  "created_at": "2016-01-05 12:23:56",
  "updated_at": "2016-01-05 12:23:56"
}