{
  "identify": "PCD-99-司促更-1-20100512-1",
  "court": {
    "name": "臺灣新北地方法院",
    "code": "PCD"
  },
  "division": {
    "name": "民事",
    "code": "V"
  },
  "year": 99,
  "word": "司促更",
  "number": "1",
  "jcheck": "1",
  "reason": "支付命令",
  "content": "臺灣板橋地方法院支付命令             99年度司促更字第1號\n債  權  人  斗六塑膠有限公司\n法定代理人  鐘月女\n債  務  人  一菖有限公司\n法定代理人  鄧裕山\n法定代理人  黃麗惠\n法定代理人  曹吉子\n法定代理人  鄭裕鸞\n法定代理人  林春香\n一、債務人應向債權人給付新臺幣（下同）貳佰拾捌萬伍仟貳\n    佰元，並賠償督促程序費用伍佰元，否則應於本命令送達後\n    二十日之不變期間內，向本院司法事務官提出異議。\n二、債權人請求之原因事實如債權人聲請狀所載。\n三、如債務人未於第一項期間內提出異議，本命令與確定判決有\n    同一之效力。\n中    華    民    國    99    年    5     月    12    日\n                  民事第四庭司法事務官\n附註：事後遞狀應註明案號及股別。",
  "structure": {
  },
  "characters": {
    "judges": [

    ],
    "prosecutors": [

    ],
    "lawyers": [

    ],
    "clerks": [

    ],
    "plaintiffs": [

    ],
    "defendants": [

    ],
    "prosecutor_office": [

    ],
    "creditors": [
      "斗六塑膠有限公司"
    ],
    "debtors": [
      "一菖有限公司"
    ],
    "judicial_associate_officer": [
      "民事第四庭"
    ]
  },
  "adjudged_at": "2010-05-12",
  "created_at": "2016-01-05 12:29:42",
  "updated_at": "2016-01-05 12:29:42"
}