{
  "identify": "PCD-99-簡-4029-20100512-1",
  "court": {
    "name": "臺灣新北地方法院",
    "code": "PCD"
  },
  "division": {
    "name": "刑事",
    "code": "M"
  },
  "year": 99,
  "word": "簡",
  "number": "4029",
  "jcheck": "1",
  "reason": "竊盜",
  "content": "臺灣板橋地方法院刑事簡易判決          99年度簡字第4029號\n聲  請  人  臺灣板橋地方法院檢察署檢察官\n被      告  甲○○\n上列被告因竊盜案件，經檢察官聲請以簡易判決處刑（99年度速\n偵字第2511號），本院判決如下：\n    主  文\n甲○○竊盜，處拘役拾日，如易科罰金，以新臺幣壹仟元折算\n壹日。緩刑貳年，緩刑期間併付保護管束，並向檢察官指定之公\n益團體、地方自治團體或社區提供陸拾小時之義務勞務。\n    事實及理由\n一、本件犯罪事實及證據，均引用如附件檢察官聲請簡易判決處\n    刑書之記載。\n二、爰審酌被告甲○○學歷為高職畢業，無竊盜之前案紀錄，素\n    行尚佳，此有臺灣高等法院被告前案紀錄表在卷可憑，其僅\n    因個人所需驟起盜心，動機可議，然所使用手段非屬惡劣，\n    且犯後坦承犯行，態度良好，所竊得之物品總價額僅新臺幣\n    480 元，價值非鉅，且業經被害人領回，被害人損失輕微，\n    兼衡其犯罪動機、目的、手段、生活狀況等一切情狀，量處\n    如主文所示之刑，並諭知易科罰金之折算標準。末查，被告\n    前因故意犯罪受有期徒刑以上刑之宣告，執行完畢後，5 年\n    以內未曾因故意犯罪受有期徒刑以上刑之宣告，有臺灣高等\n    法院被告前案紀錄表附卷可按，其僅因一時失慮，致觸犯本\n    件犯行，信其經此偵審程序及罪刑之宣告，應知所警惕，而\n    無再犯之虞，是本院認前開對其宣告之刑，以暫不執行其刑\n    為當，爰併予宣告緩刑2 年，緩刑期間併付保護管束，並向\n    檢察官指定之公益團體、地方自治團體或社區提供60小時之\n    義務勞務，以啟自新。\n三、依刑事訴訟法第449 條第1 項前段、第3 項、第454 條第2\n    項，刑法第320 條第1 項、第41條第1 項前段、第74條第1\n    項第2 款、第2 項第5 款、第93條第1 項第2 款，逕以簡易\n    判決處刑如主文。\n四、如不服本判決，得自收受送達之日起10日內向本院提出上訴\n    狀，上訴於本院第二審合議庭（須附繕本）。\n中    華    民    國    99    年    5     月    12    日\n                  刑事第二十二庭  法  官  曹 惠 玲\n上列正本證明與原本無異。\n                                  書記官  許 育 菁\n中    華    民    國    99    年    5     月    14    日\n附錄本案論罪科刑法條全文\n中華民國刑法第320條（普通竊盜罪、竊佔罪）\n意圖為自己或第三人不法之所有，而竊取他人之動產者，為竊盜\n罪，處5 年以下有期徒刑、拘役或 5 百元以下罰金。\n意圖為自己或第三人不法之利益，而竊佔他人之不動產者，依前\n項之規定處斷。\n前二項之未遂犯罰之。",
  "structure": {
    "main": "甲○○竊盜，處拘役拾日，如易科罰金，以新臺幣壹仟元折算\n壹日。緩刑貳年，緩刑期間併付保護管束，並向檢察官指定之公\n益團體、地方自治團體或社區提供陸拾小時之義務勞務。",
    "fact": "一、本件犯罪事實及證據，均引用如附件檢察官聲請簡易判決處\n    刑書之記載。\n二、爰審酌被告甲○○學歷為高職畢業，無竊盜之前案紀錄，素\n    行尚佳，此有臺灣高等法院被告前案紀錄表在卷可憑，其僅\n    因個人所需驟起盜心，動機可議，然所使用手段非屬惡劣，\n    且犯後坦承犯行，態度良好，所竊得之物品總價額僅新臺幣\n    480 元，價值非鉅，且業經被害人領回，被害人損失輕微，\n    兼衡其犯罪動機、目的、手段、生活狀況等一切情狀，量處\n    如主文所示之刑，並諭知易科罰金之折算標準。末查，被告\n    前因故意犯罪受有期徒刑以上刑之宣告，執行完畢後，5 年\n    以內未曾因故意犯罪受有期徒刑以上刑之宣告，有臺灣高等\n    法院被告前案紀錄表附卷可按，其僅因一時失慮，致觸犯本\n    件犯行，信其經此偵審程序及罪刑之宣告，應知所警惕，而\n    無再犯之虞，是本院認前開對其宣告之刑，以暫不執行其刑\n    為當，爰併予宣告緩刑2 年，緩刑期間併付保護管束，並向\n    檢察官指定之公益團體、地方自治團體或社區提供60小時之\n    義務勞務，以啟自新。\n三、依刑事訴訟法第449 條第1 項前段、第3 項、第454 條第2\n    項，刑法第320 條第1 項、第41條第1 項前段、第74條第1\n    項第2 款、第2 項第5 款、第93條第1 項第2 款，逕以簡易\n    判決處刑如主文。\n四、如不服本判決，得自收受送達之日起10日內向本院提出上訴\n    狀，上訴於本院第二審合議庭（須附繕本）。",
    "reason": "一、本件犯罪事實及證據，均引用如附件檢察官聲請簡易判決處\n    刑書之記載。\n二、爰審酌被告甲○○學歷為高職畢業，無竊盜之前案紀錄，素\n    行尚佳，此有臺灣高等法院被告前案紀錄表在卷可憑，其僅\n    因個人所需驟起盜心，動機可議，然所使用手段非屬惡劣，\n    且犯後坦承犯行，態度良好，所竊得之物品總價額僅新臺幣\n    480 元，價值非鉅，且業經被害人領回，被害人損失輕微，\n    兼衡其犯罪動機、目的、手段、生活狀況等一切情狀，量處\n    如主文所示之刑，並諭知易科罰金之折算標準。末查，被告\n    前因故意犯罪受有期徒刑以上刑之宣告，執行完畢後，5 年\n    以內未曾因故意犯罪受有期徒刑以上刑之宣告，有臺灣高等\n    法院被告前案紀錄表附卷可按，其僅因一時失慮，致觸犯本\n    件犯行，信其經此偵審程序及罪刑之宣告，應知所警惕，而\n    無再犯之虞，是本院認前開對其宣告之刑，以暫不執行其刑\n    為當，爰併予宣告緩刑2 年，緩刑期間併付保護管束，並向\n    檢察官指定之公益團體、地方自治團體或社區提供60小時之\n    義務勞務，以啟自新。\n三、依刑事訴訟法第449 條第1 項前段、第3 項、第454 條第2\n    項，刑法第320 條第1 項、第41條第1 項前段、第74條第1\n    項第2 款、第2 項第5 款、第93條第1 項第2 款，逕以簡易\n    判決處刑如主文。\n四、如不服本判決，得自收受送達之日起10日內向本院提出上訴\n    狀，上訴於本院第二審合議庭（須附繕本）。"
  },
  "characters": {
    "judges": [
      "曹惠玲"
    ],
    "prosecutors": [

    ],
    "lawyers": [

    ],
    "clerks": [
      "許育菁"
    ],
    "plaintiffs": [

    ],
    "defendants": [
      "甲○○"
    ],
    "prosecutor_office": [
      "臺灣板橋地方法院檢察署檢察官"
    ],
    "creditors": [

    ],
    "debtors": [

    ],
    "judicial_associate_officer": [

    ]
  },
  "adjudged_at": "2010-05-12",
  "created_at": "2016-01-05 12:24:23",
  "updated_at": "2016-01-05 12:24:23"
}