{
  "identify": "PCD-99-除-354-20100512-1",
  "court": {
    "name": "臺灣新北地方法院",
    "code": "PCD"
  },
  "division": {
    "name": "民事",
    "code": "V"
  },
  "year": 99,
  "word": "除",
  "number": "354",
  "jcheck": "1",
  "reason": "除權判決",
  "content": "臺灣板橋地方法院民事判決               99年度除字第354號\n聲  請  人  乙○○\n訴訟代理人  甲○○\n上列聲請人聲請宣告證券無效事件，經本院於民國99年5 月12日\n言詞辯論終結，判決如下：\n    主  文\n附表所示之證券無效。\n訴訟費用由聲請人負擔。\n    理  由\n一、上開證券經本院以99年度司催字第48號公示催告在案。\n二、所定申報期間已於民國99年4 月16日屆滿，迄今無人申報權\n    利。\n三、依民事訴訟法第564條第1項，判決如主文。\n中    華    民    國    99    年    5     月    12    日\n                  民事第二庭法  官  鍾啟煌\n以上正本證明與原本無異\n本判決不得上訴\n中    華    民    國    99    年    5     月    12    日\n                            書記官  張國仁\n┌─────────────────────────────────────────────┐\n│股票附表：                                                               99年度除字第354號│\n├──┬──────────────┬──────────────┬───┬────┬───┤\n│編號│發      行      公      司  │    股    票    號    碼    │張  數│股    數│備  考│\n│    │                            │                            │      │        │      │\n├──┼──────────────┼──────────────┼───┼────┼───┤\n│001 │凱碩科技股份有限公司        │87-ND-0000000               │１    │１０００│      │\n├──┼──────────────┼──────────────┼───┼────┼───┤\n│002 │凱碩科技股份有限公司        │87-ND-0000000               │１    │１０００│      │\n├──┼──────────────┼──────────────┼───┼────┼───┤\n│003 │凱碩科技股份有限公司        │87-ND-0000000               │１    │１０００│      │\n├──┼──────────────┼──────────────┼───┼────┼───┤\n│004 │凱碩科技股份有限公司        │87-ND-0000000               │１    │１０００│      │\n├──┼──────────────┼──────────────┼───┼────┼───┤\n│005 │凱碩科技股份有限公司        │87-ND-0000000               │１    │１０００│      │\n├──┼──────────────┼──────────────┼───┼────┼───┤\n│006 │凱碩科技股份有限公司        │87-ND-0000000               │１    │１０００│      │\n├──┼──────────────┼──────────────┼───┼────┼───┤\n│007 │凱碩科技股份有限公司        │87-ND-0000000               │１    │１０００│      │\n├──┼──────────────┼──────────────┼───┼────┼───┤\n│008 │凱碩科技股份有限公司        │87-ND-0000000               │１    │１０００│      │\n├──┼──────────────┼──────────────┼───┼────┼───┤\n│009 │凱碩科技股份有限公司        │87-ND-0000000               │１    │１０００│      │\n├──┼──────────────┼──────────────┼───┼────┼───┤\n│010 │凱碩科技股份有限公司        │87-ND-0000000               │１    │１０００│      │\n├──┼──────────────┼──────────────┼───┼────┼───┤\n│011 │凱碩科技股份有限公司        │87-ND-0000000               │１    │１０００│      │\n├──┼──────────────┼──────────────┼───┼────┼───┤\n│012 │凱碩科技股份有限公司        │87-ND-0000000               │１    │１０００│      │\n├──┼──────────────┼──────────────┼───┼────┼───┤\n│013 │凱碩科技股份有限公司        │87-ND-0000000               │１    │１０００│      │\n├──┼──────────────┼──────────────┼───┼────┼───┤\n│014 │凱碩科技股份有限公司        │87-ND-0000000               │１    │１０００│      │\n├──┼──────────────┼──────────────┼───┼────┼───┤\n│015 │凱碩科技股份有限公司        │87-ND-0000000               │１    │１０００│      │\n├──┼──────────────┼──────────────┼───┼────┼───┤\n│016 │凱碩科技股份有限公司        │87-ND-0000000               │１    │１０００│      │\n├──┼──────────────┼──────────────┼───┼────┼───┤\n│017 │凱碩科技股份有限公司        │87-ND-0000000               │１    │１０００│      │\n├──┼──────────────┼──────────────┼───┼────┼───┤\n│018 │凱碩科技股份有限公司        │87-ND-0000000               │１    │１０００│      │\n├──┼──────────────┼──────────────┼───┼────┼───┤\n│019 │凱碩科技股份有限公司        │87-ND-0000000               │１    │１０００│      │\n├──┼──────────────┼──────────────┼───┼────┼───┤\n│020 │凱碩科技股份有限公司        │87-ND-0000000               │１    │１０００│      │\n├──┼──────────────┼──────────────┼───┼────┼───┤\n│021 │凱碩科技股份有限公司        │88-ND-0000000               │１    │１０００│      │\n├──┼──────────────┼──────────────┼───┼────┼───┤\n│022 │凱碩科技股份有限公司        │88-ND-0000000               │１    │１０００│      │\n├──┼──────────────┼──────────────┼───┼────┼───┤\n│023 │凱碩科技股份有限公司        │88-ND-0000000               │１    │１０００│      │\n├──┼──────────────┼──────────────┼───┼────┼───┤\n│024 │凱碩科技股份有限公司        │88-ND-0000000               │１    │１０００│      │\n├──┼──────────────┼──────────────┼───┼────┼───┤\n│025 │凱碩科技股份有限公司        │88-ND-0000000               │１    │１０００│      │\n├──┼──────────────┼──────────────┼───┼────┼───┤\n│026 │凱碩科技股份有限公司        │88-ND-0000000               │１    │１０００│      │\n├──┼──────────────┼──────────────┼───┼────┼───┤\n│027 │凱碩科技股份有限公司        │88-ND-0000000               │１    │１０００│      │\n├──┼──────────────┼──────────────┼───┼────┼───┤\n│028 │凱碩科技股份有限公司        │88-ND-0000000               │１    │１０００│      │\n├──┼──────────────┼──────────────┼───┼────┼───┤\n│029 │凱碩科技股份有限公司        │88-ND-0000000               │１    │１０００│      │\n├──┼──────────────┼──────────────┼───┼────┼───┤\n│030 │凱碩科技股份有限公司        │88-ND-0000000               │１    │１０００│      │\n├──┼──────────────┼──────────────┼───┼────┼───┤\n│031 │凱碩科技股份有限公司        │88-ND-0000000               │１    │１０００│      │\n├──┼──────────────┼──────────────┼───┼────┼───┤\n│032 │凱碩科技股份有限公司        │88-ND-0000000               │１    │１０００│      │\n├──┼──────────────┼──────────────┼───┼────┼───┤\n│033 │凱碩科技股份有限公司        │88-ND-0000000               │１    │１０００│      │\n├──┼──────────────┼──────────────┼───┼────┼───┤\n│034 │凱碩科技股份有限公司        │88-ND-0000000               │１    │１０００│      │\n├──┼──────────────┼──────────────┼───┼────┼───┤\n│035 │凱碩科技股份有限公司        │88-ND-0000000               │１    │１０００│      │\n├──┼──────────────┼──────────────┼───┼────┼───┤\n│036 │凱碩科技股份有限公司        │88-ND-0000000               │１    │１０００│      │\n├──┼──────────────┼──────────────┼───┼────┼───┤\n│037 │凱碩科技股份有限公司        │88-ND-0000000               │１    │１０００│      │\n├──┼──────────────┼──────────────┼───┼────┼───┤\n│038 │凱碩科技股份有限公司        │88-ND-0000000               │１    │１０００│      │\n├──┼──────────────┼──────────────┼───┼────┼───┤\n│039 │凱碩科技股份有限公司        │88-ND-0000000               │１    │１０００│      │\n├──┼──────────────┼──────────────┼───┼────┼───┤\n│040 │凱碩科技股份有限公司        │88-ND-0000000               │１    │１０００│      │\n├──┼──────────────┼──────────────┼───┼────┼───┤\n│041 │凱碩科技股份有限公司        │88-ND-0000000               │１    │１０００│      │\n├──┼──────────────┼──────────────┼───┼────┼───┤\n│042 │凱碩科技股份有限公司        │88-ND-0000000               │１    │１０００│      │\n├──┼──────────────┼──────────────┼───┼────┼───┤\n│043 │凱碩科技股份有限公司        │88-ND-0000000               │１    │１０００│      │\n├──┼──────────────┼──────────────┼───┼────┼───┤\n│044 │凱碩科技股份有限公司        │88-ND-0000000               │１    │１０００│      │\n├──┼──────────────┼──────────────┼───┼────┼───┤\n│045 │凱碩科技股份有限公司        │88-ND-0000000               │１    │１０００│      │\n├──┼──────────────┼──────────────┼───┼────┼───┤\n│046 │凱碩科技股份有限公司        │88-ND-0000000               │１    │１０００│      │\n├──┼──────────────┼──────────────┼───┼────┼───┤\n│047 │凱碩科技股份有限公司        │88-ND-0000000               │１    │１０００│      │\n├──┼──────────────┼──────────────┼───┼────┼───┤\n│048 │凱碩科技股份有限公司        │88-ND-0000000               │１    │１０００│      │\n├──┼──────────────┼──────────────┼───┼────┼───┤\n│049 │凱碩科技股份有限公司        │88-ND-0000000               │１    │１０００│      │\n├──┼──────────────┼──────────────┼───┼────┼───┤\n│050 │凱碩科技股份有限公司        │88-ND-0000000               │１    │１０００│      │\n├──┼──────────────┼──────────────┼───┼────┼───┤\n│051 │凱碩科技股份有限公司        │88-ND-0000000               │１    │１０００│      │\n├──┼──────────────┼──────────────┼───┼────┼───┤\n│052 │凱碩科技股份有限公司        │88-ND-0000000               │１    │１０００│      │\n├──┼──────────────┼──────────────┼───┼────┼───┤\n│053 │凱碩科技股份有限公司        │88-ND-0000000               │１    │１０００│      │\n├──┼──────────────┼──────────────┼───┼────┼───┤\n│054 │凱碩科技股份有限公司        │88-ND-0000000               │１    │１０００│      │\n├──┼──────────────┼──────────────┼───┼────┼───┤\n│055 │凱碩科技股份有限公司        │88-ND-0000000               │１    │１０００│      │\n├──┼──────────────┼──────────────┼───┼────┼───┤\n│056 │凱碩科技股份有限公司        │88-ND-0000000               │１    │１０００│      │\n├──┼──────────────┼──────────────┼───┼────┼───┤\n│057 │凱碩科技股份有限公司        │88-ND-0000000               │１    │１０００│      │\n├──┼──────────────┼──────────────┼───┼────┼───┤\n│058 │凱碩科技股份有限公司        │88-ND-0000000               │１    │１０００│      │\n├──┼──────────────┼──────────────┼───┼────┼───┤\n│059 │凱碩科技股份有限公司        │88-ND-0000000               │１    │１０００│      │\n├──┼──────────────┼──────────────┼───┼────┼───┤\n│060 │凱碩科技股份有限公司        │88-ND-0000000               │１    │１０００│      │\n├──┼──────────────┼──────────────┼───┼────┼───┤\n│061 │凱碩科技股份有限公司        │88-ND-0000000               │１    │１０００│      │\n├──┼──────────────┼──────────────┼───┼────┼───┤\n│062 │凱碩科技股份有限公司        │88-ND-0000000               │１    │１０００│      │\n├──┼──────────────┼──────────────┼───┼────┼───┤\n│063 │凱碩科技股份有限公司        │88-ND-0000000               │１    │１０００│      │\n├──┼──────────────┼──────────────┼───┼────┼───┤\n│064 │凱碩科技股份有限公司        │88-ND-0000000               │１    │１０００│      │\n├──┼──────────────┼──────────────┼───┼────┼───┤\n│065 │凱碩科技股份有限公司        │88-ND-0000000               │１    │１０００│      │\n├──┼──────────────┼──────────────┼───┼────┼───┤\n│066 │凱碩科技股份有限公司        │88-ND-0000000               │１    │１０００│      │\n├──┼──────────────┼──────────────┼───┼────┼───┤\n│067 │凱碩科技股份有限公司        │88-ND-0000000               │１    │１０００│      │\n├──┼──────────────┼──────────────┼───┼────┼───┤\n│068 │凱碩科技股份有限公司        │88-ND-0000000               │１    │１０００│      │\n├──┼──────────────┼──────────────┼───┼────┼───┤\n│069 │凱碩科技股份有限公司        │88-ND-0000000               │１    │１０００│      │\n├──┼──────────────┼──────────────┼───┼────┼───┤\n│070 │凱碩科技股份有限公司        │88-ND-0000000               │１    │１０００│      │\n├──┼──────────────┼──────────────┼───┼────┼───┤\n│071 │凱碩科技股份有限公司        │88-ND-0000000               │１    │１０００│      │\n├──┼──────────────┼──────────────┼───┼────┼───┤\n│072 │凱碩科技股份有限公司        │88-ND-0000000               │１    │１０００│      │\n├──┼──────────────┼──────────────┼───┼────┼───┤\n│073 │凱碩科技股份有限公司        │88-ND-0000000               │１    │１０００│      │\n├──┼──────────────┼──────────────┼───┼────┼───┤\n│074 │凱碩科技股份有限公司        │88-ND-0000000               │１    │１０００│      │\n├──┼──────────────┼──────────────┼───┼────┼───┤\n│075 │凱碩科技股份有限公司        │88-ND-0000000               │１    │１０００│      │\n└──┴──────────────┴──────────────┴───┴────┴───┘",
  "structure": {
    "main": "附表所示之證券無效。\n訴訟費用由聲請人負擔。",
    "reason": "一、上開證券經本院以99年度司催字第48號公示催告在案。\n二、所定申報期間已於民國99年4 月16日屆滿，迄今無人申報權\n    利。\n三、依民事訴訟法第564條第1項，判決如主文。"
  },
  "characters": {
    "judges": [
      "鍾啟煌"
    ],
    "prosecutors": [

    ],
    "lawyers": [

    ],
    "clerks": [
      "張國仁"
    ],
    "plaintiffs": [

    ],
    "defendants": [

    ],
    "prosecutor_office": [
      "乙"
    ],
    "creditors": [

    ],
    "debtors": [

    ],
    "judicial_associate_officer": [

    ]
  },
  "adjudged_at": "2010-05-12",
  "created_at": "2016-01-05 12:28:21",
  "updated_at": "2016-01-05 12:28:21"
}