{
  "identify": "PCD-99-簡-4079-20100512-1",
  "court": {
    "name": "臺灣新北地方法院",
    "code": "PCD"
  },
  "division": {
    "name": "刑事",
    "code": "M"
  },
  "year": 99,
  "word": "簡",
  "number": "4079",
  "jcheck": "1",
  "reason": "賭博",
  "content": "臺灣板橋地方法院刑事簡易判決          99年度簡字第4079號\n聲  請  人  臺灣板橋地方法院檢察署檢察官\n被      告  甲○○\n上列被告因賭博案件，經檢察官聲請以簡易判決處刑（99年度速\n偵字第2589號），本院判決如下：\n    主  文\n甲○○意圖營利，聚眾賭博，處有期徒刑貳月，如易科罰金，以\n新臺幣壹仟元折算壹日。扣案之抽頭金新臺幣肆佰元、麻將壹副\n、骰子顆、風圈骰子壹顆、牌尺肆支均沒收。\n    事實及理由\n一、本件犯罪事實及證據，均引用如附件檢察官聲請簡易判決處\n    刑書之記載。\n二、核被告甲○○所為，係犯刑法第268 條之意圖營利供給賭博\n    場所及聚眾賭博罪。其於上開期間內多次提供賭博場所、聚\n    眾賭博之犯行，於自然概念上雖屬數行為，然依本件具體狀\n    況，被告係以營業之意思而持續對不特定之賭客為之，均屬\n    基於營業動機之單一犯罪計劃賡續所為之集合行為，於法律\n    評價上為營業犯性質之集合犯，而俱屬包括一罪之實質上一\n    罪，仍各論以一罪為己足。又被告以一行為觸犯數罪名之想\n    像競合犯，應依刑法第55條之規定，從情節較重之意圖營利\n    聚眾賭博罪處斷。爰審酌被告之前案紀錄，素行尚可，此有\n    臺灣高等法院被告前案紀錄表附卷可憑，其供給賭博場所及\n    賭具予他人，並聚集非熟識之他人賭博，藉以牟取抽頭金，\n    助長投機風氣危害社會秩序，所為殊非可取，然兼衡其犯罪\n    之時間尚短，所生之危害甚小，犯後坦認犯行之態度等一切\n    情狀，量處如主文所示之刑，並諭知易科罰金之折算標準，\n    以資懲儆。\n三、又扣案之被告所有之麻將1 副（含骰子3 顆及風圈骰子1 顆\n    ）、牌尺4 支，為被告犯本罪所用之物；抽頭金新臺幣400\n    元則係被告所有因上開犯罪所得之物，均經被告供陳在卷，\n    爰分別依刑法第38條第1 項第2 款、第3 款之規定宣告沒收\n    。\n四、依刑事訴訟法第449 條第1 項前段、第3 項、第454 條第2\n    項、第450 條第1 項，刑法第268 條、第55條、第41條第1\n    項前段、第38條第1 項第2 款、第3 款，刑法施行法第1 條\n    之1 第1 項、第2 項前段，逕以簡易判決處刑如主文。\n五、如不服本判決，應於判決送達後10日內向本院提出上訴狀，\n    上訴於本院第二審合議庭（須附繕本）。\n中    華    民    國    99    年    5     月    12    日\n                  刑事第二十二庭  法  官    曹 惠 玲\n上列正本證明與原本無異。\n                                  書記官    許 育 菁\n中    華    民    國    99    年    5     月    14    日\n附錄本案論罪科刑法條全文\n  中華民國刑法第268條\n意圖營利，供給賭博場所或聚眾賭博者，處 3 年以下有期徒刑，\n得併科3 千元以下罰金。",
  "structure": {
    "main": "甲○○意圖營利，聚眾賭博，處有期徒刑貳月，如易科罰金，以\n新臺幣壹仟元折算壹日。扣案之抽頭金新臺幣肆佰元、麻將壹副\n、骰子顆、風圈骰子壹顆、牌尺肆支均沒收。",
    "fact": "一、本件犯罪事實及證據，均引用如附件檢察官聲請簡易判決處\n    刑書之記載。\n二、核被告甲○○所為，係犯刑法第268 條之意圖營利供給賭博\n    場所及聚眾賭博罪。其於上開期間內多次提供賭博場所、聚\n    眾賭博之犯行，於自然概念上雖屬數行為，然依本件具體狀\n    況，被告係以營業之意思而持續對不特定之賭客為之，均屬\n    基於營業動機之單一犯罪計劃賡續所為之集合行為，於法律\n    評價上為營業犯性質之集合犯，而俱屬包括一罪之實質上一\n    罪，仍各論以一罪為己足。又被告以一行為觸犯數罪名之想\n    像競合犯，應依刑法第55條之規定，從情節較重之意圖營利\n    聚眾賭博罪處斷。爰審酌被告之前案紀錄，素行尚可，此有\n    臺灣高等法院被告前案紀錄表附卷可憑，其供給賭博場所及\n    賭具予他人，並聚集非熟識之他人賭博，藉以牟取抽頭金，\n    助長投機風氣危害社會秩序，所為殊非可取，然兼衡其犯罪\n    之時間尚短，所生之危害甚小，犯後坦認犯行之態度等一切\n    情狀，量處如主文所示之刑，並諭知易科罰金之折算標準，\n    以資懲儆。\n三、又扣案之被告所有之麻將1 副（含骰子3 顆及風圈骰子1 顆\n    ）、牌尺4 支，為被告犯本罪所用之物；抽頭金新臺幣400\n    元則係被告所有因上開犯罪所得之物，均經被告供陳在卷，\n    爰分別依刑法第38條第1 項第2 款、第3 款之規定宣告沒收\n    。\n四、依刑事訴訟法第449 條第1 項前段、第3 項、第454 條第2\n    項、第450 條第1 項，刑法第268 條、第55條、第41條第1\n    項前段、第38條第1 項第2 款、第3 款，刑法施行法第1 條\n    之1 第1 項、第2 項前段，逕以簡易判決處刑如主文。\n五、如不服本判決，應於判決送達後10日內向本院提出上訴狀，\n    上訴於本院第二審合議庭（須附繕本）。",
    "reason": "一、本件犯罪事實及證據，均引用如附件檢察官聲請簡易判決處\n    刑書之記載。\n二、核被告甲○○所為，係犯刑法第268 條之意圖營利供給賭博\n    場所及聚眾賭博罪。其於上開期間內多次提供賭博場所、聚\n    眾賭博之犯行，於自然概念上雖屬數行為，然依本件具體狀\n    況，被告係以營業之意思而持續對不特定之賭客為之，均屬\n    基於營業動機之單一犯罪計劃賡續所為之集合行為，於法律\n    評價上為營業犯性質之集合犯，而俱屬包括一罪之實質上一\n    罪，仍各論以一罪為己足。又被告以一行為觸犯數罪名之想\n    像競合犯，應依刑法第55條之規定，從情節較重之意圖營利\n    聚眾賭博罪處斷。爰審酌被告之前案紀錄，素行尚可，此有\n    臺灣高等法院被告前案紀錄表附卷可憑，其供給賭博場所及\n    賭具予他人，並聚集非熟識之他人賭博，藉以牟取抽頭金，\n    助長投機風氣危害社會秩序，所為殊非可取，然兼衡其犯罪\n    之時間尚短，所生之危害甚小，犯後坦認犯行之態度等一切\n    情狀，量處如主文所示之刑，並諭知易科罰金之折算標準，\n    以資懲儆。\n三、又扣案之被告所有之麻將1 副（含骰子3 顆及風圈骰子1 顆\n    ）、牌尺4 支，為被告犯本罪所用之物；抽頭金新臺幣400\n    元則係被告所有因上開犯罪所得之物，均經被告供陳在卷，\n    爰分別依刑法第38條第1 項第2 款、第3 款之規定宣告沒收\n    。\n四、依刑事訴訟法第449 條第1 項前段、第3 項、第454 條第2\n    項、第450 條第1 項，刑法第268 條、第55條、第41條第1\n    項前段、第38條第1 項第2 款、第3 款，刑法施行法第1 條\n    之1 第1 項、第2 項前段，逕以簡易判決處刑如主文。\n五、如不服本判決，應於判決送達後10日內向本院提出上訴狀，\n    上訴於本院第二審合議庭（須附繕本）。"
  },
  "characters": {
    "judges": [
      "曹惠玲"
    ],
    "prosecutors": [

    ],
    "lawyers": [

    ],
    "clerks": [
      "許育菁"
    ],
    "plaintiffs": [

    ],
    "defendants": [
      "甲○○"
    ],
    "prosecutor_office": [
      "臺灣板橋地方法院檢察署檢察官"
    ],
    "creditors": [

    ],
    "debtors": [

    ],
    "judicial_associate_officer": [

    ]
  },
  "adjudged_at": "2010-05-12",
  "created_at": "2016-01-05 12:24:35",
  "updated_at": "2016-01-05 12:24:35"
}