{
  "identify": "PCD-99-簡-4097-20100512-1",
  "court": {
    "name": "臺灣新北地方法院",
    "code": "PCD"
  },
  "division": {
    "name": "刑事",
    "code": "M"
  },
  "year": 99,
  "word": "簡",
  "number": "4097",
  "jcheck": "1",
  "reason": "毒品危害防制條例",
  "content": "臺灣板橋地方法院刑事簡易判決          99年度簡字第4097號\n聲  請  人  臺灣板橋地方法院檢察署檢察官\n被      告  甲○○\n上列被告因違反毒品危害防制條例案件，經檢察官聲請以簡易判\n決處刑（99年度毒偵字第3499號），本院判決如下：\n    主  文\n甲○○施用第二級毒品，累犯，處有期徒刑陸月，如易科罰金，\n以新臺幣壹仟元折算壹日。\n    事實及理由\n一、本件犯罪事實、證據及所犯法條，除以下所載應予更正或補\n    充外，餘均引用檢察官聲請簡易判決處刑書之記載（如附件\n    ）。\n(一)、犯罪事實欄第12至14行所載「復於98年間因施用毒品案件，\n    經臺灣臺北地方法院以98年度易字第2080號判決有期徒刑5\n    月確定，於98年10月6 日徒刑易科罰金執行完畢出監。」等\n    語，應更正為：「復於98年間因竊盜案件，經臺灣臺北地方\n    法院以98年度易字第2080號判處有期徒刑5 月確定；另於同\n    年間因施用毒品案件，經同院以98年度易字第2731號判處有\n    期徒刑6 月確定；再於同年間因竊盜案件，經同院以98年度\n    易字第2533號判處有期徒刑1 年2 月，並由臺灣高等法院以\n    98年度上易字第2788號駁回上訴確定。嗣上開三案件經更定\n    應執行有期徒刑1 年10月（尚未執行完畢）。」及第21行應\n    補充被告甲○○為警採尿時間為：「99年1 月30日0 時50分\n    」。\n(二)、認定被告施用第二級毒品之理由補充：「按甲基安非他命經\n    口服投與後，約70％於24小時內自尿液中排出，約90％於96\n    小時內自尿中排出，由於甲基安非他命成分之檢出與其投與\n    方式、投與量、個人體質、採尿時間與檢測儀器之精密度等\n    諸多因素有關，因此僅憑尿液中呈甲基安非他命陽性反應，\n    並無法確實推算吸食時間距採集時間之長短，惟依上述資料\n    推斷，最長可能不會超過4 日，業經行政院衛生署藥物食品\n    管理局81年2 月8 日藥檢一字第001156號函示明確。是被\n    告於前揭補述時間為警採集之尿液經送驗結果，既呈甲基安\n    非他命陽性反應，足認被告在採尿前回溯96小時內某時許，\n    確有施用第二級毒品甲基安非他命之犯行無訛，被告供稱其\n    最後一次施用毒品時間為98年12月10日云云，不足採信，其\n    本件施用第二級毒品犯行，足堪認定。」。\n(三)、應適用之法條補充：「被告施用第二級毒品甲基安非他命前\n    ，其持有甲基安非他命之低度行為，為施用之高度行為所吸\n    收，不另論罪。」。\n二、依刑事訴訟法第449 條第1 項前段、第3 項、第454 條第2\n    項，毒品危害防制條例第10條第2 項，刑法第11條前段、第\n    47條第1 項、第41條第1 項前段，逕以簡易判決處刑如主文\n    。\n三、如不服本判決，得自收受送達之翌日起10日內，向本院提出\n    上訴狀，上訴於本院第二審合議庭（須附繕本）。\n中    華    民    國    99    年    5     月    12    日\n                  刑事第二十三庭    法  官  徐  蘭  萍\n以上正本證明與原本無異。\n                                    書記官  廖  美  紅\n中    華    民    國    99    年    5     月    12    日\n附錄本罪論罪科刑法條全文：\n毒品危害防制條例第10條\n施用第一級毒品者，處6 月以上5 年以下有期徒刑。\n施用第二級毒品者，處3 年以下有期徒刑。",
  "structure": {
    "main": "甲○○施用第二級毒品，累犯，處有期徒刑陸月，如易科罰金，\n以新臺幣壹仟元折算壹日。",
    "fact": "一、本件犯罪事實、證據及所犯法條，除以下所載應予更正或補\n    充外，餘均引用檢察官聲請簡易判決處刑書之記載（如附件\n    ）。\n(一)、犯罪事實欄第12至14行所載「復於98年間因施用毒品案件，\n    經臺灣臺北地方法院以98年度易字第2080號判決有期徒刑5\n    月確定，於98年10月6 日徒刑易科罰金執行完畢出監。」等\n    語，應更正為：「復於98年間因竊盜案件，經臺灣臺北地方\n    法院以98年度易字第2080號判處有期徒刑5 月確定；另於同\n    年間因施用毒品案件，經同院以98年度易字第2731號判處有\n    期徒刑6 月確定；再於同年間因竊盜案件，經同院以98年度\n    易字第2533號判處有期徒刑1 年2 月，並由臺灣高等法院以\n    98年度上易字第2788號駁回上訴確定。嗣上開三案件經更定\n    應執行有期徒刑1 年10月（尚未執行完畢）。」及第21行應\n    補充被告甲○○為警採尿時間為：「99年1 月30日0 時50分\n    」。\n(二)、認定被告施用第二級毒品之理由補充：「按甲基安非他命經\n    口服投與後，約70％於24小時內自尿液中排出，約90％於96\n    小時內自尿中排出，由於甲基安非他命成分之檢出與其投與\n    方式、投與量、個人體質、採尿時間與檢測儀器之精密度等\n    諸多因素有關，因此僅憑尿液中呈甲基安非他命陽性反應，\n    並無法確實推算吸食時間距採集時間之長短，惟依上述資料\n    推斷，最長可能不會超過4 日，業經行政院衛生署藥物食品\n    管理局81年2 月8 日藥檢一字第001156號函示明確。是被\n    告於前揭補述時間為警採集之尿液經送驗結果，既呈甲基安\n    非他命陽性反應，足認被告在採尿前回溯96小時內某時許，\n    確有施用第二級毒品甲基安非他命之犯行無訛，被告供稱其\n    最後一次施用毒品時間為98年12月10日云云，不足採信，其\n    本件施用第二級毒品犯行，足堪認定。」。\n(三)、應適用之法條補充：「被告施用第二級毒品甲基安非他命前\n    ，其持有甲基安非他命之低度行為，為施用之高度行為所吸\n    收，不另論罪。」。\n二、依刑事訴訟法第449 條第1 項前段、第3 項、第454 條第2\n    項，毒品危害防制條例第10條第2 項，刑法第11條前段、第\n    47條第1 項、第41條第1 項前段，逕以簡易判決處刑如主文\n    。\n三、如不服本判決，得自收受送達之翌日起10日內，向本院提出\n    上訴狀，上訴於本院第二審合議庭（須附繕本）。",
    "reason": "一、本件犯罪事實、證據及所犯法條，除以下所載應予更正或補\n    充外，餘均引用檢察官聲請簡易判決處刑書之記載（如附件\n    ）。\n(一)、犯罪事實欄第12至14行所載「復於98年間因施用毒品案件，\n    經臺灣臺北地方法院以98年度易字第2080號判決有期徒刑5\n    月確定，於98年10月6 日徒刑易科罰金執行完畢出監。」等\n    語，應更正為：「復於98年間因竊盜案件，經臺灣臺北地方\n    法院以98年度易字第2080號判處有期徒刑5 月確定；另於同\n    年間因施用毒品案件，經同院以98年度易字第2731號判處有\n    期徒刑6 月確定；再於同年間因竊盜案件，經同院以98年度\n    易字第2533號判處有期徒刑1 年2 月，並由臺灣高等法院以\n    98年度上易字第2788號駁回上訴確定。嗣上開三案件經更定\n    應執行有期徒刑1 年10月（尚未執行完畢）。」及第21行應\n    補充被告甲○○為警採尿時間為：「99年1 月30日0 時50分\n    」。\n(二)、認定被告施用第二級毒品之理由補充：「按甲基安非他命經\n    口服投與後，約70％於24小時內自尿液中排出，約90％於96\n    小時內自尿中排出，由於甲基安非他命成分之檢出與其投與\n    方式、投與量、個人體質、採尿時間與檢測儀器之精密度等\n    諸多因素有關，因此僅憑尿液中呈甲基安非他命陽性反應，\n    並無法確實推算吸食時間距採集時間之長短，惟依上述資料\n    推斷，最長可能不會超過4 日，業經行政院衛生署藥物食品\n    管理局81年2 月8 日藥檢一字第001156號函示明確。是被\n    告於前揭補述時間為警採集之尿液經送驗結果，既呈甲基安\n    非他命陽性反應，足認被告在採尿前回溯96小時內某時許，\n    確有施用第二級毒品甲基安非他命之犯行無訛，被告供稱其\n    最後一次施用毒品時間為98年12月10日云云，不足採信，其\n    本件施用第二級毒品犯行，足堪認定。」。\n(三)、應適用之法條補充：「被告施用第二級毒品甲基安非他命前\n    ，其持有甲基安非他命之低度行為，為施用之高度行為所吸\n    收，不另論罪。」。\n二、依刑事訴訟法第449 條第1 項前段、第3 項、第454 條第2\n    項，毒品危害防制條例第10條第2 項，刑法第11條前段、第\n    47條第1 項、第41條第1 項前段，逕以簡易判決處刑如主文\n    。\n三、如不服本判決，得自收受送達之翌日起10日內，向本院提出\n    上訴狀，上訴於本院第二審合議庭（須附繕本）。"
  },
  "characters": {
    "judges": [
      "徐蘭萍"
    ],
    "prosecutors": [

    ],
    "lawyers": [

    ],
    "clerks": [
      "廖美紅"
    ],
    "plaintiffs": [

    ],
    "defendants": [
      "甲○○"
    ],
    "prosecutor_office": [
      "臺灣板橋地方法院檢察署檢察官"
    ],
    "creditors": [

    ],
    "debtors": [

    ],
    "judicial_associate_officer": [

    ]
  },
  "adjudged_at": "2010-05-12",
  "created_at": "2016-01-05 12:24:41",
  "updated_at": "2016-01-05 12:24:41"
}