{
  "identify": "PCD-99-訴-784-20100512-1",
  "court": {
    "name": "臺灣新北地方法院",
    "code": "PCD"
  },
  "division": {
    "name": "刑事",
    "code": "M"
  },
  "year": 99,
  "word": "訴",
  "number": "784",
  "jcheck": "1",
  "reason": "毒品危害防制條例",
  "content": "臺灣板橋地方法院刑事判決               99年度訴字第784號\n公  訴  人  臺灣板橋地方法院檢察署檢察官\n被      告  甲○○\n上列被告因違反毒品危害防制條例案件，經檢察官提起公訴（99\n年度毒偵字第750 號），本院依簡式審判程序審理後，判決如下\n：\n    主    文\n甲○○施用第一級毒品，處有期徒刑捌月。扣案第一級毒品海洛\n因驗餘淨重零點零零肆公克，沒收銷燬之；扣案包裹上開海洛因\n之包裝袋壹個及針筒貳支，均沒收之。\n    事    實\n一、甲○○前因施用毒品案件，經本院以97年度毒聲字第973 號\n    裁定送觀察、勒戒後，因認有繼續施用毒品之傾向，由本院\n    以97年度毒聲字第1794號裁定令入戒治處所施以強制戒治，\n    嗣因認無繼續戒治之必要，於民國98年5 月6 日執行完畢釋\n    放出臺灣新店戒治所，並於98年6 月29日經臺灣板橋地方法\n    院檢察署檢察官以98年度戒毒偵字第404 號為不起訴處分確\n    定。詎其於前開強制戒治執行完畢釋放後5 年內，另基於施\n    用第一級毒品之犯意，於99年1 月7 日上午某時許（起訴書\n    誤載為99年1 月7 日17時30分許），在臺北縣中和市○○街\n    27號12樓之2 住處內（起訴書略載為不詳處所），以針筒注\n    射之方式（起訴書略載為不詳方法），施用第一級毒品海洛\n    因1 次。嗣於同日下午3 時15分許，為警持本院搜索票在前\n    址住處查獲甲○○，並當場扣得其所有之海洛因（原淨重0.\n    006 公克、驗餘淨重0.004 公克）1 包及針筒2 支。\n二、案經臺北市政府警察局大安分局移請臺灣板橋地方法院檢察\n    署檢察官偵查後提起公訴。\n    理    由\n一、本案被告甲○○所犯係死刑、無期徒刑、最輕本刑為3 年以\n    上有期徒刑以外之罪，其於準備程序中就被訴事實為有罪之\n    陳述，經本院告知簡式審判程序之旨，並聽取公訴人、被告\n    之意見後，經合議庭裁定由受命法官獨任進行簡式審判程序\n    審理，合先敘明。\n二、上揭犯罪事實，業據被告甲○○於本院準備程序中及審理時\n    均坦承不諱，並有搜索扣押筆錄暨扣押物品目錄表1 份及扣\n    案物照片3 張附卷可稽，而其於99年1 月7 日為警查獲後，\n    經採集尿液送台灣尖端先進生技醫藥股份有限公司囑託鑑定\n    結果，確呈嗎啡陽性反應（按海洛因經施用進入人體後，係\n    水解還原成嗎啡，再代謝排出體外，業據行政院衛生署藥物\n    食品檢驗局以73藥檢壹字第030221號函文說明綦詳，而為本\n    院辦理施用第一級毒品案件職務上所已知），有該公司99年\n    1 月13日濫用藥物檢驗報告1 份附卷可稽外，另當日為警扣\n    案之白色粉末1 包，經送交通部民用航空局航空醫務中心鑑\n    驗，原淨重0.006 公克、驗餘淨重0.004 公克，檢出海洛因\n    成分，亦有該中心99年2 月6 日航藥鑑第0000000 號毒品鑑\n    定書1 件在卷可稽，均足以佐證被告自白與事實相符，堪以\n    採信。再被告前因施用毒品案件，經本院以97年度毒聲字第\n    973 號裁定送觀察、勒戒後，因認有繼續施用毒品之傾向，\n    由本院以97年度毒聲字第1794號裁定令入戒治處所施以強制\n    戒治，嗣因認無繼續戒治之必要，於98年5 月6 日執行完畢\n    釋放出臺灣新店戒治所，並於98年6 月29日經臺灣板橋地方\n    法院檢察署檢察官以98年度戒毒偵字第404 號為不起訴處分\n    確定等情，有臺灣高等法院被告前案紀錄表1 份附卷可稽，\n    足徵被告係於強制戒治執行完畢釋放後5 年內，再為本案施\n    用第一級毒品之事證明確，被告犯行洵堪認定。\n三、按海洛因屬毒品危害防制條例第2 條第2 項第1 款規定之第\n    一級毒品，是核被告甲○○所為，係犯毒品危害防制條例第\n    10條第1 項之施用第一級毒品罪。被告為施用海洛因而持有\n    海洛因之低度行為，為其施用第一級毒品之高度行為所吸收\n    ，不另論罪。爰審酌被告刑案前科紀錄之素行狀況，有前開\n    臺灣高等法院被告前案紀錄表在卷可參，暨其不思尋求正當\n    之身心發展，施用足以導致精神異常，甚至造成生命危險之\n    海洛因，戕害一己之身心健康，對社會治安可能之危害程度\n    非微，惟其於犯後尚知坦認犯行等一切情狀，量處如主文所\n    示之刑，以資懲儆。末查，扣案海洛因驗餘淨重0.004 公克\n    ，係屬查獲之第一級毒品，應依毒品危害防制條例第18條第\n    1 項前段規定諭知沒收銷燬之（因檢驗需要而經取用滅失之\n    海洛因成分，則不再宣告沒收銷燬）；扣案包裹上開海洛因\n    之包裝袋1 個，係用於防止海洛因裸露、潮濕，便於攜帶施\n    用，與扣案針筒2 支均屬被告所有供其施用第一級毒品所用\n    之物，業據被告陳明在卷，爰依刑法第38條第1 項第2 款規\n    定，皆併予宣告沒收之。\n據上論斷，應依刑事訴訟法第273 條之1 第1 項、第299 條第1\n項前段，毒品危害防制條例第10條第1 項、第18條第1 項前段，\n刑法第11條前段、第38條第1 項第2 款，判決如主文。\n本案經檢察官馮君傑到庭執行職務。\n中    華    民    國    99    年    5     月    12    日\n                  刑事第十七庭  法  官  張 兆 光\n上列正本證明與原本無異。\n如不服本判決，應於判決送達後10日內敘明上訴理由，向本院提\n出上訴狀 (應附繕本) ，上訴於臺灣高等法院。其未敘述上訴理\n由者，應於上訴期間屆滿後20日內向本院補提理由書「切勿逕送\n上級法院」。\n                                書記官  曹 秋 冬\n中    華    民    國    99    年    5     月    12    日\n附錄本案論罪科刑法條：\n毒品危害防制條例第10條第1 項\n施用第一級毒品者，處6 月以上5 年以下有期徒刑。",
  "structure": {
    "main": "甲○○施用第一級毒品，處有期徒刑捌月。扣案第一級毒品海洛\n因驗餘淨重零點零零肆公克，沒收銷燬之；扣案包裹上開海洛因\n之包裝袋壹個及針筒貳支，均沒收之。",
    "fact": "一、甲○○前因施用毒品案件，經本院以97年度毒聲字第973 號\n    裁定送觀察、勒戒後，因認有繼續施用毒品之傾向，由本院\n    以97年度毒聲字第1794號裁定令入戒治處所施以強制戒治，\n    嗣因認無繼續戒治之必要，於民國98年5 月6 日執行完畢釋\n    放出臺灣新店戒治所，並於98年6 月29日經臺灣板橋地方法\n    院檢察署檢察官以98年度戒毒偵字第404 號為不起訴處分確\n    定。詎其於前開強制戒治執行完畢釋放後5 年內，另基於施\n    用第一級毒品之犯意，於99年1 月7 日上午某時許（起訴書\n    誤載為99年1 月7 日17時30分許），在臺北縣中和市○○街\n    27號12樓之2 住處內（起訴書略載為不詳處所），以針筒注\n    射之方式（起訴書略載為不詳方法），施用第一級毒品海洛\n    因1 次。嗣於同日下午3 時15分許，為警持本院搜索票在前\n    址住處查獲甲○○，並當場扣得其所有之海洛因（原淨重0.\n    006 公克、驗餘淨重0.004 公克）1 包及針筒2 支。\n二、案經臺北市政府警察局大安分局移請臺灣板橋地方法院檢察\n    署檢察官偵查後提起公訴。",
    "reason": "一、本案被告甲○○所犯係死刑、無期徒刑、最輕本刑為3 年以\n    上有期徒刑以外之罪，其於準備程序中就被訴事實為有罪之\n    陳述，經本院告知簡式審判程序之旨，並聽取公訴人、被告\n    之意見後，經合議庭裁定由受命法官獨任進行簡式審判程序\n    審理，合先敘明。\n二、上揭犯罪事實，業據被告甲○○於本院準備程序中及審理時\n    均坦承不諱，並有搜索扣押筆錄暨扣押物品目錄表1 份及扣\n    案物照片3 張附卷可稽，而其於99年1 月7 日為警查獲後，\n    經採集尿液送台灣尖端先進生技醫藥股份有限公司囑託鑑定\n    結果，確呈嗎啡陽性反應（按海洛因經施用進入人體後，係\n    水解還原成嗎啡，再代謝排出體外，業據行政院衛生署藥物\n    食品檢驗局以73藥檢壹字第030221號函文說明綦詳，而為本\n    院辦理施用第一級毒品案件職務上所已知），有該公司99年\n    1 月13日濫用藥物檢驗報告1 份附卷可稽外，另當日為警扣\n    案之白色粉末1 包，經送交通部民用航空局航空醫務中心鑑\n    驗，原淨重0.006 公克、驗餘淨重0.004 公克，檢出海洛因\n    成分，亦有該中心99年2 月6 日航藥鑑第0000000 號毒品鑑\n    定書1 件在卷可稽，均足以佐證被告自白與事實相符，堪以\n    採信。再被告前因施用毒品案件，經本院以97年度毒聲字第\n    973 號裁定送觀察、勒戒後，因認有繼續施用毒品之傾向，\n    由本院以97年度毒聲字第1794號裁定令入戒治處所施以強制\n    戒治，嗣因認無繼續戒治之必要，於98年5 月6 日執行完畢\n    釋放出臺灣新店戒治所，並於98年6 月29日經臺灣板橋地方\n    法院檢察署檢察官以98年度戒毒偵字第404 號為不起訴處分\n    確定等情，有臺灣高等法院被告前案紀錄表1 份附卷可稽，\n    足徵被告係於強制戒治執行完畢釋放後5 年內，再為本案施\n    用第一級毒品之事證明確，被告犯行洵堪認定。\n三、按海洛因屬毒品危害防制條例第2 條第2 項第1 款規定之第\n    一級毒品，是核被告甲○○所為，係犯毒品危害防制條例第\n    10條第1 項之施用第一級毒品罪。被告為施用海洛因而持有\n    海洛因之低度行為，為其施用第一級毒品之高度行為所吸收\n    ，不另論罪。爰審酌被告刑案前科紀錄之素行狀況，有前開\n    臺灣高等法院被告前案紀錄表在卷可參，暨其不思尋求正當\n    之身心發展，施用足以導致精神異常，甚至造成生命危險之\n    海洛因，戕害一己之身心健康，對社會治安可能之危害程度\n    非微，惟其於犯後尚知坦認犯行等一切情狀，量處如主文所\n    示之刑，以資懲儆。末查，扣案海洛因驗餘淨重0.004 公克\n    ，係屬查獲之第一級毒品，應依毒品危害防制條例第18條第\n    1 項前段規定諭知沒收銷燬之（因檢驗需要而經取用滅失之\n    海洛因成分，則不再宣告沒收銷燬）；扣案包裹上開海洛因\n    之包裝袋1 個，係用於防止海洛因裸露、潮濕，便於攜帶施\n    用，與扣案針筒2 支均屬被告所有供其施用第一級毒品所用\n    之物，業據被告陳明在卷，爰依刑法第38條第1 項第2 款規\n    定，皆併予宣告沒收之。\n據上論斷，應依刑事訴訟法第273 條之1 第1 項、第299 條第1\n項前段，毒品危害防制條例第10條第1 項、第18條第1 項前段，\n刑法第11條前段、第38條第1 項第2 款，判決如主文。\n本案經檢察官馮君傑到庭執行職務。\n中    華    民    國    99    年    5     月    12    日\n                  刑事第十七庭  法  官  張 兆 光\n上列正本證明與原本無異。\n如不服本判決，應於判決送達後10日內敘明上訴理由，向本院提\n出上訴狀 (應附繕本) ，上訴於臺灣高等法院。其未敘述上訴理\n由者，應於上訴期間屆滿後20日內向本院補提理由書「切勿逕送\n上級法院」。\n                                書記官  曹 秋 冬"
  },
  "characters": {
    "judges": [
      "張兆光"
    ],
    "prosecutors": [
      "馮君傑"
    ],
    "lawyers": [

    ],
    "clerks": [
      "曹秋冬"
    ],
    "plaintiffs": [

    ],
    "defendants": [
      "甲○○"
    ],
    "prosecutor_office": [
      "臺灣板橋地方法院檢察署檢察官"
    ],
    "creditors": [

    ],
    "debtors": [

    ],
    "judicial_associate_officer": [

    ]
  },
  "adjudged_at": "2010-05-12",
  "created_at": "2016-01-05 12:23:33",
  "updated_at": "2016-01-05 12:23:33"
}