{
  "identify": "PCD-99-簡-1368-20100512-1",
  "court": {
    "name": "臺灣新北地方法院",
    "code": "PCD"
  },
  "division": {
    "name": "刑事",
    "code": "M"
  },
  "year": 99,
  "word": "簡",
  "number": "1368",
  "jcheck": "1",
  "reason": "偽造文書",
  "content": "臺灣板橋地方法院刑事簡易判決          99年度簡字第1368號\n聲  請  人  臺灣板橋地方法院檢察署檢察官\n被      告  乙○○\n上列被告因偽造文書案件，經檢察官聲請以簡易判決處刑（98年\n度偵字第31385號），本院判決如下：\n    主  文\n乙○○犯行使偽造私文書罪，累犯，處有期徒刑月，如易科罰\n金，以新臺幣壹仟元折算壹日。遠傳電信股份有限公司行動電話\n服務申請書偽造「甲○○」之署押共枚均沒收。\n    事實及理由\n一、本件犯罪事實及證據，均引用如附件檢察官聲請簡易判決處\n    刑書之記載。\n二、查向電信公司申請門號時，於該電信公司之行動電話服務申\n    請書及專案同意書簽署姓名，除表示欲申請行動電話門號使\n    用，並接受該申請書上之相關權利義務之規範，具有表示法\n    律上權利義務關係之證明，均屬刑法第210 條之私文書。又\n    行動電話SIM 晶片卡，可供通訊使用，且在一定條件下具有\n    可轉讓性，具有相當之財產價值，而各該門號之SIM 卡乃電\n    信公司於出租門號時，附帶提供予消費者為使用介面，於該\n    門號開通上線時，SIM 卡所有權歸客戶所有，此為本院職務\n    上所已知之事實，故SIM 卡係得因出售、轉讓行為而造成所\n    有權之移轉，得為刑法中詐欺取財罪之犯罪客體。又冒名申\n    請行動電話，惟其行動電話手機及門號費用均係其付費或自\n    行購置者，非他人之電信設備，且手機門號之內，外碼亦為\n    真正，並非盜拷。撥打使用僅在對電信公司施詐獲取免付費\n    使用之利益，應以刑法第339 條第2 項之詐欺得利罪（參見\n    民國88年12月臺灣高等法院暨所屬法院88年法律座談會刑事\n    類提案第18號）。\n三、核被告乙○○冒用「甲○○」之名義於遠傳電信股份有限公\n    司（下稱遠傳電信公司）行動電話服務申請書，係偽造私文\n    書之行為；其將上開偽造之遠傳電信行動電話服務申請書交\n    付遠傳電信公司服務人員之行為，係行使偽造私文書之行為\n    ；被告於遠傳電信公司行動電話服務申請書上偽簽被冒用人\n    之姓名，係偽造署押罪之行為。被告利用不知情之廖淑媛傳\n    真甲○○之身分證、健保卡影本及偽造之申請書向遠傳電信\n    公司承辦人員詐取SIM 卡之犯行，係犯刑法第216 條、第21\n    0 條之行使偽造私文書罪及犯同法第339 條第1 項之詐欺取\n    財罪；另被告以冒名申請所得之號碼撥打使用，使遠傳電信\n    公司誤認係申請人本人使用，而提供行動電話通話服務，使\n    被告取得不付費撥打電話之利益，係犯刑法第339 條第2 項\n    之詐欺得利罪。按刑法上之間接正犯，係利用他人之無責任\n    能力、無犯罪故意或阻卻違法等行為，以實行自己所欲實現\n    之犯罪行為而言。被告利用無犯罪故意之廖淑媛為前揭行使\n    偽造私文書犯行，係屬間接正犯。被告於遠傳電信公司之行\n    動電話服務申請書上偽造署押之行為，均為偽造私文書之部\n    分行為，偽造私文書後復持以行使，其偽造私文書之低度行\n    為，均為行使之高度行為所吸收，均不另論罪。被告冒用他\n    人之名義申辦遠傳電信公司之行動電話門號而行使偽造私文\n    書，侵害被冒名之人及電信公司之行為，均係為達冒名申請\n    使用行動電話門號之目的而為，其以一行為觸犯上開罪名行\n    使偽造私文書、詐欺取財及詐欺得利3 罪間，為想像競合犯\n    ，應依刑法第55條之規定，從一重之行使偽造私文書罪處斷\n    。又被告有如附件檢察官聲請簡易判決處刑書犯罪事實欄所\n    載之前科執行紀錄，有臺灣高等法院被告前案紀錄表1 份在\n    卷可憑，其於刑之執行完畢後，5 年內故意再犯本件有期徒\n    刑以上之罪，為累犯，應依刑法第47條第1 項之規定加重其\n    刑。爰審酌被告正值壯年，為圖小利而冒用他人名義偽造申\n    請書而申辦行動電話，影響通信正常秩序，所為並非可取，\n    惟犯後坦承犯行，態度尚可等一切情狀，量處如主文所示之\n    刑，並諭知易科罰金之折算標準。又遠傳電信行動電話服務\n    申請書上所示被告偽造「甲○○」之署押3 枚，雖未扣案，\n    然亦無證據證明業已滅失，自應依刑法第219 條規定，不問\n    屬於犯人所有與否，均予宣告沒收。\n四、依刑事訴訟法第449 條第1 項前段、第3 項、第450 條第1\n    項、第454 條第2 項，刑法第339 條第1 項、第2 項、第21\n    6 條、第210 條、第219 條、第55條、第47條第1 項、第41\n    條第1 項前段，刑法施行法第1 條之1 第1 項、第2 項前段\n    ，逕以簡易判決處刑如主文。\n五、如不服本判決，得自收受送達之翌日起10日內向本院提出上\n    訴狀，上訴於本院第二審合議庭（須附繕本）。\n中    華    民    國    99    年    5     月    12    日\n                  刑事第二十二庭  法  官   傅明華\n上列正本證明與原本無異。\n                                  書記官   張玫玲\n中    華    民    國    99    年    5     月    13    日\n附錄本案論罪科刑法條全文:\n中華民國刑法第210條\n（偽造私文書罪）\n偽造、變造私文書，足以生損害於公眾或他人者，處五年以下有\n期徒刑。\n中華民國刑法第216條\n (行使偽造變造或登載不實之文書罪)\n行 使第210 條至第215 條之文書者，依偽造、變造文書或登載\n不實事項或使登載不實事項之規定處斷。\n中華民國刑法第217條\n偽造印章、印文或署押，足以生損害於公眾或他人者，處三年以\n下有期徒刑。\n中華民國刑法第339條\n (普通詐欺罪)\n意圖為自己或第三人不法之所有，以詐術使人將本人或第三人之\n物交付者，處5 年以下有期徒刑、拘役或科或併科1 千元以下罰\n金。\n以前項方法得財產上不法之利益或使第三人得之者，亦同。\n前二項之未遂犯罰之。",
  "structure": {
    "main": "乙○○犯行使偽造私文書罪，累犯，處有期徒刑月，如易科罰\n金，以新臺幣壹仟元折算壹日。遠傳電信股份有限公司行動電話\n服務申請書偽造「甲○○」之署押共枚均沒收。",
    "fact": "一、本件犯罪事實及證據，均引用如附件檢察官聲請簡易判決處\n    刑書之記載。\n二、查向電信公司申請門號時，於該電信公司之行動電話服務申\n    請書及專案同意書簽署姓名，除表示欲申請行動電話門號使\n    用，並接受該申請書上之相關權利義務之規範，具有表示法\n    律上權利義務關係之證明，均屬刑法第210 條之私文書。又\n    行動電話SIM 晶片卡，可供通訊使用，且在一定條件下具有\n    可轉讓性，具有相當之財產價值，而各該門號之SIM 卡乃電\n    信公司於出租門號時，附帶提供予消費者為使用介面，於該\n    門號開通上線時，SIM 卡所有權歸客戶所有，此為本院職務\n    上所已知之事實，故SIM 卡係得因出售、轉讓行為而造成所\n    有權之移轉，得為刑法中詐欺取財罪之犯罪客體。又冒名申\n    請行動電話，惟其行動電話手機及門號費用均係其付費或自\n    行購置者，非他人之電信設備，且手機門號之內，外碼亦為\n    真正，並非盜拷。撥打使用僅在對電信公司施詐獲取免付費\n    使用之利益，應以刑法第339 條第2 項之詐欺得利罪（參見\n    民國88年12月臺灣高等法院暨所屬法院88年法律座談會刑事\n    類提案第18號）。\n三、核被告乙○○冒用「甲○○」之名義於遠傳電信股份有限公\n    司（下稱遠傳電信公司）行動電話服務申請書，係偽造私文\n    書之行為；其將上開偽造之遠傳電信行動電話服務申請書交\n    付遠傳電信公司服務人員之行為，係行使偽造私文書之行為\n    ；被告於遠傳電信公司行動電話服務申請書上偽簽被冒用人\n    之姓名，係偽造署押罪之行為。被告利用不知情之廖淑媛傳\n    真甲○○之身分證、健保卡影本及偽造之申請書向遠傳電信\n    公司承辦人員詐取SIM 卡之犯行，係犯刑法第216 條、第21\n    0 條之行使偽造私文書罪及犯同法第339 條第1 項之詐欺取\n    財罪；另被告以冒名申請所得之號碼撥打使用，使遠傳電信\n    公司誤認係申請人本人使用，而提供行動電話通話服務，使\n    被告取得不付費撥打電話之利益，係犯刑法第339 條第2 項\n    之詐欺得利罪。按刑法上之間接正犯，係利用他人之無責任\n    能力、無犯罪故意或阻卻違法等行為，以實行自己所欲實現\n    之犯罪行為而言。被告利用無犯罪故意之廖淑媛為前揭行使\n    偽造私文書犯行，係屬間接正犯。被告於遠傳電信公司之行\n    動電話服務申請書上偽造署押之行為，均為偽造私文書之部\n    分行為，偽造私文書後復持以行使，其偽造私文書之低度行\n    為，均為行使之高度行為所吸收，均不另論罪。被告冒用他\n    人之名義申辦遠傳電信公司之行動電話門號而行使偽造私文\n    書，侵害被冒名之人及電信公司之行為，均係為達冒名申請\n    使用行動電話門號之目的而為，其以一行為觸犯上開罪名行\n    使偽造私文書、詐欺取財及詐欺得利3 罪間，為想像競合犯\n    ，應依刑法第55條之規定，從一重之行使偽造私文書罪處斷\n    。又被告有如附件檢察官聲請簡易判決處刑書犯罪事實欄所\n    載之前科執行紀錄，有臺灣高等法院被告前案紀錄表1 份在\n    卷可憑，其於刑之執行完畢後，5 年內故意再犯本件有期徒\n    刑以上之罪，為累犯，應依刑法第47條第1 項之規定加重其\n    刑。爰審酌被告正值壯年，為圖小利而冒用他人名義偽造申\n    請書而申辦行動電話，影響通信正常秩序，所為並非可取，\n    惟犯後坦承犯行，態度尚可等一切情狀，量處如主文所示之\n    刑，並諭知易科罰金之折算標準。又遠傳電信行動電話服務\n    申請書上所示被告偽造「甲○○」之署押3 枚，雖未扣案，\n    然亦無證據證明業已滅失，自應依刑法第219 條規定，不問\n    屬於犯人所有與否，均予宣告沒收。\n四、依刑事訴訟法第449 條第1 項前段、第3 項、第450 條第1\n    項、第454 條第2 項，刑法第339 條第1 項、第2 項、第21\n    6 條、第210 條、第219 條、第55條、第47條第1 項、第41\n    條第1 項前段，刑法施行法第1 條之1 第1 項、第2 項前段\n    ，逕以簡易判決處刑如主文。\n五、如不服本判決，得自收受送達之翌日起10日內向本院提出上\n    訴狀，上訴於本院第二審合議庭（須附繕本）。",
    "reason": "一、本件犯罪事實及證據，均引用如附件檢察官聲請簡易判決處\n    刑書之記載。\n二、查向電信公司申請門號時，於該電信公司之行動電話服務申\n    請書及專案同意書簽署姓名，除表示欲申請行動電話門號使\n    用，並接受該申請書上之相關權利義務之規範，具有表示法\n    律上權利義務關係之證明，均屬刑法第210 條之私文書。又\n    行動電話SIM 晶片卡，可供通訊使用，且在一定條件下具有\n    可轉讓性，具有相當之財產價值，而各該門號之SIM 卡乃電\n    信公司於出租門號時，附帶提供予消費者為使用介面，於該\n    門號開通上線時，SIM 卡所有權歸客戶所有，此為本院職務\n    上所已知之事實，故SIM 卡係得因出售、轉讓行為而造成所\n    有權之移轉，得為刑法中詐欺取財罪之犯罪客體。又冒名申\n    請行動電話，惟其行動電話手機及門號費用均係其付費或自\n    行購置者，非他人之電信設備，且手機門號之內，外碼亦為\n    真正，並非盜拷。撥打使用僅在對電信公司施詐獲取免付費\n    使用之利益，應以刑法第339 條第2 項之詐欺得利罪（參見\n    民國88年12月臺灣高等法院暨所屬法院88年法律座談會刑事\n    類提案第18號）。\n三、核被告乙○○冒用「甲○○」之名義於遠傳電信股份有限公\n    司（下稱遠傳電信公司）行動電話服務申請書，係偽造私文\n    書之行為；其將上開偽造之遠傳電信行動電話服務申請書交\n    付遠傳電信公司服務人員之行為，係行使偽造私文書之行為\n    ；被告於遠傳電信公司行動電話服務申請書上偽簽被冒用人\n    之姓名，係偽造署押罪之行為。被告利用不知情之廖淑媛傳\n    真甲○○之身分證、健保卡影本及偽造之申請書向遠傳電信\n    公司承辦人員詐取SIM 卡之犯行，係犯刑法第216 條、第21\n    0 條之行使偽造私文書罪及犯同法第339 條第1 項之詐欺取\n    財罪；另被告以冒名申請所得之號碼撥打使用，使遠傳電信\n    公司誤認係申請人本人使用，而提供行動電話通話服務，使\n    被告取得不付費撥打電話之利益，係犯刑法第339 條第2 項\n    之詐欺得利罪。按刑法上之間接正犯，係利用他人之無責任\n    能力、無犯罪故意或阻卻違法等行為，以實行自己所欲實現\n    之犯罪行為而言。被告利用無犯罪故意之廖淑媛為前揭行使\n    偽造私文書犯行，係屬間接正犯。被告於遠傳電信公司之行\n    動電話服務申請書上偽造署押之行為，均為偽造私文書之部\n    分行為，偽造私文書後復持以行使，其偽造私文書之低度行\n    為，均為行使之高度行為所吸收，均不另論罪。被告冒用他\n    人之名義申辦遠傳電信公司之行動電話門號而行使偽造私文\n    書，侵害被冒名之人及電信公司之行為，均係為達冒名申請\n    使用行動電話門號之目的而為，其以一行為觸犯上開罪名行\n    使偽造私文書、詐欺取財及詐欺得利3 罪間，為想像競合犯\n    ，應依刑法第55條之規定，從一重之行使偽造私文書罪處斷\n    。又被告有如附件檢察官聲請簡易判決處刑書犯罪事實欄所\n    載之前科執行紀錄，有臺灣高等法院被告前案紀錄表1 份在\n    卷可憑，其於刑之執行完畢後，5 年內故意再犯本件有期徒\n    刑以上之罪，為累犯，應依刑法第47條第1 項之規定加重其\n    刑。爰審酌被告正值壯年，為圖小利而冒用他人名義偽造申\n    請書而申辦行動電話，影響通信正常秩序，所為並非可取，\n    惟犯後坦承犯行，態度尚可等一切情狀，量處如主文所示之\n    刑，並諭知易科罰金之折算標準。又遠傳電信行動電話服務\n    申請書上所示被告偽造「甲○○」之署押3 枚，雖未扣案，\n    然亦無證據證明業已滅失，自應依刑法第219 條規定，不問\n    屬於犯人所有與否，均予宣告沒收。\n四、依刑事訴訟法第449 條第1 項前段、第3 項、第450 條第1\n    項、第454 條第2 項，刑法第339 條第1 項、第2 項、第21\n    6 條、第210 條、第219 條、第55條、第47條第1 項、第41\n    條第1 項前段，刑法施行法第1 條之1 第1 項、第2 項前段\n    ，逕以簡易判決處刑如主文。\n五、如不服本判決，得自收受送達之翌日起10日內向本院提出上\n    訴狀，上訴於本院第二審合議庭（須附繕本）。"
  },
  "characters": {
    "judges": [
      "傅明華"
    ],
    "prosecutors": [

    ],
    "lawyers": [

    ],
    "clerks": [
      "張玫玲"
    ],
    "plaintiffs": [

    ],
    "defendants": [
      "乙○○"
    ],
    "prosecutor_office": [
      "臺灣板橋地方法院檢察署檢察官"
    ],
    "creditors": [

    ],
    "debtors": [

    ],
    "judicial_associate_officer": [

    ]
  },
  "adjudged_at": "2010-05-12",
  "created_at": "2016-01-05 12:25:20",
  "updated_at": "2016-01-05 12:25:20"
}