{
  "identify": "PCD-99-司催-533-20100512-1",
  "court": {
    "name": "臺灣新北地方法院",
    "code": "PCD"
  },
  "division": {
    "name": "民事",
    "code": "V"
  },
  "year": 99,
  "word": "司催",
  "number": "533",
  "jcheck": "1",
  "reason": "公示催告",
  "content": "臺灣板橋地方法院民事裁定             99年度司催字第533號\n聲  請  人  瑞太機械五金有限公司\n法定代理人  甲○○\n聲請人因遺失證券事件，聲請公示催告，本院裁定如下：\n    主  文\n一、准對於持有附表所載證券之人為公示催告。\n二、聲請人應於本裁定送達之翌日起20日內將本公示催告登載公\n    報、新聞紙或其他相類之傳播工具一日。\n三、持有該證券之人，應於本公示催告最後登載公報、新聞紙或\n    其他相類之傳播工具之日起3 個月內，向本院申報其權利並\n    提出該證券。\n四、如不為申報及提出證券，本院將宣告該證券為無效。\n中    華    民    國    99    年    5     月    12    日\n                  民事第四庭司法事務官\n┌─────────────────────────────────────┐\n│支票附表：                                             99年度司催字第533號│\n├───┬─────┬─────┬──────┬─────┬─────┬──┤\n│編  號│發  票  人│付 款 人  │發   票   日│ 票面金額 │ 支票號碼 │備考│\n│      │          │          │            │（新台幣）│          │    │\n├───┼─────┼─────┼──────┼─────┼─────┼──┤\n│001   │嘉升工業股│臺灣土地銀│99年4月30日 │16,401元  │0000000   │    │\n│      │份有限公司│行土城分行│            │          │          │    │\n├───┼─────┼─────┼──────┼─────┼─────┼──┤\n│002   │嘉升工業股│臺灣土地銀│99年4月30日 │7,842元   │0000000   │    │\n│      │份有限公司│行土城分行│            │          │          │    │\n└───┴─────┴─────┴──────┴─────┴─────┴──┘\n附記：(本附記毋庸登報)\n  一、有關刊登事宜，悉由聲請人自行選報刊登，本院並未委託\n      他人代為辦理，請勿受騙。\n  二、本裁定請先校對，校對無誤後應連同附表於主文第2 項所\n      示時間內，登載新聞紙（全版保存，請勿剪開），俟申報\n      權利之期間屆滿翌日起算3 個月內，另行持本公示催告及\n      保存之新聞紙全版具狀聲請除權判決。\n  三、聲請人如未於主文第2 項所示時間內登載新聞紙者，視為\n      撤回公示催告之聲請。\n  四、事後遞狀應註明案號及股別。",
  "structure": {
  },
  "characters": {
    "judges": [

    ],
    "prosecutors": [

    ],
    "lawyers": [

    ],
    "clerks": [

    ],
    "plaintiffs": [

    ],
    "defendants": [

    ],
    "prosecutor_office": [
      "瑞太機械五金有限公司"
    ],
    "creditors": [

    ],
    "debtors": [

    ],
    "judicial_associate_officer": [
      "民事第四庭"
    ]
  },
  "adjudged_at": "2010-05-12",
  "created_at": "2016-01-05 12:28:31",
  "updated_at": "2016-01-05 12:28:31"
}