{
  "identify": "PCD-99-簡-3974-20100512-1",
  "court": {
    "name": "臺灣新北地方法院",
    "code": "PCD"
  },
  "division": {
    "name": "刑事",
    "code": "M"
  },
  "year": 99,
  "word": "簡",
  "number": "3974",
  "jcheck": "1",
  "reason": "毒品危害防制條例",
  "content": "臺灣板橋地方法院刑事簡易判決          99年度簡字第3974號\n聲  請  人  臺灣板橋地方法院檢察署檢察官\n被      告  甲○○\n上列被告因違反毒品危害防制條例案件，經檢察官聲請以簡易判\n決處刑（99年度毒偵字第2417號），本院判決如下：\n    主  文\n甲○○施用第二級毒品，處有期徒刑貳月，如易科罰金，以新臺\n幣壹仟元折算壹日。扣案之第二級毒品甲基安非他命（驗餘淨重\n零點柒零玖捌公克）沒收銷燬；盛裝前開甲基安非他命之包裝袋\n貳只、吸食器壹組、玻璃球吸食器壹個及分裝杓壹支均沒收。\n    事實及理由\n一、本件除以下所載應予補充或更正外，其餘犯罪事實、證據及\n    應適用之法條均引用檢察官聲請簡易判決處刑書之記載（如\n    附件）。\n  (一)犯罪事實欄有關扣案物更正為「扣得甲基安非他命2 包（淨\n    重0.7100公克，取樣0.0002公克，驗餘淨重0.7098公克）、\n    吸食器1組、玻璃球吸食器1個及分裝勺1支」。\n  (二)證據部分補充「現場及證物照片4張、交通部民用航空局航空\n    醫務中心99年4 月12日毒品鑑定書1 份。」。\n  (三)應適用之法條補充：「被告施用第二級毒品甲基安非他命前\n    後持有甲基安非他命之低度行為，為施用甲基安非他命之高\n    度行為所吸收，不另論罪。又被告於犯罪未被有偵查犯罪權\n    限之機關或公務員發覺前，主動向僅認其行跡可疑而無切確\n    根據合理懷疑其涉犯施用毒品罪嫌之盤查員警坦承犯行，並\n    願接受裁判，有臺北縣政府警察局中和第二分局刑事案件移\n    送書及自願受搜索同意書各1 份在卷為憑，符合自首之要件\n    ，爰依刑法第62條前段規定減輕其刑」。\n  (四)沒收部分補充更正為：「扣案之甲基安非他命2 包（總淨重\n    0.7100公克，取樣0.0002公克，驗餘總淨重0.7098公克），\n    係查獲之第二級毒品，不問屬於犯人與否，應依毒品危害防\n    制條例第18條第1 項前段之規定沒收銷燬；至包裝上開第二\n    級毒品甲基安非他命之包裝袋2 只，係用以包裹毒品，具防\n    止裸露、逸出及潮濕之功用，便於攜帶施用；另吸食器1 組\n    、玻璃球吸食器1 個及分裝勺1 支，亦均係供被告為本件施\n    用第二級毒品犯行之物，且經被告自承確屬其所有，爰依刑\n    法第38條第1 項第2 款規定併予宣告沒收。」。\n二、依刑事訴訟法第449 條第1 項前段、第3 項、第454 條第2\n    項、第450 條第1 項，毒品危害防制條例第10條第2 項、第\n    18條第1 項前段，刑法第11條前段、第62條前段、第41條第\n    1 項前段、第38條第1 項第2 款，逕以簡易判決處刑如主文\n    。\n三、如不服本判決，得自收受送達之日起10日內向本院提出上訴\n    狀，上訴於本院第二審合議庭（須附繕本）。\n中    華    民    國    99    年    5     月   12     日\n                刑事第二十三法庭   法  官  黃  司  熒\n上列正本證明與原本無異。\n                                   書記官  李  逸  翔\n中    華    民    國    99    年    5     月    13    日\n附錄本案論罪科刑之法條全文：\n毒品危害防制條例第10條\n施用第一級毒品者，處 6 月以上 5 年以下有期徒刑。\n施用第二級毒品者，處 3 年以下有期徒刑。",
  "structure": {
    "main": "甲○○施用第二級毒品，處有期徒刑貳月，如易科罰金，以新臺\n幣壹仟元折算壹日。扣案之第二級毒品甲基安非他命（驗餘淨重\n零點柒零玖捌公克）沒收銷燬；盛裝前開甲基安非他命之包裝袋\n貳只、吸食器壹組、玻璃球吸食器壹個及分裝杓壹支均沒收。",
    "fact": "一、本件除以下所載應予補充或更正外，其餘犯罪事實、證據及\n    應適用之法條均引用檢察官聲請簡易判決處刑書之記載（如\n    附件）。\n  (一)犯罪事實欄有關扣案物更正為「扣得甲基安非他命2 包（淨\n    重0.7100公克，取樣0.0002公克，驗餘淨重0.7098公克）、\n    吸食器1組、玻璃球吸食器1個及分裝勺1支」。\n  (二)證據部分補充「現場及證物照片4張、交通部民用航空局航空\n    醫務中心99年4 月12日毒品鑑定書1 份。」。\n  (三)應適用之法條補充：「被告施用第二級毒品甲基安非他命前\n    後持有甲基安非他命之低度行為，為施用甲基安非他命之高\n    度行為所吸收，不另論罪。又被告於犯罪未被有偵查犯罪權\n    限之機關或公務員發覺前，主動向僅認其行跡可疑而無切確\n    根據合理懷疑其涉犯施用毒品罪嫌之盤查員警坦承犯行，並\n    願接受裁判，有臺北縣政府警察局中和第二分局刑事案件移\n    送書及自願受搜索同意書各1 份在卷為憑，符合自首之要件\n    ，爰依刑法第62條前段規定減輕其刑」。\n  (四)沒收部分補充更正為：「扣案之甲基安非他命2 包（總淨重\n    0.7100公克，取樣0.0002公克，驗餘總淨重0.7098公克），\n    係查獲之第二級毒品，不問屬於犯人與否，應依毒品危害防\n    制條例第18條第1 項前段之規定沒收銷燬；至包裝上開第二\n    級毒品甲基安非他命之包裝袋2 只，係用以包裹毒品，具防\n    止裸露、逸出及潮濕之功用，便於攜帶施用；另吸食器1 組\n    、玻璃球吸食器1 個及分裝勺1 支，亦均係供被告為本件施\n    用第二級毒品犯行之物，且經被告自承確屬其所有，爰依刑\n    法第38條第1 項第2 款規定併予宣告沒收。」。\n二、依刑事訴訟法第449 條第1 項前段、第3 項、第454 條第2\n    項、第450 條第1 項，毒品危害防制條例第10條第2 項、第\n    18條第1 項前段，刑法第11條前段、第62條前段、第41條第\n    1 項前段、第38條第1 項第2 款，逕以簡易判決處刑如主文\n    。\n三、如不服本判決，得自收受送達之日起10日內向本院提出上訴\n    狀，上訴於本院第二審合議庭（須附繕本）。",
    "reason": "一、本件除以下所載應予補充或更正外，其餘犯罪事實、證據及\n    應適用之法條均引用檢察官聲請簡易判決處刑書之記載（如\n    附件）。\n  (一)犯罪事實欄有關扣案物更正為「扣得甲基安非他命2 包（淨\n    重0.7100公克，取樣0.0002公克，驗餘淨重0.7098公克）、\n    吸食器1組、玻璃球吸食器1個及分裝勺1支」。\n  (二)證據部分補充「現場及證物照片4張、交通部民用航空局航空\n    醫務中心99年4 月12日毒品鑑定書1 份。」。\n  (三)應適用之法條補充：「被告施用第二級毒品甲基安非他命前\n    後持有甲基安非他命之低度行為，為施用甲基安非他命之高\n    度行為所吸收，不另論罪。又被告於犯罪未被有偵查犯罪權\n    限之機關或公務員發覺前，主動向僅認其行跡可疑而無切確\n    根據合理懷疑其涉犯施用毒品罪嫌之盤查員警坦承犯行，並\n    願接受裁判，有臺北縣政府警察局中和第二分局刑事案件移\n    送書及自願受搜索同意書各1 份在卷為憑，符合自首之要件\n    ，爰依刑法第62條前段規定減輕其刑」。\n  (四)沒收部分補充更正為：「扣案之甲基安非他命2 包（總淨重\n    0.7100公克，取樣0.0002公克，驗餘總淨重0.7098公克），\n    係查獲之第二級毒品，不問屬於犯人與否，應依毒品危害防\n    制條例第18條第1 項前段之規定沒收銷燬；至包裝上開第二\n    級毒品甲基安非他命之包裝袋2 只，係用以包裹毒品，具防\n    止裸露、逸出及潮濕之功用，便於攜帶施用；另吸食器1 組\n    、玻璃球吸食器1 個及分裝勺1 支，亦均係供被告為本件施\n    用第二級毒品犯行之物，且經被告自承確屬其所有，爰依刑\n    法第38條第1 項第2 款規定併予宣告沒收。」。\n二、依刑事訴訟法第449 條第1 項前段、第3 項、第454 條第2\n    項、第450 條第1 項，毒品危害防制條例第10條第2 項、第\n    18條第1 項前段，刑法第11條前段、第62條前段、第41條第\n    1 項前段、第38條第1 項第2 款，逕以簡易判決處刑如主文\n    。\n三、如不服本判決，得自收受送達之日起10日內向本院提出上訴\n    狀，上訴於本院第二審合議庭（須附繕本）。"
  },
  "characters": {
    "judges": [
      "黃司熒"
    ],
    "prosecutors": [

    ],
    "lawyers": [

    ],
    "clerks": [
      "李逸翔"
    ],
    "plaintiffs": [

    ],
    "defendants": [
      "甲○○"
    ],
    "prosecutor_office": [
      "臺灣板橋地方法院檢察署檢察官"
    ],
    "creditors": [

    ],
    "debtors": [

    ],
    "judicial_associate_officer": [

    ]
  },
  "adjudged_at": "2010-05-12",
  "created_at": "2016-01-05 12:25:48",
  "updated_at": "2016-01-05 12:25:48"
}