{
  "identify": "PCD-99-監宣-114-20100512-1",
  "court": {
    "name": "臺灣新北地方法院",
    "code": "PCD"
  },
  "division": {
    "name": "民事",
    "code": "V"
  },
  "year": 99,
  "word": "監宣",
  "number": "114",
  "jcheck": "1",
  "reason": "監護宣告",
  "content": "臺灣板橋地方法院民事裁定             99年度監宣字第114號\n聲  請  人  丙○○\n相  對  人  乙○○\n關  係  人  甲○○\n上列聲請人聲請監護宣告事件，本院裁定如下：\n    主      文\n宣告乙○○（男，民國○○○年○月○○○日生，身分證統一編\n號：Ｚ000000000號）為受監護宣告之人。\n選定丙○○（女，民國○○○年○月○日生，身分證統一編號：\nＺ000000000號）為受監護宣告之人之監護人。\n指定甲○○（男，民國○○○年○月○日生，身分證統一編號：\nＺ000000000號）為會同開具財產清冊之人。\n聲請費用由受監護宣告之人負擔。\n    理      由\n一、本件聲請意旨略以：聲請人丙○○之公公即相對人乙○○因\n    患有重度多重障（聲肢）症，至今毫無起色，現況已無能力\n    處理事務，為此依民事訴訟法第597 條之規定，檢附中華民\n    國身心障礙手冊影本、同意書、戶籍謄本等件為證，聲請宣\n    告相對人乙○○為受監護宣告之人，併選定聲請人丙○○為\n    受監護宣告之人乙○○之監護人、關係人甲○○為會同開具\n    財產清冊之人等語。\n二、按對於因精神障礙或其他心智缺陷，致不能為意思表示或受\n    意思表示，或不能辨識其意思表示之效果者，法院得因本人\n    、配偶、四親等內之親屬、最近一年有同居事實之其他親屬\n    、檢察官、主管機關或社會福利機構之聲請，為監護之宣告\n    ，民法第14條第1 項定有明文。本院審驗相對人乙○○之心\n    神狀況，並依板橋中興醫院馮德誠醫師鑑定結果，認為：相\n    對人高血壓、腦出血中風，張眼坐輪椅，說話不清楚，右側\n    肢體偏癱，日常生活起居均需他人照顧，無經濟活動能力，\n    溝通困難，有精神障礙或其他心智缺點，障礙程度完全不能\n    ，無恢復可能性，建議為監護之宣告等語，此有該醫院出具\n    之精神鑑定報告書為憑，此有該醫院出具之精神鑑定報告書\n    為憑，相對人乙○○顯因前開事由致為意思表示或受意思表\n    示之能力完全不能，爰依前開規定，宣告相對人乙○○為受\n    監護宣告之人。\n三、次按受監護宣告之人應置監護人。法院為監護之宣告時，應\n    依職權就配偶、四親等內之親屬、最近一年有同居事實之其\n    他親屬、主管機關、社會福利機構或其他適當之人選定1 人\n    或數人為監護人，並同時指定會同開具財產清冊之人。法院\n    為前項選定及指定前，得命主管機關或社會福利機構進行訪\n    視，提出調查報告及建議。監護之聲請人或利害關係人亦得\n    提出相關資料或證據，供法院斟酌。法院選定監護人時，應\n    依受監護宣告之人之最佳利益，優先考量受監護宣告之人之\n    意見，審酌一切情狀，並注意下列事項：（一）受監護宣告\n    之人之身心狀態與生活及財產狀況。（二）受監護宣告之人\n    與其配偶、子女或其他共同生活之人間之情感狀況。（三）\n    監護人之職業、經歷、意見及其與受監護宣告之人之利害關\n    係。（四）法人為監護人時，其事業之種類與內容，法人及\n    其代表人與受監護宣告之人之利害關係。民法第1110條、第\n    1111條、第1111條之1 分別定有明文。查相對人共育有三名\n    子女甲○○、莊曼君、莊哲豪，其中甲○○、莊曼君均已結\n    婚，相對人目前住在養護中心，相關費用由二個兒子負擔等\n    語，業據聲請人即相對人媳婦丙○○陳明在卷，並有親屬戶\n    籍謄本附卷佐參，又相對人之前開親屬均一致同意推舉丙○\n    ○為相對人之監護人，有同意書在卷可稽，本院審酌丙○○\n    為受監護宣告之人乙○○之媳婦，關係密切，其對於相對人\n    經濟及日常生活情形應為熟稔，且有監護相對人之能力及意\n    願，是由丙○○任監護人，最能符合相對人之最佳利益，爰\n    選定聲請人丙○○為相對人之監護人。另本院參酌甲○○為\n    相對人即受監護宣告之人乙○○之長子，並經相對人前開親\n    屬一致同意推舉為會同開具財產清冊之人，此有同意書在卷\n    可參，爰並指定甲○○為會同開具財產清冊之人，以利監督\n    。\n四、依民事訴訟法第608 條第1 項裁定如主文。\n中    華    民    國    99    年    5     月    12    日\n                  家事法庭  法  官  葉靜芳\n以上正本係照原本作成。\n如不服本裁定關於選定監護人及指定會同開具財產清冊之人等部\n分，應於送達後10日內向本院提出抗告狀，並繳納抗告費新臺幣\n1,000 元；其餘關於宣告監護之部分，不得抗告。\n中    華    民    國    99    年    5     月    12    日\n                            書記官  劉春美",
  "structure": {
    "main": "宣告乙○○（男，民國○○○年○月○○○日生，身分證統一編\n號：Ｚ000000000號）為受監護宣告之人。\n選定丙○○（女，民國○○○年○月○日生，身分證統一編號：\nＺ000000000號）為受監護宣告之人之監護人。\n指定甲○○（男，民國○○○年○月○日生，身分證統一編號：\nＺ000000000號）為會同開具財產清冊之人。\n聲請費用由受監護宣告之人負擔。",
    "reason": "一、本件聲請意旨略以：聲請人丙○○之公公即相對人乙○○因\n    患有重度多重障（聲肢）症，至今毫無起色，現況已無能力\n    處理事務，為此依民事訴訟法第597 條之規定，檢附中華民\n    國身心障礙手冊影本、同意書、戶籍謄本等件為證，聲請宣\n    告相對人乙○○為受監護宣告之人，併選定聲請人丙○○為\n    受監護宣告之人乙○○之監護人、關係人甲○○為會同開具\n    財產清冊之人等語。\n二、按對於因精神障礙或其他心智缺陷，致不能為意思表示或受\n    意思表示，或不能辨識其意思表示之效果者，法院得因本人\n    、配偶、四親等內之親屬、最近一年有同居事實之其他親屬\n    、檢察官、主管機關或社會福利機構之聲請，為監護之宣告\n    ，民法第14條第1 項定有明文。本院審驗相對人乙○○之心\n    神狀況，並依板橋中興醫院馮德誠醫師鑑定結果，認為：相\n    對人高血壓、腦出血中風，張眼坐輪椅，說話不清楚，右側\n    肢體偏癱，日常生活起居均需他人照顧，無經濟活動能力，\n    溝通困難，有精神障礙或其他心智缺點，障礙程度完全不能\n    ，無恢復可能性，建議為監護之宣告等語，此有該醫院出具\n    之精神鑑定報告書為憑，此有該醫院出具之精神鑑定報告書\n    為憑，相對人乙○○顯因前開事由致為意思表示或受意思表\n    示之能力完全不能，爰依前開規定，宣告相對人乙○○為受\n    監護宣告之人。\n三、次按受監護宣告之人應置監護人。法院為監護之宣告時，應\n    依職權就配偶、四親等內之親屬、最近一年有同居事實之其\n    他親屬、主管機關、社會福利機構或其他適當之人選定1 人\n    或數人為監護人，並同時指定會同開具財產清冊之人。法院\n    為前項選定及指定前，得命主管機關或社會福利機構進行訪\n    視，提出調查報告及建議。監護之聲請人或利害關係人亦得\n    提出相關資料或證據，供法院斟酌。法院選定監護人時，應\n    依受監護宣告之人之最佳利益，優先考量受監護宣告之人之\n    意見，審酌一切情狀，並注意下列事項：（一）受監護宣告\n    之人之身心狀態與生活及財產狀況。（二）受監護宣告之人\n    與其配偶、子女或其他共同生活之人間之情感狀況。（三）\n    監護人之職業、經歷、意見及其與受監護宣告之人之利害關\n    係。（四）法人為監護人時，其事業之種類與內容，法人及\n    其代表人與受監護宣告之人之利害關係。民法第1110條、第\n    1111條、第1111條之1 分別定有明文。查相對人共育有三名\n    子女甲○○、莊曼君、莊哲豪，其中甲○○、莊曼君均已結\n    婚，相對人目前住在養護中心，相關費用由二個兒子負擔等\n    語，業據聲請人即相對人媳婦丙○○陳明在卷，並有親屬戶\n    籍謄本附卷佐參，又相對人之前開親屬均一致同意推舉丙○\n    ○為相對人之監護人，有同意書在卷可稽，本院審酌丙○○\n    為受監護宣告之人乙○○之媳婦，關係密切，其對於相對人\n    經濟及日常生活情形應為熟稔，且有監護相對人之能力及意\n    願，是由丙○○任監護人，最能符合相對人之最佳利益，爰\n    選定聲請人丙○○為相對人之監護人。另本院參酌甲○○為\n    相對人即受監護宣告之人乙○○之長子，並經相對人前開親\n    屬一致同意推舉為會同開具財產清冊之人，此有同意書在卷\n    可參，爰並指定甲○○為會同開具財產清冊之人，以利監督\n    。\n四、依民事訴訟法第608 條第1 項裁定如主文。"
  },
  "characters": {
    "judges": [
      "葉靜芳"
    ],
    "prosecutors": [

    ],
    "lawyers": [

    ],
    "clerks": [

    ],
    "plaintiffs": [

    ],
    "defendants": [

    ],
    "prosecutor_office": [
      "丙"
    ],
    "creditors": [

    ],
    "debtors": [

    ],
    "judicial_associate_officer": [

    ]
  },
  "adjudged_at": "2010-05-12",
  "created_at": "2016-01-05 12:29:26",
  "updated_at": "2016-01-05 12:29:26"
}