{
  "identify": "PCD-99-簡-4169-20100512-1",
  "court": {
    "name": "臺灣新北地方法院",
    "code": "PCD"
  },
  "division": {
    "name": "刑事",
    "code": "M"
  },
  "year": 99,
  "word": "簡",
  "number": "4169",
  "jcheck": "1",
  "reason": "毒品危害防制條例",
  "content": "臺灣板橋地方法院刑事簡易判決          99年度簡字第4169號\n聲  請  人  臺灣板橋地方法院檢察署檢察官\n被      告  甲○○\n上列被告因毒品危害防制條例案件，經檢察官聲請以簡易判決處\n刑（99年度毒偵字第3362號），本院判決如下：\n    主  文\n甲○○施用第二級毒品，累犯，處有期徒刑肆月，如易科罰金，\n以新臺幣壹仟元折算壹日。\n    事實及理由\n一、本件犯罪事實及證據，除犯罪事實欄第1 行應補充為「經臺\n    灣臺北地方法院以94年度毒聲字第978 號裁定送觀察、勒戒\n    」、同欄倒數第3 行為警查獲時間應更正為「於99年2 月7\n    日16時50分」；證據欄「尿液代號對照表」之尿液編號應更\n    正為「（尿液編號：I0000000號）」外，其餘均引用如附件\n    檢察官聲請簡易判決處刑書之記載。\n二、按甲基安非他命係毒品危害防制條例第2 條第2 項第2 款明\n    定之第二級毒品，不得非法持有、施用。是核被告甲○○所\n    為，係犯毒品危害防制條例第10條第2 項施用第二級毒品罪\n    。其施用甲基安非他命前後，持有第二級毒品甲基安非他命\n    之低度行為，為施用之高度行為所吸收，不另論罪。被告有\n    檢察官聲請簡易判決處刑書犯罪事實欄所述科刑及執行紀錄\n    ，有臺灣高等法院被告前案紀錄表1 份在卷可稽，其於受有\n    期徒刑之執行完畢後，5 年以內故意再犯本件有期徒刑以上\n    之罪，為累犯，應依刑法第47條第1 項規定加重其刑。爰審\n    酌被告雖經觀察、勒戒程序，仍未能徹底戒絕毒癮，顯見其\n    戒毒意志不堅，惟念其施用毒品係殘害己身健康，並未造成\n    他人具體實害，且犯後坦承犯行，態度尚稱良好等一切情狀\n    ，量處如主文所示之刑，並諭知易科罰金之折算標準。\n三、依刑事訴訟法第449 條第1 項前段、第3 項、第454 條第2\n    項，毒品危害防制條例第10條第2 項，刑法第11條前段、第\n    47條第1 項、第41條第1 項前段，逕以簡易判決處刑如主文\n    。\n四、如不服本判決，得自收受送達之日起10日內向本院提出上訴\n    狀，上訴於本院第二審合議庭（須附繕本）。\n中    華    民    國    99    年    5     月    12    日\n                  刑事第二十三庭  法  官  黃繼瑜\n上列正本證明與原本無異。\n                                  書記官  藍淑芬\n中    華    民    國    99    年    5     月    14    日\n附錄本案論罪科刑法條全文：\n毒品危害防制條例第10條第2 項\n施用第一級毒品者，處 6 月以上 5 年以下有期徒刑。\n施用第二級毒品者，處 3 年以下有期徒刑。",
  "structure": {
    "main": "甲○○施用第二級毒品，累犯，處有期徒刑肆月，如易科罰金，\n以新臺幣壹仟元折算壹日。",
    "fact": "一、本件犯罪事實及證據，除犯罪事實欄第1 行應補充為「經臺\n    灣臺北地方法院以94年度毒聲字第978 號裁定送觀察、勒戒\n    」、同欄倒數第3 行為警查獲時間應更正為「於99年2 月7\n    日16時50分」；證據欄「尿液代號對照表」之尿液編號應更\n    正為「（尿液編號：I0000000號）」外，其餘均引用如附件\n    檢察官聲請簡易判決處刑書之記載。\n二、按甲基安非他命係毒品危害防制條例第2 條第2 項第2 款明\n    定之第二級毒品，不得非法持有、施用。是核被告甲○○所\n    為，係犯毒品危害防制條例第10條第2 項施用第二級毒品罪\n    。其施用甲基安非他命前後，持有第二級毒品甲基安非他命\n    之低度行為，為施用之高度行為所吸收，不另論罪。被告有\n    檢察官聲請簡易判決處刑書犯罪事實欄所述科刑及執行紀錄\n    ，有臺灣高等法院被告前案紀錄表1 份在卷可稽，其於受有\n    期徒刑之執行完畢後，5 年以內故意再犯本件有期徒刑以上\n    之罪，為累犯，應依刑法第47條第1 項規定加重其刑。爰審\n    酌被告雖經觀察、勒戒程序，仍未能徹底戒絕毒癮，顯見其\n    戒毒意志不堅，惟念其施用毒品係殘害己身健康，並未造成\n    他人具體實害，且犯後坦承犯行，態度尚稱良好等一切情狀\n    ，量處如主文所示之刑，並諭知易科罰金之折算標準。\n三、依刑事訴訟法第449 條第1 項前段、第3 項、第454 條第2\n    項，毒品危害防制條例第10條第2 項，刑法第11條前段、第\n    47條第1 項、第41條第1 項前段，逕以簡易判決處刑如主文\n    。\n四、如不服本判決，得自收受送達之日起10日內向本院提出上訴\n    狀，上訴於本院第二審合議庭（須附繕本）。",
    "reason": "一、本件犯罪事實及證據，除犯罪事實欄第1 行應補充為「經臺\n    灣臺北地方法院以94年度毒聲字第978 號裁定送觀察、勒戒\n    」、同欄倒數第3 行為警查獲時間應更正為「於99年2 月7\n    日16時50分」；證據欄「尿液代號對照表」之尿液編號應更\n    正為「（尿液編號：I0000000號）」外，其餘均引用如附件\n    檢察官聲請簡易判決處刑書之記載。\n二、按甲基安非他命係毒品危害防制條例第2 條第2 項第2 款明\n    定之第二級毒品，不得非法持有、施用。是核被告甲○○所\n    為，係犯毒品危害防制條例第10條第2 項施用第二級毒品罪\n    。其施用甲基安非他命前後，持有第二級毒品甲基安非他命\n    之低度行為，為施用之高度行為所吸收，不另論罪。被告有\n    檢察官聲請簡易判決處刑書犯罪事實欄所述科刑及執行紀錄\n    ，有臺灣高等法院被告前案紀錄表1 份在卷可稽，其於受有\n    期徒刑之執行完畢後，5 年以內故意再犯本件有期徒刑以上\n    之罪，為累犯，應依刑法第47條第1 項規定加重其刑。爰審\n    酌被告雖經觀察、勒戒程序，仍未能徹底戒絕毒癮，顯見其\n    戒毒意志不堅，惟念其施用毒品係殘害己身健康，並未造成\n    他人具體實害，且犯後坦承犯行，態度尚稱良好等一切情狀\n    ，量處如主文所示之刑，並諭知易科罰金之折算標準。\n三、依刑事訴訟法第449 條第1 項前段、第3 項、第454 條第2\n    項，毒品危害防制條例第10條第2 項，刑法第11條前段、第\n    47條第1 項、第41條第1 項前段，逕以簡易判決處刑如主文\n    。\n四、如不服本判決，得自收受送達之日起10日內向本院提出上訴\n    狀，上訴於本院第二審合議庭（須附繕本）。"
  },
  "characters": {
    "judges": [
      "黃繼瑜"
    ],
    "prosecutors": [

    ],
    "lawyers": [

    ],
    "clerks": [
      "藍淑芬"
    ],
    "plaintiffs": [

    ],
    "defendants": [
      "甲○○"
    ],
    "prosecutor_office": [
      "臺灣板橋地方法院檢察署檢察官"
    ],
    "creditors": [

    ],
    "debtors": [

    ],
    "judicial_associate_officer": [

    ]
  },
  "adjudged_at": "2010-05-12",
  "created_at": "2016-01-05 12:26:17",
  "updated_at": "2016-01-05 12:26:17"
}