{
  "identify": "PCD-99-訴-260-20100512-1",
  "court": {
    "name": "臺灣新北地方法院",
    "code": "PCD"
  },
  "division": {
    "name": "民事",
    "code": "V"
  },
  "year": 99,
  "word": "訴",
  "number": "260",
  "jcheck": "1",
  "reason": "確認董事委任關係不存在等",
  "content": "臺灣板橋地方法院民事裁定               99年度訴字第260號\n原        告  皇家可口股份有限公司\n兼法定代理人  乙○○\n前列二人共同\n訴訟代理人    王慧綾律師\n              郭鎮周律師\n被        告  中森投資股份有限公司\n法定代理人    丙○○\n訴訟代理人    甲○○\n上列當事人間請求確認董事委任關係不存在等事件，本院裁定如\n下：\n    主  文\n本件應再開言詞辯論，並指定民國九十九年五月三十一日下午四\n時三十分，在本院第五法庭為言詞辯論期日。\n中    華    民    國    99    年    5     月    12    日\n                  民事第二庭    法  官  連育群\n以上正本證明與原本無異\n中    華    民    國    99    年    5     月    12    日\n                                書記官  溫婷雅",
  "structure": {
  },
  "characters": {
    "judges": [
      "連育群"
    ],
    "prosecutors": [

    ],
    "lawyers": [
      "王慧綾",
      "郭鎮周"
    ],
    "clerks": [

    ],
    "plaintiffs": [
      "皇家可口股份有限公司"
    ],
    "defendants": [
      "中森投資股份有限公司"
    ],
    "prosecutor_office": [

    ],
    "creditors": [

    ],
    "debtors": [

    ],
    "judicial_associate_officer": [

    ]
  },
  "adjudged_at": "2010-05-12",
  "created_at": "2016-01-05 12:29:02",
  "updated_at": "2016-01-05 12:29:02"
}