{
  "identify": "PCD-99-監宣-119-20100512-1",
  "court": {
    "name": "臺灣新北地方法院",
    "code": "PCD"
  },
  "division": {
    "name": "民事",
    "code": "V"
  },
  "year": 99,
  "word": "監宣",
  "number": "119",
  "jcheck": "1",
  "reason": "監護宣告",
  "content": "臺灣板橋地方法院民事裁定             99年度監宣字第119號\n聲  請  人  乙○○\n相  對  人  丙○○\n關  係  人  甲○○\n上列聲請人聲請監護宣告事件，本院裁定如下：\n    主      文\n宣告丙○○（女，民國○○年○月○日生，身分證統一編號：Ｚ00000\n0000號）為受監護宣告之人。\n選定乙○○（男，民國○○年○月○○日生、身分證統一編號：Ｚ0000\n00000號）為受監護宣告之人之監護人。\n指定甲○○（女，民國○○年○○月○○日生、身分證統一編號：Ｚ000\n000000號）為會同開具財產清冊之人。\n聲請費用新臺幣壹仟元由受監護宣告之人丙○○負擔。\n    理      由\n一、本件聲請意旨略以：聲請人乙○○之母即相對人丙○○因於\n    民國99年1 月27日車禍，頭部外傷術後，現仍意識昏迷，不\n    能為（受）意思表示或辨識其效果，為此依民事訴訟法第59\n    7 條以下規定，檢附診斷證明書正本、身心障礙手冊影本、\n    親屬系統表暨戶籍謄本、同意書等件為證，聲請宣告相對人\n    丙○○為受監護宣告之人等語。\n二、按對於因精神障礙或其他心智缺陷，致不能為意思表示或受\n    意思表示，或不能辨識其意思表示之效果者，法院得因本人\n    、配偶、四親等內之親屬、最近一年有同居事實之其他親屬\n    、檢察官、主管機關或社會福利機構之聲請，為監護之宣告\n    ，民法第14條第1 項定有明文。本院審驗該相對人丙○○之\n    心神狀況，並依板橋中興醫院丁○○○○鑑定結果，認為「\n    一、精神障礙或其他心智缺陷之有無、內容及障礙程度：有\n    精神障礙或其他心智缺點。二、障礙程度：意思表示或辨識\n    意思表示效果之程度為完全不能。三、預後及回復之可能性\n    ：無恢復可能性。四、建議為監護之宣告」等語，此有該醫\n    院出具之精神鑑定報告書為憑，認相對人因精神障礙或其他\n    心智缺陷，致完全不能為意思表示，故聲請人聲請對丙○○\n    為監護之宣告為有理由，應予准許，爰依前開規定，宣告相\n    對人丙○○為受監護宣告之人。\n三、次按受監護宣告之人應置監護人。法院為監護之宣告時，應\n    依職權就配偶、四親等內之親屬、最近一年有同居事實之其\n    他親屬、主管機關、社會福利機構或其他適當之人選定1 人\n    或數人為監護人，並同時指定會同開具財產清冊之人。法院\n    為前項選定及指定前，得命主管機關或社會福利機構進行訪\n    視，提出調查報告及建議。監護之聲請人或利害關係人亦得\n    提出相關資料或證據，供法院斟酌。法院選定監護人時，應\n    依受監護宣告之人之最佳利益，優先考量受監護宣告之人之\n    意見，審酌一切情狀，並注意下列事項：（一）受監護宣告\n    之人之身心狀態與生活及財產狀況。（二）受監護宣告之人\n    與其配偶、子女或其他共同生活之人間之情感狀況。（三）\n    監護人之職業、經歷、意見及其與受監護宣告之人之利害關\n    係。（四）法人為監護人時，其事業之種類與內容，法人及\n    其代表人與受監護宣告之人之利害關係。民法第1110條、第\n    1111條、第1111條之1 分別定有明文。查聲請人乙○○為受\n    監護宣告人丙○○之子，並經其家屬一致同意推舉乙○○為\n    監護人，有上開戶籍謄本、同意書及親屬系統表等件在卷可\n    稽，本院審酌聲請人乙○○為受監護宣告人丙○○之子，有\n    意願擔任丙○○之監護人，聲請人乙○○亦有監護丙○○之\n    能力及意願，並適於任之，是由聲請人乙○○任監護人，符\n    合受監護宣告人丙○○之最佳利益，爰依民法第1111條第1\n    項之規定，選定聲請人乙○○為受監護宣告之人丙○○之監\n    護人。另本院參酌關係人甲○○為相對人即受監護宣告之人\n    丙○○之媳婦，爰依上揭規定，指定關係人甲○○為會同開\n    具財產清冊之人。\n四、依民事訴訟法第608 條第1 項裁定如主文。\n中    華    民    國    99    年    5     月    12    日\n                  家事庭  法  官  毛崑山\n以上正本係照原本作成。\n如不服本裁定關於選定監護人及指定會同開具財產清冊之人等部\n分，應於送達後10日內向本院提出抗告狀，並繳納抗告費新臺幣\n1,000 元；其餘關於宣告監護之部分，不得抗告。\n中    華    民    國    99    年    5     月    12    日\n                          書記官  廖宮仕",
  "structure": {
    "main": "宣告丙○○（女，民國○○年○月○日生，身分證統一編號：Ｚ00000\n0000號）為受監護宣告之人。\n選定乙○○（男，民國○○年○月○○日生、身分證統一編號：Ｚ0000\n00000號）為受監護宣告之人之監護人。\n指定甲○○（女，民國○○年○○月○○日生、身分證統一編號：Ｚ000\n000000號）為會同開具財產清冊之人。\n聲請費用新臺幣壹仟元由受監護宣告之人丙○○負擔。",
    "reason": "一、本件聲請意旨略以：聲請人乙○○之母即相對人丙○○因於\n    民國99年1 月27日車禍，頭部外傷術後，現仍意識昏迷，不\n    能為（受）意思表示或辨識其效果，為此依民事訴訟法第59\n    7 條以下規定，檢附診斷證明書正本、身心障礙手冊影本、\n    親屬系統表暨戶籍謄本、同意書等件為證，聲請宣告相對人\n    丙○○為受監護宣告之人等語。\n二、按對於因精神障礙或其他心智缺陷，致不能為意思表示或受\n    意思表示，或不能辨識其意思表示之效果者，法院得因本人\n    、配偶、四親等內之親屬、最近一年有同居事實之其他親屬\n    、檢察官、主管機關或社會福利機構之聲請，為監護之宣告\n    ，民法第14條第1 項定有明文。本院審驗該相對人丙○○之\n    心神狀況，並依板橋中興醫院丁○○○○鑑定結果，認為「\n    一、精神障礙或其他心智缺陷之有無、內容及障礙程度：有\n    精神障礙或其他心智缺點。二、障礙程度：意思表示或辨識\n    意思表示效果之程度為完全不能。三、預後及回復之可能性\n    ：無恢復可能性。四、建議為監護之宣告」等語，此有該醫\n    院出具之精神鑑定報告書為憑，認相對人因精神障礙或其他\n    心智缺陷，致完全不能為意思表示，故聲請人聲請對丙○○\n    為監護之宣告為有理由，應予准許，爰依前開規定，宣告相\n    對人丙○○為受監護宣告之人。\n三、次按受監護宣告之人應置監護人。法院為監護之宣告時，應\n    依職權就配偶、四親等內之親屬、最近一年有同居事實之其\n    他親屬、主管機關、社會福利機構或其他適當之人選定1 人\n    或數人為監護人，並同時指定會同開具財產清冊之人。法院\n    為前項選定及指定前，得命主管機關或社會福利機構進行訪\n    視，提出調查報告及建議。監護之聲請人或利害關係人亦得\n    提出相關資料或證據，供法院斟酌。法院選定監護人時，應\n    依受監護宣告之人之最佳利益，優先考量受監護宣告之人之\n    意見，審酌一切情狀，並注意下列事項：（一）受監護宣告\n    之人之身心狀態與生活及財產狀況。（二）受監護宣告之人\n    與其配偶、子女或其他共同生活之人間之情感狀況。（三）\n    監護人之職業、經歷、意見及其與受監護宣告之人之利害關\n    係。（四）法人為監護人時，其事業之種類與內容，法人及\n    其代表人與受監護宣告之人之利害關係。民法第1110條、第\n    1111條、第1111條之1 分別定有明文。查聲請人乙○○為受\n    監護宣告人丙○○之子，並經其家屬一致同意推舉乙○○為\n    監護人，有上開戶籍謄本、同意書及親屬系統表等件在卷可\n    稽，本院審酌聲請人乙○○為受監護宣告人丙○○之子，有\n    意願擔任丙○○之監護人，聲請人乙○○亦有監護丙○○之\n    能力及意願，並適於任之，是由聲請人乙○○任監護人，符\n    合受監護宣告人丙○○之最佳利益，爰依民法第1111條第1\n    項之規定，選定聲請人乙○○為受監護宣告之人丙○○之監\n    護人。另本院參酌關係人甲○○為相對人即受監護宣告之人\n    丙○○之媳婦，爰依上揭規定，指定關係人甲○○為會同開\n    具財產清冊之人。\n四、依民事訴訟法第608 條第1 項裁定如主文。"
  },
  "characters": {
    "judges": [
      "毛崑山"
    ],
    "prosecutors": [

    ],
    "lawyers": [

    ],
    "clerks": [

    ],
    "plaintiffs": [

    ],
    "defendants": [

    ],
    "prosecutor_office": [
      "乙"
    ],
    "creditors": [

    ],
    "debtors": [

    ],
    "judicial_associate_officer": [

    ]
  },
  "adjudged_at": "2010-05-12",
  "created_at": "2016-01-05 12:29:20",
  "updated_at": "2016-01-05 12:29:20"
}