{
  "identify": "PCD-99-交簡-2355-20100512-1",
  "court": {
    "name": "臺灣新北地方法院",
    "code": "PCD"
  },
  "division": {
    "name": "刑事",
    "code": "M"
  },
  "year": 99,
  "word": "交簡",
  "number": "2355",
  "jcheck": "1",
  "reason": "公共危險",
  "content": "臺灣板橋地方法院刑事簡易判決        99年度交簡字第2355號\n聲  請  人  臺灣板橋地方法院檢察署檢察官\n被      告  甲○○\n上列被告因公共危險案件，經檢察官聲請以簡易判決處刑（99年\n度調偵字第775號），本院判決如下：\n    主      文\n甲○○服用酒類，不能安全駕駛動力交通工具而駕駛，處罰金新\n臺幣陸萬伍仟元，如易服勞役，以新臺幣壹仟元折算壹日。\n    事實及理由\n一、本件犯罪事實、證據，均引用如附件檢察官聲請簡易判決處\n    刑書之記載。\n二、核被告甲○○所為，係犯刑法第185 條之3 服用酒類不能安\n    全駕駛動力交通工具而駕駛之罪。爰審酌被告明知酒精成分\n    對人之意識能力具有不良影響，酒後駕車對一般往來之公眾\n    及駕駛人自身皆具有高度危險性，既漠視自己安危，尤罔顧\n    公眾安全，於服用酒類，酒後呼氣酒精濃度達每公升0.99毫\n    克，已處於不能安全駕駛動力交通工具之狀態，仍駕駛自用\n    小客貨車行駛於市區道路上，對交通安全所生之危害非輕，\n    及犯後坦承犯行態度良好等一切情狀，量處如主文所示之刑\n    ，並諭知易服勞役之折算標準，以示懲儆。\n三、依刑事訴訟法第449 條第1 項前段、第3 項、第454 條第 2\n    項，刑法第185 條之3 、第42條第3 項，刑法施行法第1 條\n    之1 第1 項，逕以簡易判決處刑如主文。\n四、如不服本判決，得自收受送達之日起10日內向本院提出上訴\n    狀，上訴於本院第二審合議庭（須附繕本）。\n中    華    民    國    99    年    5     月    12    日\n                      交通法庭    法  官  侯  志  融\n上列正本證明與原本無異。\n                                  書記官  林  伶  芳\n中    華    民    國    99    年    5     月    12    日\n附錄本案論罪科刑法條全文：\n中華民國刑法第185條之3\n服用毒品、麻醉藥品、酒類或其他相類之物，不能安全駕駛動力\n交通工具而駕駛者，處1年以下有期徒刑、拘役或科或併科15萬\n元以下罰金。",
  "structure": {
    "main": "甲○○服用酒類，不能安全駕駛動力交通工具而駕駛，處罰金新\n臺幣陸萬伍仟元，如易服勞役，以新臺幣壹仟元折算壹日。",
    "fact": "一、本件犯罪事實、證據，均引用如附件檢察官聲請簡易判決處\n    刑書之記載。\n二、核被告甲○○所為，係犯刑法第185 條之3 服用酒類不能安\n    全駕駛動力交通工具而駕駛之罪。爰審酌被告明知酒精成分\n    對人之意識能力具有不良影響，酒後駕車對一般往來之公眾\n    及駕駛人自身皆具有高度危險性，既漠視自己安危，尤罔顧\n    公眾安全，於服用酒類，酒後呼氣酒精濃度達每公升0.99毫\n    克，已處於不能安全駕駛動力交通工具之狀態，仍駕駛自用\n    小客貨車行駛於市區道路上，對交通安全所生之危害非輕，\n    及犯後坦承犯行態度良好等一切情狀，量處如主文所示之刑\n    ，並諭知易服勞役之折算標準，以示懲儆。\n三、依刑事訴訟法第449 條第1 項前段、第3 項、第454 條第 2\n    項，刑法第185 條之3 、第42條第3 項，刑法施行法第1 條\n    之1 第1 項，逕以簡易判決處刑如主文。\n四、如不服本判決，得自收受送達之日起10日內向本院提出上訴\n    狀，上訴於本院第二審合議庭（須附繕本）。",
    "reason": "一、本件犯罪事實、證據，均引用如附件檢察官聲請簡易判決處\n    刑書之記載。\n二、核被告甲○○所為，係犯刑法第185 條之3 服用酒類不能安\n    全駕駛動力交通工具而駕駛之罪。爰審酌被告明知酒精成分\n    對人之意識能力具有不良影響，酒後駕車對一般往來之公眾\n    及駕駛人自身皆具有高度危險性，既漠視自己安危，尤罔顧\n    公眾安全，於服用酒類，酒後呼氣酒精濃度達每公升0.99毫\n    克，已處於不能安全駕駛動力交通工具之狀態，仍駕駛自用\n    小客貨車行駛於市區道路上，對交通安全所生之危害非輕，\n    及犯後坦承犯行態度良好等一切情狀，量處如主文所示之刑\n    ，並諭知易服勞役之折算標準，以示懲儆。\n三、依刑事訴訟法第449 條第1 項前段、第3 項、第454 條第 2\n    項，刑法第185 條之3 、第42條第3 項，刑法施行法第1 條\n    之1 第1 項，逕以簡易判決處刑如主文。\n四、如不服本判決，得自收受送達之日起10日內向本院提出上訴\n    狀，上訴於本院第二審合議庭（須附繕本）。"
  },
  "characters": {
    "judges": [
      "侯志融"
    ],
    "prosecutors": [

    ],
    "lawyers": [

    ],
    "clerks": [
      "林伶芳"
    ],
    "plaintiffs": [

    ],
    "defendants": [
      "甲○○"
    ],
    "prosecutor_office": [
      "臺灣板橋地方法院檢察署檢察官"
    ],
    "creditors": [

    ],
    "debtors": [

    ],
    "judicial_associate_officer": [

    ]
  },
  "adjudged_at": "2010-05-12",
  "created_at": "2016-01-05 12:27:18",
  "updated_at": "2016-01-05 12:27:18"
}