{
  "identify": "PCD-99-簡-2556-20100512-2",
  "court": {
    "name": "臺灣新北地方法院",
    "code": "PCD"
  },
  "division": {
    "name": "刑事",
    "code": "M"
  },
  "year": 99,
  "word": "簡",
  "number": "2556",
  "jcheck": "2",
  "reason": "毒品危害防制條例",
  "content": "臺灣板橋地方法院刑事裁定              99年度簡字第2556號\n聲  請  人  臺灣板橋地方法院檢察署檢察官\n被      告  甲○○\n上列被告因毒品危害防制條例案件，本院於民國99年4 月23日所\n為之判決原本及其正本，茲發現有誤，應更正如下：\n    主  文\n原判決之原本及其正本當事人欄內關於被告姓名「鄭綦銘」應更\n正為「甲○○」。\n    理  由\n一、按刑事判決文字，顯係誤寫，而不影響於全案情節與判決之\n    本旨者，參照民事訴訟法第232條規定，原審法院得以裁定\n    更正之，業經大法官會議釋字第四三號解釋在案。\n二、本件原判決之原本及其正本當事人欄內關於被告姓名「鄭綦\n    銘」，顯係「甲○○」之誤寫，而不影響於全案情節與判決\n    本旨。茲更正為如主文所示。\n三、依刑事訴訟法第220條，裁定如主文。\n中    華    民    國    99    年    5     月    12    日\n                  刑事第二十二庭  法  官  侯  志  融\n以上正本證明與原本無異。\n如不服本裁定應於送達後5日內向本院提出抗告狀。\n                                  書記官  林  伶  芳\n中    華    民    國    99    年    5     月    12    日",
  "structure": {
    "main": "原判決之原本及其正本當事人欄內關於被告姓名「鄭綦銘」應更\n正為「甲○○」。",
    "reason": "一、按刑事判決文字，顯係誤寫，而不影響於全案情節與判決之\n    本旨者，參照民事訴訟法第232條規定，原審法院得以裁定\n    更正之，業經大法官會議釋字第四三號解釋在案。\n二、本件原判決之原本及其正本當事人欄內關於被告姓名「鄭綦\n    銘」，顯係「甲○○」之誤寫，而不影響於全案情節與判決\n    本旨。茲更正為如主文所示。\n三、依刑事訴訟法第220條，裁定如主文。"
  },
  "characters": {
    "judges": [
      "侯志融"
    ],
    "prosecutors": [

    ],
    "lawyers": [

    ],
    "clerks": [
      "林伶芳"
    ],
    "plaintiffs": [

    ],
    "defendants": [
      "甲○○"
    ],
    "prosecutor_office": [
      "臺灣板橋地方法院檢察署檢察官"
    ],
    "creditors": [

    ],
    "debtors": [

    ],
    "judicial_associate_officer": [

    ]
  },
  "adjudged_at": "2010-05-12",
  "created_at": "2016-01-05 12:23:00",
  "updated_at": "2016-01-05 12:23:00"
}