{
  "identify": "PCD-99-家聲-241-20100512-1",
  "court": {
    "name": "臺灣新北地方法院",
    "code": "PCD"
  },
  "division": {
    "name": "民事",
    "code": "V"
  },
  "year": 99,
  "word": "家聲",
  "number": "241",
  "jcheck": "1",
  "reason": "確定訴訟費用額",
  "content": "臺灣板橋地方法院民事裁定             99年度家聲字第241號\n聲  請  人  財團法人法律扶助基金會\n法定代理人  丙○○○\n代  理  人  甲○○\n相  對  人  乙○○\n上列聲請人聲請確定訴訟費用額，本院裁定如下：\n    主    文\n相對人應賠償聲請人之訴訟費用額確定為新臺幣參萬元，及自本\n裁定送達相對人之翌日起至清償日止，按週年利率百分之五計算\n之利息。\n    理    由\n一、按「分會就扶助事件所支出之酬金及必要費用，視為訴訟費\n    用之一部。因法律扶助而由分會支出之酬金及必要費用，得\n    向負擔訴訟費用之他造請求。分會得對於負擔訴訟費用之他\n    造，請求歸還其支出之酬金及必要費用。分會得據受扶助人\n    有執行力之執行名義，聲請確定訴訟費用額及強制執行。分\n    會依第三項規定所收取之酬金及必要費用，抵充受扶助人應\n    分擔、負擔或返還之酬金及必要費用」，法律扶助法第35條\n    定有明文。又按，民事訴訟法第91條第3 項規定，法院依聲\n    請以裁定確定訴訟費用額，應於裁定送達翌日起，加給按法\n    定利率計算之利息。又依立法理由之說明，其規定旨在促使\n    當事人早日自動償付其應賠償對造之訴訟費用，而在當事人\n    申請法律扶助獲准，由法律扶助基金會代為支出酬金及必要\n    費用時，法院依法律扶助法第35條為裁定，同屬確定訴訟費\n    用額之程序，故應基於同一理由，類推適用民事訴訟法第91\n    條第3 項之規定，加給按法定利率計算之利息。\n二、本件聲請意旨略以：第三人林秀玉（即原告）向本院對相對\n    人乙○○（即被告）提起請求離婚訴訟（93年度婚字第1465\n    號），第三人林秀玉因無資力，乃向聲請人臺北分會申請法\n    律扶助，經該分會審查後准予法律扶助，指派扶助律師擔任\n    其訴訟代理人，該分會因而支出之律師酬金新臺幣（下同）\n    3 萬元，應視為該事件訴訟費用之一部，為此，依法律扶助\n    法第35條規定聲請確定訴訟費用額等語。\n三、經查，聲請人臺北分會於本院93年度婚字第1465號事件為第\n    三人林秀玉支出律師酬金3 萬元，業據其提出93年度婚字第\n    1465號判決書、審查表、扶助律師接案通知書、費用計算書\n    、律師酬金領款單等件在卷可稽，是可信為真實。又本院93\n    年度婚字第1465號離婚事件，前經本院判決訴訟費用由被告\n    即相對人負擔確定在案，亦據本院調卷審查屬實；揆諸前揭\n    規定，聲請人臺北分會就本件法律扶助支出之律師酬金既視\n    為訴訟費用之一部，並得聲請確定訴訟費用額，而審核聲請\n    人臺北分會就本件所支出之律師酬金，並無過高之情，自無\n    酌減之必要。是聲請人得向相對人請求負擔之訴訟費用額，\n    即相對人應賠償聲請人之訴訟費用額確定為3 萬元，爰裁定\n    如主文所示。\n四、依民事訴訟法第91條第1 項、第3 項，裁定如主文。\n中    華    民    國    99    年    5     月    12    日\n                    家事法庭  法  官  毛崑山\n以上為正本係照原本作成\n如對本裁定抗告須於送達後10日內向本院提出抗告狀，並應繳納\n抗告費新台幣1,000 元。\n中    華    民    國    99    年    5     月    12    日\n                              書記官  廖宮仕",
  "structure": {
    "main": "相對人應賠償聲請人之訴訟費用額確定為新臺幣參萬元，及自本\n裁定送達相對人之翌日起至清償日止，按週年利率百分之五計算\n之利息。",
    "reason": "一、按「分會就扶助事件所支出之酬金及必要費用，視為訴訟費\n    用之一部。因法律扶助而由分會支出之酬金及必要費用，得\n    向負擔訴訟費用之他造請求。分會得對於負擔訴訟費用之他\n    造，請求歸還其支出之酬金及必要費用。分會得據受扶助人\n    有執行力之執行名義，聲請確定訴訟費用額及強制執行。分\n    會依第三項規定所收取之酬金及必要費用，抵充受扶助人應\n    分擔、負擔或返還之酬金及必要費用」，法律扶助法第35條\n    定有明文。又按，民事訴訟法第91條第3 項規定，法院依聲\n    請以裁定確定訴訟費用額，應於裁定送達翌日起，加給按法\n    定利率計算之利息。又依立法理由之說明，其規定旨在促使\n    當事人早日自動償付其應賠償對造之訴訟費用，而在當事人\n    申請法律扶助獲准，由法律扶助基金會代為支出酬金及必要\n    費用時，法院依法律扶助法第35條為裁定，同屬確定訴訟費\n    用額之程序，故應基於同一理由，類推適用民事訴訟法第91\n    條第3 項之規定，加給按法定利率計算之利息。\n二、本件聲請意旨略以：第三人林秀玉（即原告）向本院對相對\n    人乙○○（即被告）提起請求離婚訴訟（93年度婚字第1465\n    號），第三人林秀玉因無資力，乃向聲請人臺北分會申請法\n    律扶助，經該分會審查後准予法律扶助，指派扶助律師擔任\n    其訴訟代理人，該分會因而支出之律師酬金新臺幣（下同）\n    3 萬元，應視為該事件訴訟費用之一部，為此，依法律扶助\n    法第35條規定聲請確定訴訟費用額等語。\n三、經查，聲請人臺北分會於本院93年度婚字第1465號事件為第\n    三人林秀玉支出律師酬金3 萬元，業據其提出93年度婚字第\n    1465號判決書、審查表、扶助律師接案通知書、費用計算書\n    、律師酬金領款單等件在卷可稽，是可信為真實。又本院93\n    年度婚字第1465號離婚事件，前經本院判決訴訟費用由被告\n    即相對人負擔確定在案，亦據本院調卷審查屬實；揆諸前揭\n    規定，聲請人臺北分會就本件法律扶助支出之律師酬金既視\n    為訴訟費用之一部，並得聲請確定訴訟費用額，而審核聲請\n    人臺北分會就本件所支出之律師酬金，並無過高之情，自無\n    酌減之必要。是聲請人得向相對人請求負擔之訴訟費用額，\n    即相對人應賠償聲請人之訴訟費用額確定為3 萬元，爰裁定\n    如主文所示。\n四、依民事訴訟法第91條第1 項、第3 項，裁定如主文。"
  },
  "characters": {
    "judges": [
      "毛崑山"
    ],
    "prosecutors": [

    ],
    "lawyers": [
      "三人林秀玉支出",
      "人臺北分會就本件所支出之"
    ],
    "clerks": [

    ],
    "plaintiffs": [

    ],
    "defendants": [

    ],
    "prosecutor_office": [
      "財團法人法律扶助基金會"
    ],
    "creditors": [

    ],
    "debtors": [

    ],
    "judicial_associate_officer": [

    ]
  },
  "adjudged_at": "2010-05-12",
  "created_at": "2016-01-05 12:27:51",
  "updated_at": "2016-01-05 12:27:51"
}