{
  "identify": "PCD-99-司促-19037-20100512-2",
  "court": {
    "name": "臺灣新北地方法院",
    "code": "PCD"
  },
  "division": {
    "name": "民事",
    "code": "V"
  },
  "year": 99,
  "word": "司促",
  "number": "19037",
  "jcheck": "2",
  "reason": "支付命令",
  "content": "臺灣板橋地方法院支付命令           99年度司促字第19037號\n債  權  人  中國信託商業銀行股份有限公司\n法定代理人  麥克迪諾馬\n債  務  人  葉文達\n一、債務人應向債權人清償新臺幣壹佰壹拾玖萬壹仟玖佰貳拾\n    元，及如附表所示之利息、違約金，並賠償督促程序費用新\n    臺幣伍佰元，否則應於本命令送達後二十日之不變期間內，\n    向本院司法事務官提出異議。\n二、債權人請求之原因事實：\n    ( 一) 、債務人葉文達於85年4 月22日向債權人請領信用卡\n          使用，依約債務人即得於特約商店記帳消費。卡號：\n          00000000 00000000 卡別：Visa。債務人至99年5 月\n          9 日止累計消費記帳301,627 元正未給付，其中\n          154,803 元為消費款；146,824 元為循環利息；0 元\n          為依約定條款計算之其他費用。依約除應給付上開消\n          費款項外，另應給付自最後繳款截止日99年5 月9日\n          之翌日起至清償日止，按年利率百分之二十計算之利\n          息，違約金：無。\n    ( 二) 、債務人葉文達於93年10月15日向債權人借款\n          500,000 元，約定分60期攤還，並訂於每月二十三日\n          為攤還日，未按期攤還本息時，自遲延日起至清償日\n          止，依應繳金額按年利率百分之二十加付違約金。惟\n          債務人於借款後至99年5 月9 日止，即未依約清償款\n          項，尚餘820,737 元( 其中本金為430,35 4元，利息\n          為390,383 元，違約金為0 元) ，依約除應給付上開\n          款項外，另應給付自最後繳款截止日99年5 月9 日之\n          翌日起至清償日止，按年利率百分之二十計算之違約\n          金。依約定書第四條第二款之規定，即喪失期限利益\n          ，債務視為全部到期。\n    ( 三) 、債務人葉文達於93年10月14日向債權人借款70,000\n          元，約定自93年10月14日起至95年10月14日止循環動\n          用，利息按年利率百分之18.25 採固定計付。於貸款\n          有效期間屆滿時，遲延履行給付本金或利息時，除仍\n          按上開利率計息外，逾期在六個月以內償還者，按照\n          上開利率加百分之十付違約金，逾期在六個月以上者\n          ，其超過六個月以上部份，加倍計付，並約定如有停\n          止付款或拒絕承兌或付款者，或任何一宗債務不依約\n          清償本金或付息者......等情形，債務視為全部到期\n          。此有相對人立具同一內容之借據暨約定書交與債權\n          人收執為證。詎料債務人於95年2 月3 日後未依約清\n          償本息，計尚欠69,559元及自95年2 月4 日起按年利\n          率百分之18.25 計算之利息及違約金等迄未清償，依\n          法債務人自應負清償責任。\n    ( 四) 、本件係請求給付一定數量之金額債務，而所請求之\n          標的，茲為求清償之簡速，以免判決程序之繁雜起見\n          ，特依民事訴訟法第五○八條之規定，狀請鈞院依督\n          促程序迅賜對相對人發支付命令，實為法便。\n三、如債務人未於第一項期間內提出異議，本命令與確定判決有\n    同一效力。\n中    華    民    國    99    年    5     月    12    日\n                 民事第四庭司法事務官\n附表99年度司促字第19037 號利息：\n┌──┬───┬─────┬──────┬──────┬───────┐\n│序號│ 本金 │相關債務人│ 利息起算日 │ 利息截止日 │ 利息計算方式 │\n├──┼───┼─────┼──────┼──────┼───────┤\n│  1 │新臺幣│葉文達    │99年5月10日 │至清償日止  │按年利率20%計 │\n│    │154803│          │            │            │算之利息。    │\n│    │元    │          │            │            │              │\n├──┼───┼─────┼──────┼──────┼───────┤\n│  2 │新臺幣│葉文達    │95年2月4日  │至清償日止  │按年利率18.25%│\n│    │69559 │          │            │            │計算之利息。  │\n│    │元    │          │            │            │              │\n└──┴───┴─────┴──────┴──────┴───────┘\n 違約金：\n┌──┬───┬─────┬──────┬──────┬───────┐\n│序號│ 本金 │相關債務人│違約金起算日│違約金截止日│違約金計算方式│\n├──┼───┼─────┼──────┼──────┼───────┤\n│  1 │新臺幣│葉文達    │99年5月10日 │至清償日止  │按年利率20%計 │\n│    │430354│          │            │            │算之違約金。  │\n│    │元    │          │            │            │              │\n├──┼───┼─────┼──────┼──────┼───────┤\n│  2 │新臺幣│葉文達    │95年3月5日  │至清償日止  │其逾期在六個月│\n│    │69559 │          │            │            │以內者按上開利│\n│    │元    │          │            │            │率百分之十，逾│\n│    │      │          │            │            │期六個月以上者│\n│    │      │          │            │            │，其超過六個月│\n│    │      │          │            │            │部份，按上開利│\n│    │      │          │            │            │率百分之二十計│\n│    │      │          │            │            │付之違約金。  │\n└──┴───┴─────┴──────┴──────┴───────┘",
  "structure": {
  },
  "characters": {
    "judges": [

    ],
    "prosecutors": [

    ],
    "lawyers": [

    ],
    "clerks": [

    ],
    "plaintiffs": [

    ],
    "defendants": [

    ],
    "prosecutor_office": [

    ],
    "creditors": [
      "中國信託商業銀行股份有限公司"
    ],
    "debtors": [
      "葉文達"
    ],
    "judicial_associate_officer": [
      "民事第四庭"
    ]
  },
  "adjudged_at": "2010-05-12",
  "created_at": "2016-01-05 12:29:29",
  "updated_at": "2016-01-05 12:29:29"
}