{
  "identify": "PCD-99-聲-2228-20100512-1",
  "court": {
    "name": "臺灣新北地方法院",
    "code": "PCD"
  },
  "division": {
    "name": "刑事",
    "code": "M"
  },
  "year": 99,
  "word": "聲",
  "number": "2228",
  "jcheck": "1",
  "reason": "聲請宣告沒收違禁物",
  "content": "臺灣板橋地方法院刑事裁定              99年度聲字第2228號\n聲  請  人  臺灣板橋地方法院檢察署檢察官\n被      告  甲○○\n上列聲請人因被告違反毒品危害防制條例案件，聲請宣告沒收違\n禁物（99年度聲沒字第369 號），本院裁定如下：\n    主  文\n扣案之第二級毒品甲基安非他命參包（合計驗餘淨重貳點壹肆捌\n玖公克）沒收銷燬之。\n    理  由\n一、聲請意旨略以：臺灣板橋地方法院檢察署96年度毒偵字第97\n    40號被告甲○○違反毒品危害防制條例案件，所涉施用第二\n    級毒品甲基安非他命案件，經送觀察、勒戒後，認無繼續施\n    用毒品之傾向，業經臺灣板橋地方法院檢察署於民國97年5\n    月15日為不起訴處分確定。扣案之第二級毒品甲基安非他命\n    3 包（合計驗餘淨重2.1489公克），為毒品危害防制條例第\n    2 條第2 項第2 款所規定之第二級毒品，有交通部民用航空\n    局航空醫務中心毒品鑑定書1 份附卷可稽，爰依法聲請法院\n    裁定宣告沒收銷燬之等語。\n二、查違禁物不問屬於犯人與否，應宣告沒收；違禁物或專科沒\n    收之物得單獨宣告沒收，刑法第38條第1 項第1 款、第2 項\n    及第40條第2 項分別定有明文；違禁物未經裁判沒收者，得\n    由檢察官聲請法院以裁定沒收之，司法院18年院字第67號、\n    30年院字第2169號解釋可資參照。又甲基安非他命業經毒品\n    危害防制條例第2 條第2 項第2 款列為第二級毒品，並依同\n    條例第4 條第2 項、第10條第2 項、第11條第2 項規定，禁\n    止製造、運輸、販賣、施用、持有，自屬違禁物；再查獲之\n    第二級毒品，依同條例第18條第1 項前段規定，不問屬於犯\n    人與否，均沒收銷燬之。\n三、經查，扣案之白色透明結晶3 包，經送請交通部民用航空局\n    航空醫務中心鑑定，結果確為第二級毒品甲基安非他命無訛\n    ，此有交通部民用航空局航空醫務中心96年12月17日航藥鑑\n    字第0962190 號毒品鑑定書1 紙附卷可稽（見96年度毒偵字\n    第9740號卷第39頁），堪認上開扣案物品確屬毒品危害防制\n    條例所定之第二級毒品，屬違禁物無誤；又被告所涉施用第\n    二級毒品犯行，業經臺灣板橋地方法院檢察署檢察官以96年\n    度毒偵字第9740號為不起訴處分確定乙節，亦有該不起訴處\n    分書附卷足參，揆諸前揭說明，本件聲請於法要無不合，自\n    應予以准許。\n四、依刑事訴訟法第220 條，刑法第40條第2 項，毒品危害防制\n    條例第18條第1 項前段，裁定如主文。\n中    華    民    國    99    年    5     月    12    日\n                  刑事第十二庭  法  官  錢衍蓁\n上列正本證明與原本無異。\n如不服本裁定，應於裁定送達後五日內敘明抗告理由，向本院提\n出抗告狀。\n                                書記官  劉靜慧\n中    華    民    國    99    年    5     月    13    日",
  "structure": {
    "main": "扣案之第二級毒品甲基安非他命參包（合計驗餘淨重貳點壹肆捌\n玖公克）沒收銷燬之。",
    "reason": "一、聲請意旨略以：臺灣板橋地方法院檢察署96年度毒偵字第97\n    40號被告甲○○違反毒品危害防制條例案件，所涉施用第二\n    級毒品甲基安非他命案件，經送觀察、勒戒後，認無繼續施\n    用毒品之傾向，業經臺灣板橋地方法院檢察署於民國97年5\n    月15日為不起訴處分確定。扣案之第二級毒品甲基安非他命\n    3 包（合計驗餘淨重2.1489公克），為毒品危害防制條例第\n    2 條第2 項第2 款所規定之第二級毒品，有交通部民用航空\n    局航空醫務中心毒品鑑定書1 份附卷可稽，爰依法聲請法院\n    裁定宣告沒收銷燬之等語。\n二、查違禁物不問屬於犯人與否，應宣告沒收；違禁物或專科沒\n    收之物得單獨宣告沒收，刑法第38條第1 項第1 款、第2 項\n    及第40條第2 項分別定有明文；違禁物未經裁判沒收者，得\n    由檢察官聲請法院以裁定沒收之，司法院18年院字第67號、\n    30年院字第2169號解釋可資參照。又甲基安非他命業經毒品\n    危害防制條例第2 條第2 項第2 款列為第二級毒品，並依同\n    條例第4 條第2 項、第10條第2 項、第11條第2 項規定，禁\n    止製造、運輸、販賣、施用、持有，自屬違禁物；再查獲之\n    第二級毒品，依同條例第18條第1 項前段規定，不問屬於犯\n    人與否，均沒收銷燬之。\n三、經查，扣案之白色透明結晶3 包，經送請交通部民用航空局\n    航空醫務中心鑑定，結果確為第二級毒品甲基安非他命無訛\n    ，此有交通部民用航空局航空醫務中心96年12月17日航藥鑑\n    字第0962190 號毒品鑑定書1 紙附卷可稽（見96年度毒偵字\n    第9740號卷第39頁），堪認上開扣案物品確屬毒品危害防制\n    條例所定之第二級毒品，屬違禁物無誤；又被告所涉施用第\n    二級毒品犯行，業經臺灣板橋地方法院檢察署檢察官以96年\n    度毒偵字第9740號為不起訴處分確定乙節，亦有該不起訴處\n    分書附卷足參，揆諸前揭說明，本件聲請於法要無不合，自\n    應予以准許。\n四、依刑事訴訟法第220 條，刑法第40條第2 項，毒品危害防制\n    條例第18條第1 項前段，裁定如主文。"
  },
  "characters": {
    "judges": [
      "錢衍蓁"
    ],
    "prosecutors": [

    ],
    "lawyers": [

    ],
    "clerks": [
      "劉靜慧"
    ],
    "plaintiffs": [

    ],
    "defendants": [
      "甲○○"
    ],
    "prosecutor_office": [
      "臺灣板橋地方法院檢察署檢察官"
    ],
    "creditors": [

    ],
    "debtors": [

    ],
    "judicial_associate_officer": [

    ]
  },
  "adjudged_at": "2010-05-12",
  "created_at": "2016-01-05 12:27:10",
  "updated_at": "2016-01-05 12:27:10"
}