{
  "identify": "PCD-99-簡-2569-20100512-1",
  "court": {
    "name": "臺灣新北地方法院",
    "code": "PCD"
  },
  "division": {
    "name": "刑事",
    "code": "M"
  },
  "year": 99,
  "word": "簡",
  "number": "2569",
  "jcheck": "1",
  "reason": "毒品危害防制條例",
  "content": "臺灣板橋地方法院刑事簡易判決          99年度簡字第2569號\n聲  請  人  臺灣板橋地方法院檢察署檢察官\n被      告  甲○○\n上列被告因違反毒品危害防制條例案件，經檢察官聲請以簡易判\n決處刑（98年度毒偵字第8126號），本院判決如下：\n    主  文\n甲○○施用第二級毒品，處有期徒刑貳月，如易科罰金，以新臺\n幣壹仟元折算壹日。\n    事實及理由\n一、本件犯罪事實、證據及所犯法條，除犯罪事實欄第九行所載\n    為警查獲時間「同年9 月25日20時許」等字應更正為：「同\n    年9 月25日21時30分」，及應適用之法條補充：「被告甲○\n    ○施用第二級毒品甲基安非他命前，其持有甲基安非他命之\n    低度行為，為施用之高度行為所吸收，不另論罪。」外，餘\n    均引用檢察官聲請簡易判決處刑書之記載（如附件）。\n二、依刑事訴訟法第449 條第1 項前段、第3 項、第454 條第2\n    項，毒品危害防制條例第10條第2 項，刑法第11條前段、第\n    41條第1 項前段，逕以簡易判決處刑如主文。\n三、如不服本判決，得自收受送達之翌日起10日內，向本院提出\n    上訴狀，上訴於本院第二審合議庭（須附繕本）。\n中    華    民    國    99    年    5     月    12    日\n                  刑事第二十三庭    法  官  徐  蘭  萍\n以上正本證明與原本無異。\n                                    書記官  廖  美  紅\n中    華    民    國    99    年    5     月    12    日\n附錄本罪論罪科刑法條全文：\n毒品危害防制條例第10條\n施用第一級毒品者，處6 月以上5 年以下有期徒刑。\n施用第二級毒品者，處3 年以下有期徒刑。",
  "structure": {
    "main": "甲○○施用第二級毒品，處有期徒刑貳月，如易科罰金，以新臺\n幣壹仟元折算壹日。",
    "fact": "一、本件犯罪事實、證據及所犯法條，除犯罪事實欄第九行所載\n    為警查獲時間「同年9 月25日20時許」等字應更正為：「同\n    年9 月25日21時30分」，及應適用之法條補充：「被告甲○\n    ○施用第二級毒品甲基安非他命前，其持有甲基安非他命之\n    低度行為，為施用之高度行為所吸收，不另論罪。」外，餘\n    均引用檢察官聲請簡易判決處刑書之記載（如附件）。\n二、依刑事訴訟法第449 條第1 項前段、第3 項、第454 條第2\n    項，毒品危害防制條例第10條第2 項，刑法第11條前段、第\n    41條第1 項前段，逕以簡易判決處刑如主文。\n三、如不服本判決，得自收受送達之翌日起10日內，向本院提出\n    上訴狀，上訴於本院第二審合議庭（須附繕本）。",
    "reason": "一、本件犯罪事實、證據及所犯法條，除犯罪事實欄第九行所載\n    為警查獲時間「同年9 月25日20時許」等字應更正為：「同\n    年9 月25日21時30分」，及應適用之法條補充：「被告甲○\n    ○施用第二級毒品甲基安非他命前，其持有甲基安非他命之\n    低度行為，為施用之高度行為所吸收，不另論罪。」外，餘\n    均引用檢察官聲請簡易判決處刑書之記載（如附件）。\n二、依刑事訴訟法第449 條第1 項前段、第3 項、第454 條第2\n    項，毒品危害防制條例第10條第2 項，刑法第11條前段、第\n    41條第1 項前段，逕以簡易判決處刑如主文。\n三、如不服本判決，得自收受送達之翌日起10日內，向本院提出\n    上訴狀，上訴於本院第二審合議庭（須附繕本）。"
  },
  "characters": {
    "judges": [
      "徐蘭萍"
    ],
    "prosecutors": [

    ],
    "lawyers": [

    ],
    "clerks": [
      "廖美紅"
    ],
    "plaintiffs": [

    ],
    "defendants": [
      "甲○○"
    ],
    "prosecutor_office": [
      "臺灣板橋地方法院檢察署檢察官"
    ],
    "creditors": [

    ],
    "debtors": [

    ],
    "judicial_associate_officer": [

    ]
  },
  "adjudged_at": "2010-05-12",
  "created_at": "2016-01-05 12:24:12",
  "updated_at": "2016-01-05 12:24:12"
}