{
  "identify": "PCD-99-補-572-20100512-1",
  "court": {
    "name": "臺灣新北地方法院",
    "code": "PCD"
  },
  "division": {
    "name": "民事",
    "code": "V"
  },
  "year": 99,
  "word": "補",
  "number": "572",
  "jcheck": "1",
  "reason": "侵權行為損害賠償",
  "content": "臺灣板橋地方法院民事裁定               99年度補字第572號\n原      告  鐘坤林\n被      告  甲○○\n            乙○○\n上列當事人間請求侵權行為損害賠償事件，原告起訴未據繳納裁\n判費，查本件訴之聲明第1項係訴請被告將工作場所遷離，衡之\n本件原告所得訴訟利益，無非為回復住居安寧，而將被告強制遷\n離係命被告為一定之行為，並無財產權性質，故訴之聲明第1項\n應屬非因財產權而起訴，依民事訴訟法第77條之14第1項規定，\n應徵第一審裁判費新臺幣（下同）3,000元。復查訴之聲明第2至\n4項訴訟標的金額為2,128,860元，應徵收第一審裁判費22,087元\n，合計應徵收第一審裁判費25,087元。茲依民事訴訟法第249條\n第1項但書之規定，限原告於收受本裁定送達後5日內補繳，逾期\n不繳，即駁回其訴，特此裁定。\n中    華    民    國    99    年    5     月    12    日\n                  民事第二庭  法  官  張筱琪\n以上正本證明與原本無異。\n本裁定不得抗告。\n中    華    民    國    99    年    5     月    12    日\n                              書記官  連思斐",
  "structure": {
  },
  "characters": {
    "judges": [
      "張筱琪"
    ],
    "prosecutors": [

    ],
    "lawyers": [

    ],
    "clerks": [

    ],
    "plaintiffs": [
      "鐘坤林"
    ],
    "defendants": [
      "甲○○"
    ],
    "prosecutor_office": [

    ],
    "creditors": [

    ],
    "debtors": [

    ],
    "judicial_associate_officer": [

    ]
  },
  "adjudged_at": "2010-05-12",
  "created_at": "2016-01-05 12:28:41",
  "updated_at": "2016-01-05 12:28:41"
}