{
  "identify": "SCD-99-司催-149-20100512-1",
  "court": {
    "name": "臺灣新竹地方法院",
    "code": "SCD"
  },
  "division": {
    "name": "民事",
    "code": "V"
  },
  "year": 99,
  "word": "司催",
  "number": "149",
  "jcheck": "1",
  "reason": "公示催告",
  "content": "臺灣新竹地方法院民事裁定             99年度司催字第149號\n聲  請  人  甲○○\n聲請人因遺失證券事件，聲請公示催告，本院裁定如下：\n    主  文\n一、准對於持有附表所載證券之人為公示催告。\n二、聲請人應於本裁定送達後20日內將本公示催告登載公報、新\n    聞紙或其他相類之傳播工具1日，聲請人未依前項規定登載\n    者，視為撤回公示催告之聲請。\n三、持有該證券之人，應於本公示催告最後登載公報、新聞紙或\n    其他相類之傳播工具之日起3個月內，向本院申報其權利並\n    提出該證券。\n四、如不為申報及提出證券，本院將宣告該證券為無效。\n中    華    民    國    99    年    5     月    12    日\n                  民事庭司法事務官\n正本係照原本作成\n如不服本裁定，應於送達後10日內，以書狀向本院司法事務官提\n出異議。\n中    華    民    國    99    年    5     月    12    日\n                        書  記  官  陳進楷\n┌──────────────────────────────────────────────────────┐\n│附表：                                                                                   99年度司催字第149號│\n├──┬───────┬────────┬──────┬──────────┬───────────┬────┤\n│編號│發    票    人│  付    款    人│發  票  日  │票    面    金    額│支     票     號    碼│備    考│\n│    │              │                │            │    ︵新台幣︶      │                      │        │\n├──┼───────┼────────┼──────┼──────────┼───────────┼────┤\n│001 │張文錦        │合作金庫商業銀行│98年9月30日 │41,736元            │0000000               │        │\n│    │              │竹塹分行        │            │                    │                      │        │\n└──┴───────┴────────┴──────┴──────────┴───────────┴────┘\n附記：（本附記僅供參考毋庸登載報紙）\n一、債權人收到裁定後，請即核對內容，如有錯誤應速依法聲請\n    更正裁定或補充裁定。\n二、有關刊登事宜，悉由聲請人自行選報刊登，本院並未委託他\n    人代為辦理，請勿受騙。\n三、校對登報內容無誤後，將新聞紙全版保存（請勿剪開），並\n    於刊登新聞紙滿3個月之翌日起算3個月內，另行持本公示催\n    告及保存之新聞紙全版具狀向本院聲請除權判決。\n四、請依照本院裁定全文登載，切勿自行增刪。\n五、嗣後遞狀均請註明股別及案號。",
  "structure": {
  },
  "characters": {
    "judges": [

    ],
    "prosecutors": [

    ],
    "lawyers": [

    ],
    "clerks": [

    ],
    "plaintiffs": [

    ],
    "defendants": [

    ],
    "prosecutor_office": [
      "甲"
    ],
    "creditors": [

    ],
    "debtors": [

    ],
    "judicial_associate_officer": [
      "民事庭"
    ]
  },
  "adjudged_at": "2010-05-12",
  "created_at": "2016-01-05 12:44:38",
  "updated_at": "2016-01-05 12:44:38"
}