{
  "identify": "SCD-99-司促-3567-20100512-2",
  "court": {
    "name": "臺灣新竹地方法院",
    "code": "SCD"
  },
  "division": {
    "name": "民事",
    "code": "V"
  },
  "year": 99,
  "word": "司促",
  "number": "3567",
  "jcheck": "2",
  "reason": "支付命令",
  "content": "臺灣新竹地方法院民事裁定            99年度司促字第3567號\n債  權  人  中國信託商業銀行股份有限公司\n法定代理人  乙○○○○\n債  務  人  包淑青即甲○○\n上列當事人間請求支付命令事件，本院於民國99年4月26日所為\n之支付命令，應裁定更正如下：\n    主  文\n原支付命令當事人欄中關於「債務人甲○○」之記載，應更正為\n「債務人包淑青即甲○○」。\n中    華    民    國    99    年    5     月    12    日\n                  民事庭司法事務官\n以上正本證明與原本無異。\n如不服本裁定，應於裁定送達後10日內，以書狀向本院司法事務\n官提出異議。\n中    華    民    國    99    年    5     月    12    日\n                            書記官  何尚安",
  "structure": {
  },
  "characters": {
    "judges": [

    ],
    "prosecutors": [

    ],
    "lawyers": [

    ],
    "clerks": [

    ],
    "plaintiffs": [

    ],
    "defendants": [

    ],
    "prosecutor_office": [

    ],
    "creditors": [
      "中國信託商業銀行股份有限公司"
    ],
    "debtors": [
      "包淑青即甲"
    ],
    "judicial_associate_officer": [
      "民事庭"
    ]
  },
  "adjudged_at": "2010-05-12",
  "created_at": "2016-01-05 12:43:36",
  "updated_at": "2016-01-05 12:43:36"
}