{
  "identify": "SCD-99-司消債核-978-20100512-1",
  "court": {
    "name": "臺灣新竹地方法院",
    "code": "SCD"
  },
  "division": {
    "name": "民事",
    "code": "V"
  },
  "year": 99,
  "word": "司消債核",
  "number": "978",
  "jcheck": "1",
  "reason": "協商認可事件",
  "content": "臺灣新竹地方法院民事裁定         99年度司消債核字第978號\n聲  請  人  渣打國際商業銀行股份有限公司\n法定代理人  乙○○\n債  務  人  甲○○\n上列當事人間債務協商事件，本院裁定如下：\n    主  文\n如附件第一點所示債權人與債務人間於民國99年4月26日協商成\n立之債務清償方案，予以認可。\n    理  由\n一、按債務人對於金融機構因消費借貸、自用住宅借款、信用卡\n    或現金卡契約而負債務，在聲請更生或清算前，應提出債權\n    人清冊，以書面向最大債權金融機構請求協商債務清償方案\n    並表明共同協商之意旨，消費者債務清理條例第151條第1項\n    定有明文。又前條第一項受請求之金融機構應於協商成立之\n    翌日起七日內，將債務清償方案送請金融機構所在地之管轄\n    法院審核，但當事人就債務清償方案已依公證法第13條第1\n    項規定，請求公證人作成公證書者，不在此限；前項債務清\n    償方案，法院應儘速審核，認與法令無牴觸者，應以裁定予\n    以認可，認與法令牴觸者，應以裁定不予認可，復為同條例\n    第152條第1項、第2項所明定。\n二、次按依消費者債務清理條例第151條第1項、第4項成立之債\n    務清償方案，經法院裁定認可後，得為執行名義。又法院審\n    核債務清償方案，僅就該等方案有無違反法令或可否強制執\n    行等情事為審核，並未變更債務人與債權人協商之實體內容\n    。且為避免程序浪費，並提高債權人參與協商之意願，債務\n    清償方案經法院裁定認可後，便於債權人行使債權，而賦予\n    執行力。又經協商成立之債務清償方案，不論有無送請法院\n    認可或法院是否予以認可，如有因抵觸法令而無效之情形，\n    債務人仍得聲請更生或清算（消費者債務清理條例第152條\n    立法說明參照）。\n三、本件聲請意旨略以：債務人以書面向最大債權金融機構即渣\n    打國際商業銀行股份有限公司請求共同協商債務清償方案，\n    茲因債務人與聲請人已於民國99年4月26日協商成立如附件\n    所示之債務清償方案，爰將協商成立之債務清償方案送請本\n    院審核，請求裁定予以認可等語。\n四、經查，債務人與全體債權人於民國99年4月26日協商成立如\n    附件第1點所示之債務清償方案內容，經核於法並無不合，\n    應予認可。至附件第4點關於「債權人得回復依各債權金融\n    機構之原契約條件繼續對債務人訴追」部分，並非約定債權\n    人得為強制執行意旨，且其內容未具體明確，不得逕為執行\n    名義；另附件其他條款均不適為執行名義，皆不在認可之列\n    ，併此說明。\n五、爰裁定如主文。\n六、本裁定不得抗告，但如不服本裁定應於送達10日內以書狀向\n   本院司法事務官提出異議。\n附件：金融機構無擔保債權前置協商機制協議書。\n附記：請聲請人於收受裁定後七日內補正債務人三個月內記事勿\n      省略之最新戶籍謄本。\n中    華    民    國    99    年    5     月    12    日\n              民事第一庭    司法事務官  葉欣欣",
  "structure": {
    "main": "如附件第一點所示債權人與債務人間於民國99年4月26日協商成\n立之債務清償方案，予以認可。",
    "reason": "一、按債務人對於金融機構因消費借貸、自用住宅借款、信用卡\n    或現金卡契約而負債務，在聲請更生或清算前，應提出債權\n    人清冊，以書面向最大債權金融機構請求協商債務清償方案\n    並表明共同協商之意旨，消費者債務清理條例第151條第1項\n    定有明文。又前條第一項受請求之金融機構應於協商成立之\n    翌日起七日內，將債務清償方案送請金融機構所在地之管轄\n    法院審核，但當事人就債務清償方案已依公證法第13條第1\n    項規定，請求公證人作成公證書者，不在此限；前項債務清\n    償方案，法院應儘速審核，認與法令無牴觸者，應以裁定予\n    以認可，認與法令牴觸者，應以裁定不予認可，復為同條例\n    第152條第1項、第2項所明定。\n二、次按依消費者債務清理條例第151條第1項、第4項成立之債\n    務清償方案，經法院裁定認可後，得為執行名義。又法院審\n    核債務清償方案，僅就該等方案有無違反法令或可否強制執\n    行等情事為審核，並未變更債務人與債權人協商之實體內容\n    。且為避免程序浪費，並提高債權人參與協商之意願，債務\n    清償方案經法院裁定認可後，便於債權人行使債權，而賦予\n    執行力。又經協商成立之債務清償方案，不論有無送請法院\n    認可或法院是否予以認可，如有因抵觸法令而無效之情形，\n    債務人仍得聲請更生或清算（消費者債務清理條例第152條\n    立法說明參照）。\n三、本件聲請意旨略以：債務人以書面向最大債權金融機構即渣\n    打國際商業銀行股份有限公司請求共同協商債務清償方案，\n    茲因債務人與聲請人已於民國99年4月26日協商成立如附件\n    所示之債務清償方案，爰將協商成立之債務清償方案送請本\n    院審核，請求裁定予以認可等語。\n四、經查，債務人與全體債權人於民國99年4月26日協商成立如\n    附件第1點所示之債務清償方案內容，經核於法並無不合，\n    應予認可。至附件第4點關於「債權人得回復依各債權金融\n    機構之原契約條件繼續對債務人訴追」部分，並非約定債權\n    人得為強制執行意旨，且其內容未具體明確，不得逕為執行\n    名義；另附件其他條款均不適為執行名義，皆不在認可之列\n    ，併此說明。\n五、爰裁定如主文。\n六、本裁定不得抗告，但如不服本裁定應於送達10日內以書狀向\n   本院司法事務官提出異議。\n附件：金融機構無擔保債權前置協商機制協議書。\n附記：請聲請人於收受裁定後七日內補正債務人三個月內記事勿\n      省略之最新戶籍謄本。"
  },
  "characters": {
    "judges": [

    ],
    "prosecutors": [

    ],
    "lawyers": [

    ],
    "clerks": [

    ],
    "plaintiffs": [

    ],
    "defendants": [

    ],
    "prosecutor_office": [
      "渣打國際商業銀行股份有限公司"
    ],
    "creditors": [

    ],
    "debtors": [
      "甲"
    ],
    "judicial_associate_officer": [
      "葉欣欣"
    ]
  },
  "adjudged_at": "2010-05-12",
  "created_at": "2016-01-05 12:45:15",
  "updated_at": "2016-01-05 12:45:15"
}