{
  "identify": "SCD-99-竹北簡-165-20100512-1",
  "court": {
    "name": "臺灣新竹地方法院",
    "code": "SCD"
  },
  "division": {
    "name": "刑事",
    "code": "M"
  },
  "year": 99,
  "word": "竹北簡",
  "number": "165",
  "jcheck": "1",
  "reason": "竊盜",
  "content": "臺灣新竹地方法院刑事簡易判決\n    聲  請  人  臺灣新竹地方法院檢察署檢察官\n    被      告  甲○○\n上列被告因竊盜案件，經檢察官聲請以簡易判決處刑（99年度速\n偵字第651號），本院判決如下：\n    主  文\n甲○○犯竊盜罪，處罰金新臺幣伍仟元，如易服勞役，以新臺幣\n壹仟元折算壹日。\n    事實及理由\n一、本件本院認定之犯罪事實及證據，均引用檢察官聲請簡易判\n    決處刑書之記載（如附件）。\n二、核被告甲○○所為，係犯刑法第320條第1項之普通竊盜罪。\n    爰審酌被告犯罪之動機、目的、所竊取之物價值新臺幣2,99\n    5元、犯罪手段、品行、智識程度，被告所竊之物已由被害\n    人領回，犯罪所生損害及犯罪後坦承不諱之態度等一切情狀\n    ，量處如主文所示之刑，並諭知易服勞役之折算標準。\n三、依刑事訴訟法第449 條第1 項前段、第454 條第2 項，刑法\n    第320 條第1 項、第42條第3 項、第42條之1 ，刑法施行法\n    第1 條之1  ，逕以簡易判決處刑如主文。\n四、如不服本判決，得自收受送達之日起10日內，向本院提出上\n    訴狀。\n中    華    民    國    99    年    5     月    12    日\n                  竹北簡易庭    法  官  林秋宜\n以上正本證明與原本無異。\n中    華    民    國    99    年    5     月    12    日\n                                書記官  許庚森\n附錄本案論罪科刑實體法條全文：\n刑法第320條（普通竊盜罪、竊佔罪）\n意圖為自己或第三人不法之所有，而竊取他人之動產者，為竊盜\n罪，處5年以下有期徒刑、拘役或500元以下罰金。\n意圖為自己或第三人不法之利益，而竊佔他人之不動產者，依前\n項之規定處斷。\n（附件）",
  "structure": {
    "main": "甲○○犯竊盜罪，處罰金新臺幣伍仟元，如易服勞役，以新臺幣\n壹仟元折算壹日。",
    "fact": "一、本件本院認定之犯罪事實及證據，均引用檢察官聲請簡易判\n    決處刑書之記載（如附件）。\n二、核被告甲○○所為，係犯刑法第320條第1項之普通竊盜罪。\n    爰審酌被告犯罪之動機、目的、所竊取之物價值新臺幣2,99\n    5元、犯罪手段、品行、智識程度，被告所竊之物已由被害\n    人領回，犯罪所生損害及犯罪後坦承不諱之態度等一切情狀\n    ，量處如主文所示之刑，並諭知易服勞役之折算標準。\n三、依刑事訴訟法第449 條第1 項前段、第454 條第2 項，刑法\n    第320 條第1 項、第42條第3 項、第42條之1 ，刑法施行法\n    第1 條之1  ，逕以簡易判決處刑如主文。\n四、如不服本判決，得自收受送達之日起10日內，向本院提出上\n    訴狀。",
    "reason": "一、本件本院認定之犯罪事實及證據，均引用檢察官聲請簡易判\n    決處刑書之記載（如附件）。\n二、核被告甲○○所為，係犯刑法第320條第1項之普通竊盜罪。\n    爰審酌被告犯罪之動機、目的、所竊取之物價值新臺幣2,99\n    5元、犯罪手段、品行、智識程度，被告所竊之物已由被害\n    人領回，犯罪所生損害及犯罪後坦承不諱之態度等一切情狀\n    ，量處如主文所示之刑，並諭知易服勞役之折算標準。\n三、依刑事訴訟法第449 條第1 項前段、第454 條第2 項，刑法\n    第320 條第1 項、第42條第3 項、第42條之1 ，刑法施行法\n    第1 條之1  ，逕以簡易判決處刑如主文。\n四、如不服本判決，得自收受送達之日起10日內，向本院提出上\n    訴狀。"
  },
  "characters": {
    "judges": [
      "林秋宜"
    ],
    "prosecutors": [

    ],
    "lawyers": [

    ],
    "clerks": [
      "許庚森"
    ],
    "plaintiffs": [

    ],
    "defendants": [
      "甲○○"
    ],
    "prosecutor_office": [
      "臺灣新竹地方法院檢察署檢察官"
    ],
    "creditors": [

    ],
    "debtors": [

    ],
    "judicial_associate_officer": [

    ]
  },
  "adjudged_at": "2010-05-12",
  "created_at": "2016-01-05 12:42:40",
  "updated_at": "2016-01-05 12:42:40"
}