{
  "identify": "SCD-99-補-371-20100512-1",
  "court": {
    "name": "臺灣新竹地方法院",
    "code": "SCD"
  },
  "division": {
    "name": "民事",
    "code": "V"
  },
  "year": 99,
  "word": "補",
  "number": "371",
  "jcheck": "1",
  "reason": "返還消費借貸款",
  "content": "臺灣新竹地方法院民事裁定               99年度補字第371號\n原      告  萬榮行銷股份有限公司\n法定代理人  丙○○\n代  理  人  甲○○\n一、原告因請求返還消費借貸款，曾聲請對被告乙○○發支付命\n    令，惟被告已於法定期間內對支付命令提出異議，應以支付\n    命令之聲請視為起訴，茲限原告於收受本裁定後5日內補正\n    下列事項，如逾期未補正，即駁回原告之訴。\n    (一)本件訴訟標的金額核定為新台幣貳拾玖萬玖仟佰零玖\n        元，應繳裁判費新台幣仟貳佰元，扣除前繳支付命令\n        裁判費新台幣伍佰元外，尚應補繳新台幣貳仟柒佰元。\n    (二)提出準備書狀一件，繕本逕送他造。\n二、特此裁定。\n中    華    民    國    99    年    5     月    12    日\n                  民事第一庭    法      官  王銘勇\n以上正本證明與原本無異。\n本裁定不得抗告。\n中    華    民    國    99    年    5     月    12    日\n                                書記官  呂聖儀",
  "structure": {
  },
  "characters": {
    "judges": [
      "王銘勇"
    ],
    "prosecutors": [

    ],
    "lawyers": [

    ],
    "clerks": [

    ],
    "plaintiffs": [
      "萬榮行銷股份有限公司"
    ],
    "defendants": [

    ],
    "prosecutor_office": [

    ],
    "creditors": [

    ],
    "debtors": [

    ],
    "judicial_associate_officer": [

    ]
  },
  "adjudged_at": "2010-05-12",
  "created_at": "2016-01-05 12:44:52",
  "updated_at": "2016-01-05 12:44:52"
}