{
  "identify": "SCD-99-補-354-20100512-1",
  "court": {
    "name": "臺灣新竹地方法院",
    "code": "SCD"
  },
  "division": {
    "name": "民事",
    "code": "V"
  },
  "year": 99,
  "word": "補",
  "number": "354",
  "jcheck": "1",
  "reason": "返還房屋等",
  "content": "臺灣新竹地方法院民事裁定               99年度補字第354號\n原      告  甲○○\n上列原告與被告乙○○、善智全開股份有限公司間返還房屋等事\n件，原告起訴未據繳納裁判費，查本件訴訟標的金額核定為新臺\n幣玖拾貳萬柒仟柒佰貳拾壹元，應徵第一審裁判費新臺幣壹萬零\n壹佰拾元。\n茲依民事訴訟法第249條第1項但書之規定，限原告於收受本裁定\n送達5日內補繳，逾期不繳，即駁回其訴，特此裁定。\n中    華    民    國    99    年    5    月    12    日\n                  民事第一庭    法      官  王銘勇\n以上正本證明與原本無異。\n如對本裁定抗告，須於裁定送達後10日內向本院提出抗告狀。\n中    華    民    國    99    年    5    月    12    日\n                                書記官  呂聖儀",
  "structure": {
  },
  "characters": {
    "judges": [
      "王銘勇"
    ],
    "prosecutors": [

    ],
    "lawyers": [

    ],
    "clerks": [

    ],
    "plaintiffs": [
      "甲"
    ],
    "defendants": [

    ],
    "prosecutor_office": [

    ],
    "creditors": [

    ],
    "debtors": [

    ],
    "judicial_associate_officer": [

    ]
  },
  "adjudged_at": "2010-05-12",
  "created_at": "2016-01-05 12:43:30",
  "updated_at": "2016-01-05 12:43:30"
}