{
  "identify": "SCD-99-易-87-20100512-1",
  "court": {
    "name": "臺灣新竹地方法院",
    "code": "SCD"
  },
  "division": {
    "name": "刑事",
    "code": "M"
  },
  "year": 99,
  "word": "易",
  "number": "87",
  "jcheck": "1",
  "reason": "傷害",
  "content": "臺灣新竹地方法院刑事判決                99年度易字第87號\n公  訴  人  臺灣新竹地方法院檢察署檢察官\n被      告  甲○○\n上列被告因傷害案件，經檢察官聲請簡易判決處刑（99年度偵字\n第100號），經本院改依通常程序判決如下：\n    主  文\n本件公訴不受理。\n    理  由\n一、按告訴乃論之罪，告訴人於第一審辯論終結前得撤回其告訴\n    ；又告訴經撤回者，應諭知不受理之判決，並得不經言詞辯\n    論為之，刑事訴訟法第238條第1項、第303條第3款、第307\n    條分別定有明文。\n二、本件聲請意旨：除證據清單編號3 、待證事實欄「被告與乙\n    ○○○已相處7 餘」應補充為「被告與乙○○○已相處7 年\n    餘」外，其餘詳如附件之臺灣新竹地方法院檢察官聲請簡易\n    判決處刑所載。\n三、查本件告訴人乙○○○告訴被告甲○○過失傷害案件，公訴\n    人認被告甲○○係觸犯刑法第284 條第1 項過失傷害罪嫌，\n    依同法第287 條之規定，須告訴乃論。茲據告訴人與被告達\n    成和解，已具狀撤回對被告之告訴，有聲請撤回告訴狀1份\n    在卷足憑，依照首開說明，爰不經言詞辯論，逕諭知不受理\n    之判決。\n四、據上論斷，應依刑事訴訟法第452條、第303條第3款、第307\n    條，判決如主文。\n中    華    民    國    99    年    5     月    12    日\n                  刑事第七庭    法  官  陳明珠\n以上正本證明與原本無異。\n如不服本判決應於收受判決後10日內向本院提出上訴書狀，並應\n敘述具體理由。其未敘述上訴理由者，應於上訴期間屆滿後20日\n內向本院補提理由書(均須按他造當事人之人數附繕本)「切勿逕\n送上級法院」。\n中    華    民    國    99    年    5     月    12    日\n                                書記官  陳秀子",
  "structure": {
    "main": "本件公訴不受理。",
    "reason": "一、按告訴乃論之罪，告訴人於第一審辯論終結前得撤回其告訴\n    ；又告訴經撤回者，應諭知不受理之判決，並得不經言詞辯\n    論為之，刑事訴訟法第238條第1項、第303條第3款、第307\n    條分別定有明文。\n二、本件聲請意旨：除證據清單編號3 、待證事實欄「被告與乙\n    ○○○已相處7 餘」應補充為「被告與乙○○○已相處7 年\n    餘」外，其餘詳如附件之臺灣新竹地方法院檢察官聲請簡易\n    判決處刑所載。\n三、查本件告訴人乙○○○告訴被告甲○○過失傷害案件，公訴\n    人認被告甲○○係觸犯刑法第284 條第1 項過失傷害罪嫌，\n    依同法第287 條之規定，須告訴乃論。茲據告訴人與被告達\n    成和解，已具狀撤回對被告之告訴，有聲請撤回告訴狀1份\n    在卷足憑，依照首開說明，爰不經言詞辯論，逕諭知不受理\n    之判決。\n四、據上論斷，應依刑事訴訟法第452條、第303條第3款、第307\n    條，判決如主文。"
  },
  "characters": {
    "judges": [
      "陳明珠"
    ],
    "prosecutors": [

    ],
    "lawyers": [

    ],
    "clerks": [

    ],
    "plaintiffs": [

    ],
    "defendants": [
      "甲○○"
    ],
    "prosecutor_office": [
      "臺灣新竹地方法院檢察署檢察官"
    ],
    "creditors": [

    ],
    "debtors": [

    ],
    "judicial_associate_officer": [

    ]
  },
  "adjudged_at": "2010-05-12",
  "created_at": "2016-01-05 12:42:23",
  "updated_at": "2016-01-05 12:42:23"
}