{
  "identify": "SLD-99-再-4-20100512-2",
  "court": {
    "name": "臺灣士林地方法院",
    "code": "SLD"
  },
  "division": {
    "name": "民事",
    "code": "V"
  },
  "year": 99,
  "word": "再",
  "number": "4",
  "jcheck": "2",
  "reason": "再審",
  "content": "臺灣士林地方法院民事裁定                 99年度再字第4號\n抗  告  人  乙○○\n代  理  人  顏瑞成律師\n上列抗告人與相對人甲○○間請求繼續審判事件，抗告人對於中\n華民國99年4 月2 日本院99年度再字第4 號裁定不服提起抗告，\n本院裁定如下：\n    主  文\n抗告人應於本裁定送達後七日內具狀補正抗告理由並補繳裁判費\n新臺幣壹仟元，逾期即駁回抗告。\n    理  由\n一、按抗告，徵收裁判費新臺幣（下同）1,000 元，並以抗告狀\n    表明抗告理由，民事訴訟法第77條之18、第495 條之1 第1\n    項、第441 條第1 項第4 款分別定有明文。又抗告不合程式\n    或有其他不合法情形而可以補正者，原審法院應定期間命其\n    補正，如不於期間內補正，應以裁定駁回之，此觀之同法第\n    495 條之1 第1 項、第442 條第2 項、第3 項規定自明。\n二、查本件抗告人不服民國99年4 月2 日本院99年度再字第4 號\n    裁定提起抗告，應徵裁判費1,000 元，然未據抗告人繳納，\n    且本件抗告人所提之抗告狀，未據載明抗告之理由，茲依民\n    事訴訟法第495 條之1 第1 項、第442 條第2 項規定，限抗\n    告人於收受本裁定送達後7 日內補正抗告理由及向本院繳納\n    裁判費，逾期不補即駁回其抗告，特此裁定。\n中    華    民    國    99    年    5     月    12    日\n                  民事第一庭  審判長法  官  李瑜娟\n以上正本證明與原本無異。\n本件裁定不得抗告。\n中    華    民    國    99    年    5     月    12    日\n                                    書記官  蔡東晏",
  "structure": {
    "main": "抗告人應於本裁定送達後七日內具狀補正抗告理由並補繳裁判費\n新臺幣壹仟元，逾期即駁回抗告。",
    "reason": "一、按抗告，徵收裁判費新臺幣（下同）1,000 元，並以抗告狀\n    表明抗告理由，民事訴訟法第77條之18、第495 條之1 第1\n    項、第441 條第1 項第4 款分別定有明文。又抗告不合程式\n    或有其他不合法情形而可以補正者，原審法院應定期間命其\n    補正，如不於期間內補正，應以裁定駁回之，此觀之同法第\n    495 條之1 第1 項、第442 條第2 項、第3 項規定自明。\n二、查本件抗告人不服民國99年4 月2 日本院99年度再字第4 號\n    裁定提起抗告，應徵裁判費1,000 元，然未據抗告人繳納，\n    且本件抗告人所提之抗告狀，未據載明抗告之理由，茲依民\n    事訴訟法第495 條之1 第1 項、第442 條第2 項規定，限抗\n    告人於收受本裁定送達後7 日內補正抗告理由及向本院繳納\n    裁判費，逾期不補即駁回其抗告，特此裁定。"
  },
  "characters": {
    "judges": [
      "李瑜娟"
    ],
    "prosecutors": [

    ],
    "lawyers": [
      "顏瑞成"
    ],
    "clerks": [

    ],
    "plaintiffs": [

    ],
    "defendants": [

    ],
    "prosecutor_office": [

    ],
    "creditors": [

    ],
    "debtors": [

    ],
    "judicial_associate_officer": [

    ]
  },
  "adjudged_at": "2010-05-12",
  "created_at": "2016-01-05 12:21:42",
  "updated_at": "2016-01-05 12:21:42"
}