{
  "identify": "SLD-98-消-7-20100512-1",
  "court": {
    "name": "臺灣士林地方法院",
    "code": "SLD"
  },
  "division": {
    "name": "民事",
    "code": "V"
  },
  "year": 98,
  "word": "消",
  "number": "7",
  "jcheck": "1",
  "reason": "損害賠償",
  "content": "臺灣士林地方法院民事裁定                 98年度消字第7號\n原      告  丁○○\n訴訟代理人  林淑惠律師\n被      告  甲○○\n            築居房屋仲介有限公司\n法定代理人  戊○○\n被      告  乙○○\n            丙○○\n上列三人共  顏火炎律師\n同訴訟代理\n人\n複代理人    己○○    住臺北市中正區○○○路○段59號10樓\n上列當事人間請求損害賠償事件，本院裁定如下：\n        主  文\n本件應再開言詞辯論，並指定民國99年6 月3 日上午11時10分，\n在本院第五法庭行言詞辯論。\n中    華    民    國    99    年    5     月    12    日\n                  民事第一庭  法  官  古振暉\n以上正本證明與原本無異。\n本件裁定不得抗告。\n中    華    民    國    99    年    5     月    12    日\n                              書記官  姜貴泰",
  "structure": {
  },
  "characters": {
    "judges": [
      "古振暉"
    ],
    "prosecutors": [

    ],
    "lawyers": [
      "林淑惠",
      "顏火炎"
    ],
    "clerks": [

    ],
    "plaintiffs": [
      "丁"
    ],
    "defendants": [
      "甲○○",
      "乙○○"
    ],
    "prosecutor_office": [

    ],
    "creditors": [

    ],
    "debtors": [

    ],
    "judicial_associate_officer": [

    ]
  },
  "adjudged_at": "2010-05-12",
  "created_at": "2016-01-05 12:21:28",
  "updated_at": "2016-01-05 12:21:28"
}