{
  "identify": "SLD-98-消債更-355-20100512-3",
  "court": {
    "name": "臺灣士林地方法院",
    "code": "SLD"
  },
  "division": {
    "name": "民事",
    "code": "V"
  },
  "year": 98,
  "word": "消債更",
  "number": "355",
  "jcheck": "3",
  "reason": "更生事件",
  "content": "臺灣士林地方法院民事裁定           98年度消債更字第355號\n債  務  人  甲○○○○○○\n上列債務人聲請更生事件，依消費者債務清理條例第6 條第2 項\n及第3 項規定，本院得定期命債務人預納超過徵收聲請費之郵務\n送達費及進行更生程序之必要費用。茲依債權人及債務人總人數\n，以每人10次，每次郵務送達費新臺幣（下同）34元估算，並扣\n除已繳納之聲請費1,000 元，限債務人於收受本裁定送達後5 日\n內補繳2,060 元( 計算式：[(8+1 ) ×34×10 ]- 1,000 ＝2,06\n0 ），逾期未繳，即駁回其聲請，特此裁定。\n中    華    民    國    99    年    5     月    12    日\n                  民事第一庭  法      官  方彬彬\n上為正本係照原本作成。\n本件不得抗告。\n中    華    民    國    99    年    5     月    12    日\n                              書  記  官  周嫣蘋",
  "structure": {
  },
  "characters": {
    "judges": [
      "方彬彬"
    ],
    "prosecutors": [

    ],
    "lawyers": [

    ],
    "clerks": [

    ],
    "plaintiffs": [

    ],
    "defendants": [

    ],
    "prosecutor_office": [

    ],
    "creditors": [

    ],
    "debtors": [
      "甲"
    ],
    "judicial_associate_officer": [

    ]
  },
  "adjudged_at": "2010-05-12",
  "created_at": "2016-01-05 12:21:03",
  "updated_at": "2016-01-05 12:21:03"
}