{
  "identify": "SLD-99-交聲-406-20100512-1",
  "court": {
    "name": "臺灣士林地方法院",
    "code": "SLD"
  },
  "division": {
    "name": "刑事",
    "code": "M"
  },
  "year": 99,
  "word": "交聲",
  "number": "406",
  "jcheck": "1",
  "reason": "違反道路交通管理處罰條例聲明異議",
  "content": "臺灣士林地方法院交通事件裁定         99年度交聲字第406號\n原處分機關  臺北市交通事件裁決所\n異  議  人\n即受處分人  甲○○\n上列異議人即受處分人因違反道路交通管理處罰條例案件，對於\n臺北市交通事件裁決所於民國99年3 月22日所為之裁決（北市裁\n罰字第裁22-ZAQ106915號），聲明異議，本院裁定如下：\n    主  文\n異議駁回。\n    理  由\n一、按「汽車行駛於應繳費之公路、橋樑、隧道或輪渡，不依規\n    定繳費者，處汽車所有人或駕駛人新台幣3000元以上6000元\n    以下罰鍰，並追繳欠費。」，道路交通管理處罰條例第27條\n    第1 項定有明文。又按「本條例之處罰，受舉發違反道路交\n    通管理事件之受處罰人，認為受舉發之違規行為應歸責他人\n    者，應於舉發違反道路交通管理事件通知單應到案日期前，\n    檢附相關證據及應歸責人相關證明文件，向處罰機關告知應\n    歸責人，處罰機關應即另行通知應歸責人到案依法處理。逾\n    期未依規定辦理者，仍依本條例各該違反條款規定處罰。」\n    ，同條例第85條第1 項著有明文。再按處理違反道路交通管\n    理事件，有關文書送達的規定，依行政程序法規定；送達，\n    於應受送達人之住居所、事務所或營業所為之。但在行政機\n    關辦公處所或他處會晤應受送達人時，得於會晤處所為之；\n    於應送達處所不獲會晤應受送達人時，得將文書付與有辨別\n    事理能力之同居人、受僱人或應送達處所之接收郵件人員，\n    違反道路交通管理事件統一裁罰基準及處理細則第5 條、行\n    政程序法第72條第1 項、第73條第1 項分別定有明文。\n二、原處分意旨略以：登記於異議人即受處分人甲○○名下之車\n    號9C-0119 號自小客車於民國98年12月2 日14時57分許行經\n    國道一號泰山收費站時，經國道警察局第一分隊員警舉發「\n    汽車行駛於應繳費之公路不依規定繳費」之違規，爰依道路\n    交通管理處罰條例第27條第1 項規定裁處罰鍰新臺幣（下同\n    ）3 千元。\n三、聲明異議意旨略以：異議人當日係將車輛借予客戶駕駛，客\n    戶歸還車輛時並未告知其未繳高速公路過路費，異議人直到\n    99年2 月25日收到未裝ETC 之車輛行駛ETC 專用車道之違規\n    單時始知上開違規情事，並已繳納該違規單裁罰之600 元，\n    在此之前亦未收到要求補繳40元之過路費帳單，等到異議人\n    收到本件3 千元之違規單，向舉發單位申訴時始經告知因已\n    將應補繳40元過路費之通知單「寄存送達」，但因異議人未\n    補繳，故要被裁罰3 千元之罰單等語，但實際上異議人未收\n    到補繳通行費通知單，異議人雖曾拿著寄存送達之單據向大\n    直派出所領件，但該所警員告知沒有信件，叫異議人到大直\n    郵局領取，但異議人在期限內到了大直郵局也沒有信件，所\n    以異議人未領到補繳通知單，並非故意不補繳，且未補繳40\n    元通行費要被裁罰3 千元亦不合比例原則，爰聲明異議，請\n    求撤銷原處分。\n四、經查：\n  (一)異議人名下之系爭車輛於受舉發當日確有上開未依規定繳費\n    之事實，為異議人所不爭執，嗣主管機關業於99年1 月12日\n    將高速公路通行費催繳通知單寄送至異議人位於臺北市○○\n    區○○里○○路805 巷22號2 樓之1 之戶籍地，惟未經會晤\n    本人，亦無受領文書之同居人，經寄存於臺北北安郵局，惟\n    異議人逾期未依規定繳納通行費之事實，為異議人所不爭執\n    ，並有交通部臺灣區○道○○○路局泰山收費站99年3 月5\n    日高泰業字第099000599 號函文、送達證書、異議人戶役政\n    查詢基本資料等件在卷可稽（見本院卷第9 、10、16頁），\n    異議人復自承其確有取得上開寄存送達之通知單，顯見其確\n    有居住在戶籍地址之事實，參照首揭說明，堪認上開寄存送\n    達已生送達效力，異議人逾期仍未繳納通行費，確有本案違\n    規事實無疑，合先敘明。\n  (二)又經本院就本件系爭補繳通行費通知單郵件之招領情事函詢\n    原舉發單位臺北市政府警察局中山分局大直派出所及受領寄\n    存通知單之台北北安郵局，大直派出所表示異議人之妻子曾\n    於99年4 月間至大直派出所詢問本案系爭通行費補繳通知單\n    郵件問題，但因郵件未寄存在警局，而係寄存在派出所，故\n    員警未作成紀錄，台北郵局則表示系爭郵件目前仍寄存在北\n    安郵局保管，無人領取，另異議人雖曾於99年2 月16日委請\n    他人到北安郵局領取另一件普通掛號信件，但當時代領人有\n    無詢及本案系爭郵件，承辦人已不復記憶等語，有臺北市政\n    府警察局中山分局99年5 月7 日北市警中分交字第09931905\n    70 0號函文、中華郵政股份有限公司臺北郵局99年4 月26日\n    北營字第0990013480號函文各1 份在卷可稽（見本院卷第14\n    、15頁），顯見異議人確未按期前往領取寄存之補繳通行費\n    通知單。至異議人雖稱其有持上開寄存送達之通知單到大直\n    派出所，經員警告知要到郵局領取後，其就到大直郵局領取\n    郵件，但還是未能領到等語，惟觀之上開交通部臺灣區○道\n    ○○○路局泰山收費站99年3 月5 日高泰業字第099000599\n    號函文所附之送達證書（見本院卷第10頁），其上所蓋之郵\n    局戳印已明確顯示受寄存送達之郵局為台北北安郵局，異議\n    人疏未注意此節，未至北安郵局領取，卻至大直郵局領取，\n    因而無法取得郵件，難認不可歸責於異議人，異議人復無其\n    他舉證證明其就此節並無過失，自不足為有利異議人之認定\n    ；至異議人另稱本案違規行為僅為未繳40元之通行費，卻要\n    受到3 千元之裁罰，不符比例原則云云。惟汽車行駛於應繳\n    費之公路不依規定繳費之違規行為，依道路交通管理處罰條\n    例第27條第1 項之法定罰鍰即為3 千元以上6 千元以下，業\n    如前述，原處分機關所裁罰之罰鍰金額，已係最低額之法定\n    罰鍰，於法並無違誤，亦難謂有不合比例原則之處，異議人\n    此部分主張亦屬無據，附予敘明。\n  (三)綜上，堪認本件異議人所有之系爭車輛於上開時間確有上開\n    違規無疑，異議人復未於應到案日期前將應歸責實際駕駛人\n    之資料陳報予原處分機關，原處分機關因而依道路交通管理\n    處罰條例第27條第1 項規定，對異議人裁處罰鍰3 千元，並\n    無不當，本件異議為無理由，應予駁回。\n據上論斷，應依道路交通案件處理辦法第19條，裁定如主文。\n中    華    民    國    99    年    5     月    12    日\n                    交通法庭法  官  黃珮茹\n以上正本證明與原本無異。\n如不服本裁定應於送達後5日內向本院提出抗告狀。\n                            書記官  張馨尹\n中    華    民    國    99    年    5     月    12    日",
  "structure": {
    "main": "異議駁回。",
    "reason": "一、按「汽車行駛於應繳費之公路、橋樑、隧道或輪渡，不依規\n    定繳費者，處汽車所有人或駕駛人新台幣3000元以上6000元\n    以下罰鍰，並追繳欠費。」，道路交通管理處罰條例第27條\n    第1 項定有明文。又按「本條例之處罰，受舉發違反道路交\n    通管理事件之受處罰人，認為受舉發之違規行為應歸責他人\n    者，應於舉發違反道路交通管理事件通知單應到案日期前，\n    檢附相關證據及應歸責人相關證明文件，向處罰機關告知應\n    歸責人，處罰機關應即另行通知應歸責人到案依法處理。逾\n    期未依規定辦理者，仍依本條例各該違反條款規定處罰。」\n    ，同條例第85條第1 項著有明文。再按處理違反道路交通管\n    理事件，有關文書送達的規定，依行政程序法規定；送達，\n    於應受送達人之住居所、事務所或營業所為之。但在行政機\n    關辦公處所或他處會晤應受送達人時，得於會晤處所為之；\n    於應送達處所不獲會晤應受送達人時，得將文書付與有辨別\n    事理能力之同居人、受僱人或應送達處所之接收郵件人員，\n    違反道路交通管理事件統一裁罰基準及處理細則第5 條、行\n    政程序法第72條第1 項、第73條第1 項分別定有明文。\n二、原處分意旨略以：登記於異議人即受處分人甲○○名下之車\n    號9C-0119 號自小客車於民國98年12月2 日14時57分許行經\n    國道一號泰山收費站時，經國道警察局第一分隊員警舉發「\n    汽車行駛於應繳費之公路不依規定繳費」之違規，爰依道路\n    交通管理處罰條例第27條第1 項規定裁處罰鍰新臺幣（下同\n    ）3 千元。\n三、聲明異議意旨略以：異議人當日係將車輛借予客戶駕駛，客\n    戶歸還車輛時並未告知其未繳高速公路過路費，異議人直到\n    99年2 月25日收到未裝ETC 之車輛行駛ETC 專用車道之違規\n    單時始知上開違規情事，並已繳納該違規單裁罰之600 元，\n    在此之前亦未收到要求補繳40元之過路費帳單，等到異議人\n    收到本件3 千元之違規單，向舉發單位申訴時始經告知因已\n    將應補繳40元過路費之通知單「寄存送達」，但因異議人未\n    補繳，故要被裁罰3 千元之罰單等語，但實際上異議人未收\n    到補繳通行費通知單，異議人雖曾拿著寄存送達之單據向大\n    直派出所領件，但該所警員告知沒有信件，叫異議人到大直\n    郵局領取，但異議人在期限內到了大直郵局也沒有信件，所\n    以異議人未領到補繳通知單，並非故意不補繳，且未補繳40\n    元通行費要被裁罰3 千元亦不合比例原則，爰聲明異議，請\n    求撤銷原處分。\n四、經查：\n  (一)異議人名下之系爭車輛於受舉發當日確有上開未依規定繳費\n    之事實，為異議人所不爭執，嗣主管機關業於99年1 月12日\n    將高速公路通行費催繳通知單寄送至異議人位於臺北市○○\n    區○○里○○路805 巷22號2 樓之1 之戶籍地，惟未經會晤\n    本人，亦無受領文書之同居人，經寄存於臺北北安郵局，惟\n    異議人逾期未依規定繳納通行費之事實，為異議人所不爭執\n    ，並有交通部臺灣區○道○○○路局泰山收費站99年3 月5\n    日高泰業字第099000599 號函文、送達證書、異議人戶役政\n    查詢基本資料等件在卷可稽（見本院卷第9 、10、16頁），\n    異議人復自承其確有取得上開寄存送達之通知單，顯見其確\n    有居住在戶籍地址之事實，參照首揭說明，堪認上開寄存送\n    達已生送達效力，異議人逾期仍未繳納通行費，確有本案違\n    規事實無疑，合先敘明。\n  (二)又經本院就本件系爭補繳通行費通知單郵件之招領情事函詢\n    原舉發單位臺北市政府警察局中山分局大直派出所及受領寄\n    存通知單之台北北安郵局，大直派出所表示異議人之妻子曾\n    於99年4 月間至大直派出所詢問本案系爭通行費補繳通知單\n    郵件問題，但因郵件未寄存在警局，而係寄存在派出所，故\n    員警未作成紀錄，台北郵局則表示系爭郵件目前仍寄存在北\n    安郵局保管，無人領取，另異議人雖曾於99年2 月16日委請\n    他人到北安郵局領取另一件普通掛號信件，但當時代領人有\n    無詢及本案系爭郵件，承辦人已不復記憶等語，有臺北市政\n    府警察局中山分局99年5 月7 日北市警中分交字第09931905\n    70 0號函文、中華郵政股份有限公司臺北郵局99年4 月26日\n    北營字第0990013480號函文各1 份在卷可稽（見本院卷第14\n    、15頁），顯見異議人確未按期前往領取寄存之補繳通行費\n    通知單。至異議人雖稱其有持上開寄存送達之通知單到大直\n    派出所，經員警告知要到郵局領取後，其就到大直郵局領取\n    郵件，但還是未能領到等語，惟觀之上開交通部臺灣區○道\n    ○○○路局泰山收費站99年3 月5 日高泰業字第099000599\n    號函文所附之送達證書（見本院卷第10頁），其上所蓋之郵\n    局戳印已明確顯示受寄存送達之郵局為台北北安郵局，異議\n    人疏未注意此節，未至北安郵局領取，卻至大直郵局領取，\n    因而無法取得郵件，難認不可歸責於異議人，異議人復無其\n    他舉證證明其就此節並無過失，自不足為有利異議人之認定\n    ；至異議人另稱本案違規行為僅為未繳40元之通行費，卻要\n    受到3 千元之裁罰，不符比例原則云云。惟汽車行駛於應繳\n    費之公路不依規定繳費之違規行為，依道路交通管理處罰條\n    例第27條第1 項之法定罰鍰即為3 千元以上6 千元以下，業\n    如前述，原處分機關所裁罰之罰鍰金額，已係最低額之法定\n    罰鍰，於法並無違誤，亦難謂有不合比例原則之處，異議人\n    此部分主張亦屬無據，附予敘明。\n  (三)綜上，堪認本件異議人所有之系爭車輛於上開時間確有上開\n    違規無疑，異議人復未於應到案日期前將應歸責實際駕駛人\n    之資料陳報予原處分機關，原處分機關因而依道路交通管理\n    處罰條例第27條第1 項規定，對異議人裁處罰鍰3 千元，並\n    無不當，本件異議為無理由，應予駁回。\n據上論斷，應依道路交通案件處理辦法第19條，裁定如主文。"
  },
  "characters": {
    "judges": [
      "黃珮茹"
    ],
    "prosecutors": [

    ],
    "lawyers": [

    ],
    "clerks": [
      "張馨尹"
    ],
    "plaintiffs": [

    ],
    "defendants": [

    ],
    "prosecutor_office": [

    ],
    "creditors": [

    ],
    "debtors": [

    ],
    "judicial_associate_officer": [

    ]
  },
  "adjudged_at": "2010-05-12",
  "created_at": "2016-01-05 12:20:04",
  "updated_at": "2016-01-05 12:20:04"
}