{
  "identify": "SLD-99-補-393-20100512-1",
  "court": {
    "name": "臺灣士林地方法院",
    "code": "SLD"
  },
  "division": {
    "name": "民事",
    "code": "V"
  },
  "year": 99,
  "word": "補",
  "number": "393",
  "jcheck": "1",
  "reason": "排除侵害",
  "content": "臺灣士林地方法院民事裁定               99年度補字第393號\n原      告  乙○○\n被      告  惠東企業有限公司\n法定代理人  甲○○\n上列當事人間排除侵害事件，原告起訴未據繳納裁判費，查本件\n訴訟標的價額核定為新臺幣捌萬壹仟壹佰玖拾元【計算式：（17\n4,600 元＋637,300 元）×1/10（占用比例）＝81,190元】，應\n徵第一審裁判費新臺幣壹仟元。茲依民事訴訟法第249 條第1 項\n但書之規定，限原告於收受本裁定送達五日內補繳，逾期不繳，\n即駁回其訴，特此裁定。\n中    華    民    國    99    年    5     月    12    日\n                    民事第二庭  法  官  周群翔\n以上正本證明與原本無異。\n如對本裁定關於核定訴訟標的價額部分抗告，應於裁定送達後10\n日內向本院提出抗告狀；關於命補繳裁判費部分不得抗告。\n中    華    民    國    99    年    5     月    12    日\n                                書記官  阮弘毅",
  "structure": {
  },
  "characters": {
    "judges": [
      "周群翔"
    ],
    "prosecutors": [

    ],
    "lawyers": [

    ],
    "clerks": [

    ],
    "plaintiffs": [
      "乙○○"
    ],
    "defendants": [
      "惠東企業有限公司"
    ],
    "prosecutor_office": [

    ],
    "creditors": [

    ],
    "debtors": [

    ],
    "judicial_associate_officer": [

    ]
  },
  "adjudged_at": "2010-05-12",
  "created_at": "2016-01-05 12:21:15",
  "updated_at": "2016-01-05 12:21:15"
}