{
  "identify": "SLD-99-聲減-23-20100512-1",
  "court": {
    "name": "臺灣士林地方法院",
    "code": "SLD"
  },
  "division": {
    "name": "刑事",
    "code": "M"
  },
  "year": 99,
  "word": "聲減",
  "number": "23",
  "jcheck": "1",
  "reason": "聲請減刑",
  "content": "臺灣士林地方法院刑事裁定              99年度聲減字第23號\n聲  請  人  臺灣士林地方法院檢察署檢察官\n受  刑  人  甲○○\n上列受刑人因毀棄損壞等案件，已經判決罪刑確定，聲請人聲請\n減刑（99年聲減字第20號），本院裁定如下：\n    主  文\n甲○○所犯如附表編號1 所示之罪，減為有期徒刑貳月又拾伍日\n，如易科罰金，以銀元參佰元即新臺幣玖佰元折算壹日，與如附\n表編號2 所示之罪合併應執行有期徒刑肆月又拾伍日，如易科罰\n金，以銀元參佰元即新臺幣玖佰元折算壹日。\n    理  由\n一、查受刑人甲○○於附表所示日期犯如附表所示之罪，經本院\n    分別判處如附表所示之刑，均已確定在案。檢察官以其所犯\n    如附表編號1 所示之罪，合於減刑條件，聲請予以減刑，並\n    就附表編號1 、2 所示之罪（編號2 所示之罪已於原判決內\n    減刑），定其應執行之刑。\n二、按行為後法律有變更者，適用行為時之法律。但行為後之法\n    律有利於行為人者，適用最有利於行為人之法律，刑法第2\n    條第1 項定有明文。查被告為如附表編號1 、2 之行為後，\n    刑法業於95年7 月1 日修正施行，易科罰金部分，被告於犯\n    罪時之刑法第41條第1 項前段規定：「犯最重本刑為5 年以\n    下有期徒刑以下之刑之罪，而受6 個月以下有期徒刑或拘役\n    之宣告，因身體、教育、職業、家庭之關係或其他正當事由\n    ，執行顯有困難者，得以1 元以上3 元以下折算1 日，易科\n    罰金」；又被告行為時之易科罰金折算標準，修正前罰金罰\n    鍰提高標準條例第2 條前段（現已刪除）規定，就其原定數\n    額提高為100 倍折算1 日，則本件被告行為時之易科罰金折\n    算標準，應以銀元300 元折算1 日，經折算為新臺幣後，應\n    以新臺幣900 元折算為1 日。惟修正施行後之刑法第41條第\n    1 項前段則規定：「犯最重本刑為5 年以下有期徒刑以下之\n    刑之罪，而受6 個月以下有期徒刑或拘役之宣告者，得以新\n    臺幣1,000 元、2,000 元、3,000 元折算1 日，易科罰金」\n    ，比較修正前後之易科罰金折算標準，以修正公佈前之規定\n    ，較有利於受刑人。至數罪併罰部分，修正前刑法第51條第\n    5 款規定：「數罪併罰，分別宣告其罪之刑，依左列各款定\n    其應執行者：宣告多數有期徒刑者，於各刑中之最長期以上\n    ，各刑合併之刑期以下，定其刑期。但不得逾20年」，修正\n    後刑法第51條第5 款規定：「宣告多數有期徒刑者，於各刑\n    中之最長期以上，各刑合併之刑期以下，定其刑期。但不得\n    逾30年」，經比較結果，修正後刑法規定並非較有利於受刑\n    人，爰依修正前刑法第51條第5 款規定，就其所犯如附表編\n    號1 、2 所示之罪定其應執行之刑，併諭知其易科罰金之折\n    算標準。\n四、經核本件聲請尚無不合，應予准許。爰依中華民國九十六年\n    罪犯減刑條例第2 條第1 項第3 款、第8 條第1 項、第10條\n    第1 項，修正前刑法第51條第5 款、第41條第1 項前段，刪\n    除前罰金罰鍰提高標準條例第2 條，現行法規所定貨幣單位\n    折算新臺幣條例第2 條，裁定如主文。\n中    華    民    國    99    年    5     月    12    日\n                  刑事第五庭法  官  黃珮茹\n以上正本證明與原本無異。\n如不服本裁定應於送達後5日內向本院提出抗告狀。\n                            書記官  張馨尹\n中    華    民    國    99    年    5     月    12    日",
  "structure": {
    "main": "甲○○所犯如附表編號1 所示之罪，減為有期徒刑貳月又拾伍日\n，如易科罰金，以銀元參佰元即新臺幣玖佰元折算壹日，與如附\n表編號2 所示之罪合併應執行有期徒刑肆月又拾伍日，如易科罰\n金，以銀元參佰元即新臺幣玖佰元折算壹日。",
    "reason": "一、查受刑人甲○○於附表所示日期犯如附表所示之罪，經本院\n    分別判處如附表所示之刑，均已確定在案。檢察官以其所犯\n    如附表編號1 所示之罪，合於減刑條件，聲請予以減刑，並\n    就附表編號1 、2 所示之罪（編號2 所示之罪已於原判決內\n    減刑），定其應執行之刑。\n二、按行為後法律有變更者，適用行為時之法律。但行為後之法\n    律有利於行為人者，適用最有利於行為人之法律，刑法第2\n    條第1 項定有明文。查被告為如附表編號1 、2 之行為後，\n    刑法業於95年7 月1 日修正施行，易科罰金部分，被告於犯\n    罪時之刑法第41條第1 項前段規定：「犯最重本刑為5 年以\n    下有期徒刑以下之刑之罪，而受6 個月以下有期徒刑或拘役\n    之宣告，因身體、教育、職業、家庭之關係或其他正當事由\n    ，執行顯有困難者，得以1 元以上3 元以下折算1 日，易科\n    罰金」；又被告行為時之易科罰金折算標準，修正前罰金罰\n    鍰提高標準條例第2 條前段（現已刪除）規定，就其原定數\n    額提高為100 倍折算1 日，則本件被告行為時之易科罰金折\n    算標準，應以銀元300 元折算1 日，經折算為新臺幣後，應\n    以新臺幣900 元折算為1 日。惟修正施行後之刑法第41條第\n    1 項前段則規定：「犯最重本刑為5 年以下有期徒刑以下之\n    刑之罪，而受6 個月以下有期徒刑或拘役之宣告者，得以新\n    臺幣1,000 元、2,000 元、3,000 元折算1 日，易科罰金」\n    ，比較修正前後之易科罰金折算標準，以修正公佈前之規定\n    ，較有利於受刑人。至數罪併罰部分，修正前刑法第51條第\n    5 款規定：「數罪併罰，分別宣告其罪之刑，依左列各款定\n    其應執行者：宣告多數有期徒刑者，於各刑中之最長期以上\n    ，各刑合併之刑期以下，定其刑期。但不得逾20年」，修正\n    後刑法第51條第5 款規定：「宣告多數有期徒刑者，於各刑\n    中之最長期以上，各刑合併之刑期以下，定其刑期。但不得\n    逾30年」，經比較結果，修正後刑法規定並非較有利於受刑\n    人，爰依修正前刑法第51條第5 款規定，就其所犯如附表編\n    號1 、2 所示之罪定其應執行之刑，併諭知其易科罰金之折\n    算標準。\n四、經核本件聲請尚無不合，應予准許。爰依中華民國九十六年\n    罪犯減刑條例第2 條第1 項第3 款、第8 條第1 項、第10條\n    第1 項，修正前刑法第51條第5 款、第41條第1 項前段，刪\n    除前罰金罰鍰提高標準條例第2 條，現行法規所定貨幣單位\n    折算新臺幣條例第2 條，裁定如主文。"
  },
  "characters": {
    "judges": [
      "黃珮茹"
    ],
    "prosecutors": [

    ],
    "lawyers": [

    ],
    "clerks": [
      "張馨尹"
    ],
    "plaintiffs": [

    ],
    "defendants": [

    ],
    "prosecutor_office": [
      "臺灣士林地方法院檢察署檢察官"
    ],
    "creditors": [

    ],
    "debtors": [

    ],
    "judicial_associate_officer": [

    ]
  },
  "adjudged_at": "2010-05-12",
  "created_at": "2016-01-05 12:20:44",
  "updated_at": "2016-01-05 12:20:44"
}