{
  "identify": "SLD-99-除-181-20100512-1",
  "court": {
    "name": "臺灣士林地方法院",
    "code": "SLD"
  },
  "division": {
    "name": "民事",
    "code": "V"
  },
  "year": 99,
  "word": "除",
  "number": "181",
  "jcheck": "1",
  "reason": "除權判決",
  "content": "臺灣士林地方法院民事判決               99年度除字第181號\n聲  請  人  台灣安斯泰來製藥股份有限公司\n法定代理人  甲○○○\n訴訟代理人  乙○○\n聲請人聲請宣告證券無效事件，本院於民國99年4月28日言詞辯\n論終結，判決如下：\n    主  文\n如附表所示之證券無效。\n訴訟費用由聲請人負擔。\n    理  由\n一、上開證券，經本院以98年度催字第763號公示催告。\n二、所定申報權利期間，已於民國99年3 月24日屆滿，迄今無人\n    申報權利。\n三、依民事訴訟法第564條第1項判決如主文。\n中    華    民    國    99    年    5     月    12    日\n                  民事第二庭  法  官  王怡雯\n以上正本證明係照原本作成。\n本判決不得上訴。\n中    華    民    國    99    年    5     月    12    日\n                              書記官  桂大永\n┌───────────────────────────────────────────────────┐\n│支票附表：                                                                           98年度催字第763號│\n├─┬─────────┬─────────┬─────────┬─────────┬─────────┤\n│編│  發    票    人  │  付    款    人  │票   面   金   額 │支   票   號   碼 │發   票   日   期 │\n│號│                  │                  │    （新臺幣）    │                  │  ( 或 到 期 日)  │\n├─┼─────────┼─────────┼─────────┼─────────┼─────────┤\n│1 │陳士斌            │臺灣銀行股份有限公│23,400元          │AC0000000         │98年9月30日       │\n│  │                  │司北投分公司      │                  │                  │                  │\n└─┴─────────┴─────────┴─────────┴─────────┴─────────┘",
  "structure": {
    "main": "如附表所示之證券無效。\n訴訟費用由聲請人負擔。",
    "reason": "一、上開證券，經本院以98年度催字第763號公示催告。\n二、所定申報權利期間，已於民國99年3 月24日屆滿，迄今無人\n    申報權利。\n三、依民事訴訟法第564條第1項判決如主文。"
  },
  "characters": {
    "judges": [
      "王怡雯"
    ],
    "prosecutors": [

    ],
    "lawyers": [

    ],
    "clerks": [
      "桂大永"
    ],
    "plaintiffs": [

    ],
    "defendants": [

    ],
    "prosecutor_office": [
      "台灣安斯泰來製藥股份有限公司"
    ],
    "creditors": [

    ],
    "debtors": [

    ],
    "judicial_associate_officer": [

    ]
  },
  "adjudged_at": "2010-05-12",
  "created_at": "2016-01-05 12:21:05",
  "updated_at": "2016-01-05 12:21:05"
}