{
  "identify": "SLD-99-催-290-20100512-1",
  "court": {
    "name": "臺灣士林地方法院",
    "code": "SLD"
  },
  "division": {
    "name": "民事",
    "code": "V"
  },
  "year": 99,
  "word": "催",
  "number": "290",
  "jcheck": "1",
  "reason": "公示催告",
  "content": "臺灣士林地方法院民事裁定               99年度催字第290號\n聲  請  人  甲○○\n上列聲請人因遺失證券事件，聲請公示催告，本院裁定如下：\n    主  文\n一、准對於持有附表所載證券之人為公示催告。\n二、聲請人應於本裁定送達後二十日內將本公示催告登載公報、\n    新聞紙或其他相類之傳播工具一日。\n三、持有該證券之人，應於本公示催告最後登載公報、新聞紙或\n    其他相類之傳播工具之日起三個月內，向本院申報其權利並\n    提出該證券。\n四、如不為申報及提出證券，本院將宣告該證券為無效。\n中    華    民    國    99    年    5     月    12    日\n                      民事庭法  官  施月燿\n以上正本係照原本作成。\n中    華    民    國    99    年    5     月    12    日\n                            書記官  莊學志\n┌──────────────────────────────────────────────────┐\n│股票及其它證券附表：                                                               99年度催字第290號│\n├─┬───────────────┬──────────────┬────┬───┬────┬───┤\n│編│  發      行      公      司  │    股    票    號    碼    │種    類│張  數│股    數│備  考│\n│號│                              │                            │        │      │        │      │\n├─┼───────────────┼──────────────┼────┼───┼────┼───┤\n│1 │臺灣中小企業銀行股份有限公司  │0086ND0000000-0             │        │1張   │1000股  │      │\n├─┼───────────────┼──────────────┼────┼───┼────┼───┤\n│2 │臺灣中小企業銀行股份有限公司  │0086ND0000000-0             │        │1張   │1000股  │      │\n├─┼───────────────┼──────────────┼────┼───┼────┼───┤\n│3 │臺灣中小企業銀行股份有限公司  │0086ND0000000-0             │        │1張   │1000股  │      │\n└─┴───────────────┴──────────────┴────┴───┴────┴───┘",
  "structure": {
  },
  "characters": {
    "judges": [
      "施月燿"
    ],
    "prosecutors": [

    ],
    "lawyers": [

    ],
    "clerks": [
      "莊學志"
    ],
    "plaintiffs": [

    ],
    "defendants": [

    ],
    "prosecutor_office": [
      "甲"
    ],
    "creditors": [

    ],
    "debtors": [

    ],
    "judicial_associate_officer": [

    ]
  },
  "adjudged_at": "2010-05-12",
  "created_at": "2016-01-05 12:21:08",
  "updated_at": "2016-01-05 12:21:08"
}