{
  "identify": "SLD-99-審易-678-20100512-1",
  "court": {
    "name": "臺灣士林地方法院",
    "code": "SLD"
  },
  "division": {
    "name": "刑事",
    "code": "M"
  },
  "year": 99,
  "word": "審易",
  "number": "678",
  "jcheck": "1",
  "reason": "傷害",
  "content": "            臺灣士林地方法院刑事判決\n公  訴  人  臺灣士林地方法院檢察署檢察官\n被      告  乙○○\n            甲○○\n上列被告等因傷害案件，經檢察官提起公訴（99年度偵字第2539\n號），本院判決如下：\n    主  文\n本件公訴不受理。\n    理  由\n一、公訴意旨如附件起訴書所載。\n二、按告訴乃論之罪，告訴人於第一審辯論終結前得撤回其告訴\n    ，又告訴經撤回者，應諭知不受理之判決，刑事訴訟法第23\n    8 條第1項、第303 條第3 款分別定有明文。\n三、查本件告訴人甲○○告訴被告乙○○、告訴人乙○○告訴被\n    告甲○○傷害案件，起訴書認均係犯刑法第277 條第1 項之\n    普通傷害罪，依同法第287 條前段之規定，須告訴乃論。茲\n    據告訴人甲○○、乙○○均具狀撤回告訴，依照首開說明，\n    本件爰不經言詞辯論，逕為不受理之諭知。\n據上論斷，應依刑事訴訟法第303 條第3 款、第307 條，判決如\n主文。\n中    華    民    國    99    年    5     月    12    日\n                  臺灣士林地方法院刑事第一庭\n                          法  官  洪英花\n以上正本證明與原本無異。\n如不服本判決，應於收受送達後10日內向本院提出上訴書狀，其\n未敘述上訴之理由者並得於提起上訴後20日內向本院補提理由書\n（均須按他造當事人之人數附繕本）。\n                          書記官  趙彩彤\n中    華    民    國    99    年    5     月    12    日",
  "structure": {
    "main": "本件公訴不受理。",
    "reason": "一、公訴意旨如附件起訴書所載。\n二、按告訴乃論之罪，告訴人於第一審辯論終結前得撤回其告訴\n    ，又告訴經撤回者，應諭知不受理之判決，刑事訴訟法第23\n    8 條第1項、第303 條第3 款分別定有明文。\n三、查本件告訴人甲○○告訴被告乙○○、告訴人乙○○告訴被\n    告甲○○傷害案件，起訴書認均係犯刑法第277 條第1 項之\n    普通傷害罪，依同法第287 條前段之規定，須告訴乃論。茲\n    據告訴人甲○○、乙○○均具狀撤回告訴，依照首開說明，\n    本件爰不經言詞辯論，逕為不受理之諭知。\n據上論斷，應依刑事訴訟法第303 條第3 款、第307 條，判決如\n主文。"
  },
  "characters": {
    "judges": [
      "洪英花"
    ],
    "prosecutors": [

    ],
    "lawyers": [

    ],
    "clerks": [
      "趙彩彤"
    ],
    "plaintiffs": [

    ],
    "defendants": [
      "乙○○"
    ],
    "prosecutor_office": [
      "臺灣士林地方法院檢察署檢察官"
    ],
    "creditors": [

    ],
    "debtors": [

    ],
    "judicial_associate_officer": [

    ]
  },
  "adjudged_at": "2010-05-12",
  "created_at": "2016-01-05 12:20:00",
  "updated_at": "2016-01-05 12:20:00"
}