{
  "identify": "SLD-99-聲-710-20100512-1",
  "court": {
    "name": "臺灣士林地方法院",
    "code": "SLD"
  },
  "division": {
    "name": "刑事",
    "code": "M"
  },
  "year": 99,
  "word": "聲",
  "number": "710",
  "jcheck": "1",
  "reason": "聲請假釋期中交付保護管束",
  "content": "臺灣士林地方法院刑事裁定               99年度聲字第710號\n聲  請  人  臺灣士林地方法院檢察署檢察官\n受  刑  人  甲○○\n上列受刑人因違反槍砲彈藥刀械管制條例案件，經聲請人聲請付\n保護管束（99年度執聲字第491號），本院裁定如下：\n    主  文\n甲○○假釋中付保護管束。\n    理  由\n一、聲請意旨略以：受刑人甲○○因違反槍砲彈藥刀械管制條例\n    案件，經鈞院於民國97年4月29日判決處有期徒刑3年6月，\n    於97年8月8日送監執行，嗣受刑人經法務部於99年5月5日核\n    准假釋在案，依刑法第93條第2項之規定假釋出獄者，在假\n    釋中付保護管束，爰依刑事訴訟法第481條第1項聲請裁定等\n    語。\n二、查本件受刑人甲○○因違反槍砲彈藥刀械管制條例案件，經\n    本院以97年度訴字第166號判決處有期徒刑3年6月，併科罰\n    金新臺幣（下同）10萬元，受刑人上訴臺灣高等法院後於審\n    理中撤回上訴，於97年6月25日確定，於97年8月8日移送執\n    行。嗣受刑人業經法務部於99年5月5日以法矯字第09990171\n    29號核准假釋，刑期終結日期為100年4月17日，依行刑累進\n    處遇條例縮刑日數為36日，縮短刑期後刑期終結日期為100\n    年3月12日，此有臺灣高等法院97年度上訴字第2943號判決\n    、臺灣高等法院被告前案紀錄表、法務部矯正司99年5月5日\n    法矯司字第0990905905號函及所附臺灣屏東監獄假釋出獄人\n    交付保護管束名冊各1份附卷可稽。聲請人以本院係犯罪事\n    實最後裁判之法院，聲請裁定受刑人於假釋中付保護管束，\n    核無不合，應予准許。\n三、據上論斷，依刑事訴訟法第481條第1項，刑法第96條但書、\n    第93條第2項，裁定如主文。\n中    華    民    國    99    年    5     月    12    日\n                  刑事第三庭法  官  謝佳純\n以上正本證明與原本無異。\n如不服本裁定應於裁定送達後 5日內向本院提出抗告狀。\n                            書記官  阮弘毅\n中    華    民    國    99    年    5     月    12    日",
  "structure": {
    "main": "甲○○假釋中付保護管束。",
    "reason": "一、聲請意旨略以：受刑人甲○○因違反槍砲彈藥刀械管制條例\n    案件，經鈞院於民國97年4月29日判決處有期徒刑3年6月，\n    於97年8月8日送監執行，嗣受刑人經法務部於99年5月5日核\n    准假釋在案，依刑法第93條第2項之規定假釋出獄者，在假\n    釋中付保護管束，爰依刑事訴訟法第481條第1項聲請裁定等\n    語。\n二、查本件受刑人甲○○因違反槍砲彈藥刀械管制條例案件，經\n    本院以97年度訴字第166號判決處有期徒刑3年6月，併科罰\n    金新臺幣（下同）10萬元，受刑人上訴臺灣高等法院後於審\n    理中撤回上訴，於97年6月25日確定，於97年8月8日移送執\n    行。嗣受刑人業經法務部於99年5月5日以法矯字第09990171\n    29號核准假釋，刑期終結日期為100年4月17日，依行刑累進\n    處遇條例縮刑日數為36日，縮短刑期後刑期終結日期為100\n    年3月12日，此有臺灣高等法院97年度上訴字第2943號判決\n    、臺灣高等法院被告前案紀錄表、法務部矯正司99年5月5日\n    法矯司字第0990905905號函及所附臺灣屏東監獄假釋出獄人\n    交付保護管束名冊各1份附卷可稽。聲請人以本院係犯罪事\n    實最後裁判之法院，聲請裁定受刑人於假釋中付保護管束，\n    核無不合，應予准許。\n三、據上論斷，依刑事訴訟法第481條第1項，刑法第96條但書、\n    第93條第2項，裁定如主文。"
  },
  "characters": {
    "judges": [
      "謝佳純"
    ],
    "prosecutors": [

    ],
    "lawyers": [

    ],
    "clerks": [
      "阮弘毅"
    ],
    "plaintiffs": [

    ],
    "defendants": [

    ],
    "prosecutor_office": [
      "臺灣士林地方法院檢察署檢察官"
    ],
    "creditors": [

    ],
    "debtors": [

    ],
    "judicial_associate_officer": [

    ]
  },
  "adjudged_at": "2010-05-12",
  "created_at": "2016-01-05 12:20:49",
  "updated_at": "2016-01-05 12:20:49"
}