{
  "identify": "SLD-98-司財管-83-20100512-1",
  "court": {
    "name": "臺灣士林地方法院",
    "code": "SLD"
  },
  "division": {
    "name": "民事",
    "code": "V"
  },
  "year": 98,
  "word": "司財管",
  "number": "83",
  "jcheck": "1",
  "reason": "選任遺產管理人",
  "content": "臺灣士林地方法院民事裁定            98年度司財管字第83號\n聲  請  人  財政部臺北市國稅局\n法定代理人  丙○○\n代  理  人  丁○○\n聲請人聲請選任被繼承人乙○○之遺產管理人事件，本院裁定如\n下：\n    主  文\n選任戊○○（女，民國○○年○月○日生，身份證統一編號：\nＺ000000000號）為被繼承人乙○○（男，民國○○年○○月○○日生，\n身分證統一編號：Ｚ000000000號，生前籍設臺北市○○區○○路\n2 段108 號，民國95年5 月29日死亡）之遺產管理人。\n准對被繼承人乙○○之大陸地區以外之繼承人為承認繼承之公示\n催告。\n被繼承人乙○○之大陸地區以外之繼承人，應自前項公示催告最\n後登載新聞紙之日起壹年貳月內承認繼承。上述期限屆滿，無繼\n承人承認繼承時，被繼承人乙○○之遺產，於清償債權並交付遺\n贈物後，如有賸餘即歸屬國庫。\n程序費用由被繼承人乙○○之遺產負擔。\n    理  由\n一、按繼承開始時，繼承人之有無不明，而無親屬會議或親屬會\n    議未於1 個月內選定遺產管理人者，利害關係人得聲請法院\n    選任遺產管理人，並由法院依公示催告程序，定6 個月以上\n    之期限，公告繼承人，命其於期限內承認繼承，民法第1177\n    條、第1178條第1 項、第2 項定有明文。\n二、本件聲請意旨略以：被繼承人乙○○生前居住於臺北市○○\n    區○○路2 段108 號，已於民國95年5 月29日死亡。因被繼\n    承人尚欠繳94年綜合所得稅新臺幣（下同）8,674 元尚未繳\n    納，而其遺有七筆投資，惟因被繼承人之繼承人皆已拋棄繼\n    承，亦未經親屬會議選定被繼承人之遺產管理人，致稅捐無\n    法徵起，為保障稅捐計，爰依民法第1178條及非訟事件法第\n    149 條規定，聲請選任被繼承人乙○○之遺產管理人等語，\n    並提出綜合所得稅稅欠稅查詢情形表、繼承系統表、戶籍謄\n    本、除戶戶籍謄本、財政部台北市國稅局財產歸屬資料清單\n    等件為證。\n三、經查，被繼承人乙○○確於95年5 月29日死亡，其繼承人均\n    已拋棄繼承，且被繼承人乙○○之親屬亦未依上開期限選定\n    遺產管理人，此業據聲請人提出查詢影本為證，並經本院依\n    職權調閱95繼字第810 、823 、1089、1329、1330號拋棄繼\n    承全案卷核閱無訛，堪信聲請人之主張為真實。聲請人為稅\n    捐徵收機關，自有法律上之利害關係，故本件聲請人聲請選\n    任被繼承人之遺產管理人以其權益，洵屬有據。\n四、次查，被繼承人乙○○之內、外祖父母林深錫、林陳森、陳\n    金生及陳許招皆已死亡，而其現存之子女甲○○、林建宏、\n    林盟傑、孫子女康筠芳、康建忠、父林日東、母林陳雹、兄\n    弟姊妹林淑鳳、林素雲、林素嬌及配偶戊○○皆已向法院聲\n    明拋棄繼承，並經法院准予備查在案。本院審酌戊○○為被\n    繼承人之配偶，其雖已聲明拋棄繼承，惟考量其與被繼承人\n    生前同住，與被繼承人之關係較他人為親密，對被繼承人生\n    前財產及其債權、債務關係自較旁人清楚，就被繼承人之財\n    產管理較為方便，且經詢問其意見，亦稱同意擔任（見本院\n    99 年3月22日非訟事件筆錄）。是本院認應選任戊○○為被\n    繼承人乙○○之遺產管理人，爰裁定如主文第1 項所示，並\n    依法為承認繼承之公示催告。\n五、依非訟事件法第157條規定，裁定如主文。\n六、如不服本裁定，應於裁定送達後10日內，以書狀向本院提出\n    抗告狀，並繳納抗告費新臺幣1,000 元。\n中    華    民    國    99    年    5     月    12    日\n                  家事庭司法事務官",
  "structure": {
    "main": "選任戊○○（女，民國○○年○月○日生，身份證統一編號：\nＺ000000000號）為被繼承人乙○○（男，民國○○年○○月○○日生，\n身分證統一編號：Ｚ000000000號，生前籍設臺北市○○區○○路\n2 段108 號，民國95年5 月29日死亡）之遺產管理人。\n准對被繼承人乙○○之大陸地區以外之繼承人為承認繼承之公示\n催告。\n被繼承人乙○○之大陸地區以外之繼承人，應自前項公示催告最\n後登載新聞紙之日起壹年貳月內承認繼承。上述期限屆滿，無繼\n承人承認繼承時，被繼承人乙○○之遺產，於清償債權並交付遺\n贈物後，如有賸餘即歸屬國庫。\n程序費用由被繼承人乙○○之遺產負擔。",
    "reason": "一、按繼承開始時，繼承人之有無不明，而無親屬會議或親屬會\n    議未於1 個月內選定遺產管理人者，利害關係人得聲請法院\n    選任遺產管理人，並由法院依公示催告程序，定6 個月以上\n    之期限，公告繼承人，命其於期限內承認繼承，民法第1177\n    條、第1178條第1 項、第2 項定有明文。\n二、本件聲請意旨略以：被繼承人乙○○生前居住於臺北市○○\n    區○○路2 段108 號，已於民國95年5 月29日死亡。因被繼\n    承人尚欠繳94年綜合所得稅新臺幣（下同）8,674 元尚未繳\n    納，而其遺有七筆投資，惟因被繼承人之繼承人皆已拋棄繼\n    承，亦未經親屬會議選定被繼承人之遺產管理人，致稅捐無\n    法徵起，為保障稅捐計，爰依民法第1178條及非訟事件法第\n    149 條規定，聲請選任被繼承人乙○○之遺產管理人等語，\n    並提出綜合所得稅稅欠稅查詢情形表、繼承系統表、戶籍謄\n    本、除戶戶籍謄本、財政部台北市國稅局財產歸屬資料清單\n    等件為證。\n三、經查，被繼承人乙○○確於95年5 月29日死亡，其繼承人均\n    已拋棄繼承，且被繼承人乙○○之親屬亦未依上開期限選定\n    遺產管理人，此業據聲請人提出查詢影本為證，並經本院依\n    職權調閱95繼字第810 、823 、1089、1329、1330號拋棄繼\n    承全案卷核閱無訛，堪信聲請人之主張為真實。聲請人為稅\n    捐徵收機關，自有法律上之利害關係，故本件聲請人聲請選\n    任被繼承人之遺產管理人以其權益，洵屬有據。\n四、次查，被繼承人乙○○之內、外祖父母林深錫、林陳森、陳\n    金生及陳許招皆已死亡，而其現存之子女甲○○、林建宏、\n    林盟傑、孫子女康筠芳、康建忠、父林日東、母林陳雹、兄\n    弟姊妹林淑鳳、林素雲、林素嬌及配偶戊○○皆已向法院聲\n    明拋棄繼承，並經法院准予備查在案。本院審酌戊○○為被\n    繼承人之配偶，其雖已聲明拋棄繼承，惟考量其與被繼承人\n    生前同住，與被繼承人之關係較他人為親密，對被繼承人生\n    前財產及其債權、債務關係自較旁人清楚，就被繼承人之財\n    產管理較為方便，且經詢問其意見，亦稱同意擔任（見本院\n    99 年3月22日非訟事件筆錄）。是本院認應選任戊○○為被\n    繼承人乙○○之遺產管理人，爰裁定如主文第1 項所示，並\n    依法為承認繼承之公示催告。\n五、依非訟事件法第157條規定，裁定如主文。\n六、如不服本裁定，應於裁定送達後10日內，以書狀向本院提出\n    抗告狀，並繳納抗告費新臺幣1,000 元。"
  },
  "characters": {
    "judges": [

    ],
    "prosecutors": [

    ],
    "lawyers": [

    ],
    "clerks": [

    ],
    "plaintiffs": [

    ],
    "defendants": [

    ],
    "prosecutor_office": [
      "財政部臺北市國稅局"
    ],
    "creditors": [

    ],
    "debtors": [

    ],
    "judicial_associate_officer": [

    ]
  },
  "adjudged_at": "2010-05-12",
  "created_at": "2016-01-05 12:22:12",
  "updated_at": "2016-01-05 12:22:12"
}