{
  "identify": "SLD-97-執消債更-16-20100512-3",
  "court": {
    "name": "臺灣士林地方法院",
    "code": "SLD"
  },
  "division": {
    "name": "民事",
    "code": "V"
  },
  "year": 97,
  "word": "執消債更",
  "number": "16",
  "jcheck": "3",
  "reason": "更生事件",
  "content": "臺灣士林地方法院民事裁定          97年度執消債更字第16號\n債  務  人  甲○○\n代  理  人  蔡富強律師\n上列當事人聲請更生事件，本院裁定如下：\n    主  文\n債務人所提如附件一所示之更生方案應予認可，並自本裁定確定\n之次月起，每期於每月三十日給付。另於每年三月三十日增加還\n款金額新臺幣捌萬伍仟元、每年十一月三十日增加還款金額新臺\n幣陸萬元，並於更生方案第二期增加還款金額新臺幣貳拾壹萬元\n。\n債務人在未依更生條件全部履行完畢前，應受如附件二所示之生\n活限制。\n    理  由\n一、按債務人有薪資、執行業務所得或其他固定收入，法院認更\n    生方案之條件公允者，得不經債權人會議可決，逕依債務人\n    之聲請或依職權以裁定認可更生方案；法院為認可之裁定時\n    ，因更生方案履行之必要，對於債務人在未依更生條件全部\n    履行完畢前之生活程度，得為相當之限制，消費者債務清理\n    條例（下稱消債條例）第64條第1 項、第62條第2 項分別定\n    有明文。\n二、經查，債務人聲請更生，前經本院以民國97年消債更字第12\n    2 號裁定開始更生程序在案，有上開裁定一份（見本院卷一\n    第5 頁），在卷可參。又債務人確有薪資、執行業務所得或\n    其他固定收入等情，亦有財政部臺灣省北區國稅局97年綜合\n    所得稅各類所得資料清單及薪資單（見本院卷一第172 頁、\n    卷二第24至41頁）在卷足憑。再觀諸債務人所提如附件一所\n    示之更生方案，其條件為第1 期至第19期，每期清償債務金\n    額新臺幣（下同）2 萬2,216 元、第20期至96期，每期清償\n    債務金額為2 萬5,216 元，另於每年3 月30日另增加清償金\n    額8 萬5,000 元、11月30日另增加還款金額6 萬元，並於履\n    行更生第2 期另增加還款金額21萬元，還款期限為8 年，總\n    清償金額為373 萬3,736 元，無擔保及無優先權債權人受清\n    償比例為81.28 ％。經本院審酌下列情事，認其條件核屬公\n    允、適當、可行：\n  (一)本件無擔保及無優先權債權人受償總額為373 萬3,736 元，\n    高於債務人聲請前二年間可處分所得扣除必要生活費用及扶\n    養費（計算式：0000000 00000000 ＝523962＜0000000)。\n    再參諸債務人於本院裁定開始更生時，除薪資收入外，僅有\n    1989年及1992年出廠之裕隆汽車兩輛，變現價值不高，從而\n    ，本件無擔保及無優先權債權人之受償金額顯高於法院裁定\n    開始更生程序時，依清算程序可得受償之總額。\n  (二)債務人每月領取固定薪資為7 萬1,400 元及非固定加班費約\n    1 萬656 元（以98年度加班費平均計算），共計8 萬2,056\n    元，扣除每月清償金額2 萬2,216 元後，雖剩餘5 萬9,840\n    元，惟其每月扣除其任職單位所提撥之公保保費981 元、健\n    保費3,648 元、退撫基金2,393 元及行政執行費3,000 元後\n    ，剩餘4 萬9,818元。\n  (三)又目前與債務人共同居住者有債務人之配偶及四名未成年子\n    女。夫妻雖應共同負擔扶養費用及家庭生活費用，惟查債務\n    人家中有5 歲及1 歲之幼兒需全天候照顧，若令債務人之配\n    偶外出工作，則勢必另外支出褓母費或托嬰費，是債務人陳\n    報其配偶在家照顧幼兒而由其支應全家之生活支出及扶養費\n    ，並無不合。從而，債務人居住於臺北縣，以99年度每人每\n    月最低生活標準1 萬792 元、扶養免稅額6,833 元計算，債\n    務人每月需支出4 萬8,916 元（計算式：10792 ×2+6833\n    ×4 ＝48916 ）。是以債務人每月生活支出加計扶養費，顯\n    未逾一般人之生活程度。\n  (四)再者，債務人雖每年領有年終獎金及三節獎金，惟獎金並非\n    固定收入，其仍願意於每年3 月及11月提列8 萬5,000 元及\n    6 萬元之獎金收入用以履行更生方案，且另於行政執行費繳\n    納完畢後每月增加3,000 元之還款金額，並同意將任職單位\n    扣得之薪資21萬元用以清償更生債權，足徵其已為更生方案\n    盡最大之努力而屬合理。\n三、綜上，債務人所提如附件一所示更生方案核屬公允、適當、\n    可行，復無消債條例第63條、第64條第2 項所定不應認可之\n    消極事由存在，故不經債權人會議可決，予以認可該更生方\n    案。又依上開規定，就債務人在未依更生條件全部履行完畢\n    前之生活程度，裁定為如附件二所示之限制，爰裁定如主文\n    。\n四、如不服本裁定，應於裁定送達後10日內，以書狀向本院司法\n    事務官提出異議。\n中    華    民    國    99    年    5     月    12    日\n                  民  事  庭  司法事務官\n附件一：更生方案\n~T30X0L2;\n┌───────────────────────────────────────────┐\n│壹、更生方案內容                                                                      │\n├───────────────────────────────────────────┤\n│1.認可裁定確定之次月起，每1月為1期，共96期。                                          │\n│2.每期在每月30日給付，第1 至19期每期清償新臺幣（下同）2 萬2,216 元，債權人分配金額如下│\n│  貳每期可分配金額(1)欄位所示。第20期至96期每期清償金額2 萬5,216 元，債權人分配金額如下│\n│  貳每期可分配金額(2)欄位所示。每年3 月30日增加清償金額8 萬5,000 元，債權人分配金額如下│\n│  貳每年可分配金額(3)欄位所示。每年11月30日增加清償金額6 萬元，債權人分配金額如下貳每年│\n│  可分配金額(4)欄位所示。第2 期另增加清償金額21萬元，債權人分配金額如下貳可分配金額(5)欄│\n│  位所示。                                                                            │\n│4.債務總金額：459 萬3,907元（依本院97年10月15日公告確定之債權表債權數額計算）         │\n│5.清償總金額：373 萬3,736元                                                           │\n│6.總清償比例：81.28﹪                                                                 │\n│7.清償金額（1）42萬2,104元   清償比例（1）：9.19﹪                                    │\n│8.清償金額（2）194萬1,632元  清償比例（2）：42.27﹪                                   │\n│9.清償金額（3）68萬元        清償比例（3）：14.8%                                     │\n│10.清償金額（4）48萬元       清償比例（4）：10.45%                                    │\n│11.清償金額（5）21萬元       清償比例（5）：4.57%                                     │\n│                                                                                      │\n├───────────────────────────────────────────┤\n│貳、更生清償分配表單位：新臺幣元                                                      │\n├──┬───────┬─────┬────┬─────┬─────┬────┬────┤\n│編號│  債 權 人    │債權金額  │每期可分│每期可分配│每年可分配│每年可分│可分配金│\n│    │              │          │配金額(1)│金額(2)    │金額(3)    │配金額(4)│額(5)    │\n├──┼───────┼─────┼────┼─────┼─────┼────┼────┤\n│ 1  │台北富邦銀行  │296814    │ 1435   │  1629    │ 5493     │ 3876   │ 13571  │\n├──┼───────┼─────┼────┼─────┼─────┼────┼────┤\n│ 2  │荷蘭銀行      │0000000   │ 5400   │  6128    │ 20656    │ 14583  │ 51028  │\n├──┼───────┼─────┼────┼─────┼─────┼────┼────┤\n│ 3  │陽信銀行      │660519    │ 3194   │  3626    │ 12222    │ 8627   │ 30194  │\n├──┼───────┼─────┼────┼─────┼─────┼────┼────┤\n│ 4  │玉山銀行      │216586    │ 1047   │  1189    │ 4009     │ 2828   │ 9906   │\n├──┼───────┼─────┼────┼─────┼─────┼────┼────┤\n│ 5  │萬泰銀行      │417540    │ 2019   │  2292    │ 7726     │ 5453   │ 19090  │\n├──┼───────┼─────┼────┼─────┼─────┼────┼────┤\n│ 6  │台新銀行      │666486    │ 3223   │  3658    │ 12330    │ 8705   │ 30465  │\n├──┼───────┼─────┼────┼─────┼─────┼────┼────┤\n│ 7  │永豐銀行      │68518     │ 331    │  376     │ 1270     │ 894    │ 3138   │\n├──┼───────┼─────┼────┼─────┼─────┼────┼────┤\n│ 8  │乙○○        │0000000   │ 5567   │  6318    │ 21294    │ 15034  │ 52608  │\n├──┼───────┼─────┼────┼─────┼─────┼────┼────┤\n│    │合     計     │0000000   │ 22216  │  25216   │ 85000    │ 60000  │ 210000 │\n├──┴───────┴─────┴────┴─────┴─────┴────┴────┤\n│參、補充說明                                                                          │\n│一、總清償比例計算至百分比之小數點後第三位四捨五入至第二位。                          │\n│二、清償比例（1）至（5）計算至百分比之小數點後第三位四捨五入至第二位。                │\n│三、每期可分配金額（1）＝債權金額×清償比例（1）÷19期（元以下四捨五入）。            │\n│四、每期可分配金額（2）＝債權金額×清償比例（2）÷77期（元以下四捨五入）。            │\n│五、每年可分配金額（3）＝債權金額×清償比例（3）÷8年（元以下四捨五入）。             │\n│六、每年可分配金額（4）＝債權金額×清償比例（4）÷8年（元以下四捨五入）。             │\n│七、可分配金額（5）＝債權金額×清償比例（5）（元以下四捨五入）。                      │\n│八、債務人於履行更生方案前，應自行向各債權人詢問還款方式，並依期履行。                │\n│九、更生方案如一期未履行，視為全部到期。                                              │\n│十、有不可歸責於己之事由發生，致債務人遲延給付，應許延緩一期給付，但履行期應順延一期。│\n└───────────────────────────────────────────┘\n附件二：更生及清算債務人之生活限制\n┌─────────────────────────────────────┐\n│准許更生之債務人，未依更生條件完全履行完畢前，應受下列之生活限制：        │\n├─────────────────────────────────────┤\n│一、不得為奢靡浪費之消費活動。                                            │\n├─────────────────────────────────────┤\n│二、不得為賭博或為其他投機行為。                                          │\n├─────────────────────────────────────┤\n│三、不得為不動產之處分或受讓。                                            │\n├─────────────────────────────────────┤\n│四、不得為金錢借貸之行為。                                                │\n├─────────────────────────────────────┤\n│五、不得搭乘計程車、高鐵及航空器，但因公務所需且由公費支付者，不在此限。  │\n├─────────────────────────────────────┤\n│六、不得從事國外遊學或出國旅遊等消費行為。                                │\n├─────────────────────────────────────┤\n│七、不得投資金融商品（例如股票、基金等）。                                │\n├─────────────────────────────────────┤\n│八、不得從事逾越通常生活程度之贈與。                                      │\n├─────────────────────────────────────┤\n│九、每月應製作收入支出帳目。                                              │\n└─────────────────────────────────────┘\n~T64X4L25;",
  "structure": {
    "main": "債務人所提如附件一所示之更生方案應予認可，並自本裁定確定\n之次月起，每期於每月三十日給付。另於每年三月三十日增加還\n款金額新臺幣捌萬伍仟元、每年十一月三十日增加還款金額新臺\n幣陸萬元，並於更生方案第二期增加還款金額新臺幣貳拾壹萬元\n。\n債務人在未依更生條件全部履行完畢前，應受如附件二所示之生\n活限制。",
    "reason": "一、按債務人有薪資、執行業務所得或其他固定收入，法院認更\n    生方案之條件公允者，得不經債權人會議可決，逕依債務人\n    之聲請或依職權以裁定認可更生方案；法院為認可之裁定時\n    ，因更生方案履行之必要，對於債務人在未依更生條件全部\n    履行完畢前之生活程度，得為相當之限制，消費者債務清理\n    條例（下稱消債條例）第64條第1 項、第62條第2 項分別定\n    有明文。\n二、經查，債務人聲請更生，前經本院以民國97年消債更字第12\n    2 號裁定開始更生程序在案，有上開裁定一份（見本院卷一\n    第5 頁），在卷可參。又債務人確有薪資、執行業務所得或\n    其他固定收入等情，亦有財政部臺灣省北區國稅局97年綜合\n    所得稅各類所得資料清單及薪資單（見本院卷一第172 頁、\n    卷二第24至41頁）在卷足憑。再觀諸債務人所提如附件一所\n    示之更生方案，其條件為第1 期至第19期，每期清償債務金\n    額新臺幣（下同）2 萬2,216 元、第20期至96期，每期清償\n    債務金額為2 萬5,216 元，另於每年3 月30日另增加清償金\n    額8 萬5,000 元、11月30日另增加還款金額6 萬元，並於履\n    行更生第2 期另增加還款金額21萬元，還款期限為8 年，總\n    清償金額為373 萬3,736 元，無擔保及無優先權債權人受清\n    償比例為81.28 ％。經本院審酌下列情事，認其條件核屬公\n    允、適當、可行：\n  (一)本件無擔保及無優先權債權人受償總額為373 萬3,736 元，\n    高於債務人聲請前二年間可處分所得扣除必要生活費用及扶\n    養費（計算式：0000000 00000000 ＝523962＜0000000)。\n    再參諸債務人於本院裁定開始更生時，除薪資收入外，僅有\n    1989年及1992年出廠之裕隆汽車兩輛，變現價值不高，從而\n    ，本件無擔保及無優先權債權人之受償金額顯高於法院裁定\n    開始更生程序時，依清算程序可得受償之總額。\n  (二)債務人每月領取固定薪資為7 萬1,400 元及非固定加班費約\n    1 萬656 元（以98年度加班費平均計算），共計8 萬2,056\n    元，扣除每月清償金額2 萬2,216 元後，雖剩餘5 萬9,840\n    元，惟其每月扣除其任職單位所提撥之公保保費981 元、健\n    保費3,648 元、退撫基金2,393 元及行政執行費3,000 元後\n    ，剩餘4 萬9,818元。\n  (三)又目前與債務人共同居住者有債務人之配偶及四名未成年子\n    女。夫妻雖應共同負擔扶養費用及家庭生活費用，惟查債務\n    人家中有5 歲及1 歲之幼兒需全天候照顧，若令債務人之配\n    偶外出工作，則勢必另外支出褓母費或托嬰費，是債務人陳\n    報其配偶在家照顧幼兒而由其支應全家之生活支出及扶養費\n    ，並無不合。從而，債務人居住於臺北縣，以99年度每人每\n    月最低生活標準1 萬792 元、扶養免稅額6,833 元計算，債\n    務人每月需支出4 萬8,916 元（計算式：10792 ×2+6833\n    ×4 ＝48916 ）。是以債務人每月生活支出加計扶養費，顯\n    未逾一般人之生活程度。\n  (四)再者，債務人雖每年領有年終獎金及三節獎金，惟獎金並非\n    固定收入，其仍願意於每年3 月及11月提列8 萬5,000 元及\n    6 萬元之獎金收入用以履行更生方案，且另於行政執行費繳\n    納完畢後每月增加3,000 元之還款金額，並同意將任職單位\n    扣得之薪資21萬元用以清償更生債權，足徵其已為更生方案\n    盡最大之努力而屬合理。\n三、綜上，債務人所提如附件一所示更生方案核屬公允、適當、\n    可行，復無消債條例第63條、第64條第2 項所定不應認可之\n    消極事由存在，故不經債權人會議可決，予以認可該更生方\n    案。又依上開規定，就債務人在未依更生條件全部履行完畢\n    前之生活程度，裁定為如附件二所示之限制，爰裁定如主文\n    。\n四、如不服本裁定，應於裁定送達後10日內，以書狀向本院司法\n    事務官提出異議。"
  },
  "characters": {
    "judges": [

    ],
    "prosecutors": [

    ],
    "lawyers": [
      "蔡富強"
    ],
    "clerks": [

    ],
    "plaintiffs": [

    ],
    "defendants": [

    ],
    "prosecutor_office": [

    ],
    "creditors": [

    ],
    "debtors": [
      "甲"
    ],
    "judicial_associate_officer": [
      "附件一"
    ]
  },
  "adjudged_at": "2010-05-12",
  "created_at": "2016-01-05 12:21:21",
  "updated_at": "2016-01-05 12:21:21"
}