{
  "identify": "TCB-99-訴-76-20100512-1",
  "court": {
    "name": "臺中高等行政法院",
    "code": "TCB"
  },
  "division": {
    "name": "行政",
    "code": "A"
  },
  "year": 99,
  "word": "訴",
  "number": "76",
  "jcheck": "1",
  "reason": "採取土石",
  "content": "臺中高等行政法院判決\n                                    99年度訴字第76號\n                                    99年5月6日辯論終結\n原      告  甲○○\n訴訟代理人  彭巧君  律師\n被      告  苗栗縣政府\n代  表  人  乙○○\n訴訟代理人  丙○○\n上列當事人間因採取土石事件，原告不服經濟部中華民國98年12\n月22日經訴字第09806122960號訴願決定，提起行政訴訟。本院\n判決如下︰\n    主  文\n原告之訴駁回。\n訴訟費用由原告負擔。\n    事實及理由\n一、事實概要：緣案外人林木春於民國（下同）98年4月15日與\n    原告簽訂「整地協議書」，將其所有坐落於苗栗縣苑裡鎮○\n    ○段89及89 -1地號等二筆土地委由原告進行整地並構築二\n    條混凝土製田埂，嗣經被告所屬苗栗縣警察局通霄分局員警\n    於98年5月13日上午9時40分許當場查獲，並於現場查獲挖土\n    機（型號均為PC-300）二部、聯結車一部（車號為887-QS，\n    車上正載運土石準備外運），並據被告派員會同勘查，確認\n    現場開挖範圍（長約32公尺、寬約18公尺、深平均約2公尺\n    ）及採取土石量（約1152立方公尺）等違規事實後，核認原\n    告與案外人林木春有未經申請許可，即擅自共同採取土石之\n    情事，乃依土石採取法第36條規定，分別以98年6月30日府\n    建石字第098 0108693號違反土石採取法處分書，各處原告\n    及案外人林木春罰鍰新臺幣（下同）100萬元，並限於98年7\n    月20日以前辦理整復及清除其設施，且禁止繼續採取土石，\n    並不得將已採取之土石外運之處分。原告不服，提起訴願亦\n    遭駁回，遂提起本件行政訴訟。\n二、本件原告主張：系爭土地係屬農地重劃分配之土地，因其地\n    勢較灌溉渠道高，致無法引水灌溉，嗣被告於98年2月27日\n    召開「苑裡鎮泰田農地重劃區整地及剩餘土石方等相關事宜\n    協調會」，該會議結論為「本案開挖整地以進水口高度以下\n    約30公分為原則」；是案外人林木春遂依前揭會議結論委託\n    原告進行整地，而系爭土地經委託九江測量有限公司測量整\n    地後，系爭土地與灌溉渠道之高程相當（約為86.76公尺）\n    ，是原告僅為單純整地行為。又原告有無違反該30公分之結\n    論，實為應調查事項，被告所為認定實屬無據等情。並聲明\n    求為判決撤銷訴願決定及原處分。\n三、被告則以：(一)本案經被告派員會同苗栗縣警察局通霄分局於\n    98年5月13日至現場勘查，發現該系爭土地有開挖土石之情\n    形，現場開挖範圍經丈量長約32公尺、寬約18公尺、深平均\n    約2公尺（坑洞已被回填廢土，經現場指示挖土機隨機開挖\n    二處，其開挖深度約2公尺），開挖土石數量約1,152立方公\n    尺，此為原告所不爭，而原有之地形地貌均已遭破壞，原告\n    藉整地之名行開挖土石之實，已至為明顯。次查，原告主張\n    繫案土地與灌溉渠道之高程相當(約86.76公尺)，僅為單純\n    整地云云，本案經簽會被告地政處重劃科提供系爭地點土地\n    高程標示及四角落給排水溝渠渠底高程，經查該2筆地號之\n    高程介於84.75~84.94，四角落給排水溝渠渠底之高程介於\n    84. 20~84.80，簡言之亦說明，系爭土地與四角落給排水溝\n    渠渠底接近為同一水平高度，惟本案開挖之深度逾2公尺，\n    縱如原告所提「苑裡鎮泰田農地重劃區整地及剩餘土方等相\n    關事宜協調會」紀錄，其結論亦僅開挖整地以進出水口高度\n    以下約30公分為原則有所違背，原告所訴顯非實情，其行為\n    已非整地之必要，其施作方式，更有違常理，原告當不能據\n    此持無罪之詞，其違法事實應足堪認定。再查，原告主張其\n    係單純進行農地整地行為，惟依據採取土石免申辦土石採取\n    許可管理辦法第3條第1項規定，實施整地及工程就地取材者\n    ，應向目的事業主管機關申請核准，然本案原告並未向被告\n    主管機關申請核准，即擅自開挖，顯已違反土石採取法第3\n    條第1項之規定，被告遂依同法第36條之規定予以裁罰並無\n    違誤。按土石採取法之立法目的，乃為合理開發土石資源，\n    維護自然環境，健全管理制度，防止不當土石採取造成相關\n    災害，以達致國家永續發展之目的。系爭土地為特定農業區\n    農牧用地，原告既未依法申請而採取土石、回填廢土，恐將\n    影響土地之結構及破壞國土保安，故原告所為之主張，均不\n    足採。(二)本案核與土石採取法第36條之規定未經許可採取土\n    石者，處100萬元以上500萬元以下罰鍰，直轄市、縣（市）\n    主管機關並得限期令其辦理整復及清除其設施，屆時仍未遵\n    行者，按日連續處罰10萬元以上100萬元以下罰鍰至遵行為\n    止，並沒入其設施或機具，被告爰依上開規定裁罰原告之處\n    分並無不妥等語，資為抗辯。並聲明求為判決駁回原告之訴\n    。\n四、兩造之爭點：被告所為罰鍰處分是否適法？經查：\n  (一)按「土石採取，應依本法取得土石採取許可。但下列情形，\n    不在此限：一、採取少量土石供自用者。二、實施整地與工\n    程就地取材者。三、礦業權者在礦區內採取同一礦床共生之\n    土石者。四、因天災事變緊急搶修公共工程所需者。五、政\n    府機關辦理重要工程所需者。六、磚、瓦或窯業，開採土石\n    自用者。」、「未經許可採取土石者，處新臺幣100萬元以\n    上500萬元以下罰鍰，直轄市、縣（市）主管機關並得限期\n    令其辦理整復及清除其設施，‧‧‧。」分別為土石採取法\n    第3條第1項、第36條所明定。\n  (二)經查案外人林木春前於98年4月15日與原告簽訂「整地協議\n    書」，將其所有坐落於苗栗縣苑裡鎮○○段89及89-1地號等\n    二筆土地委由原告進行整地並構築二條混凝土製田埂，未依\n    土石採取法規定取得土石採取許可。嗣經苗栗縣警察局通霄\n    分局員警於98年5月13日上午9時40分許當場查獲原告僱用張\n    國昌駕駛PC-3 00型挖土機於繫案土地進行開挖土石作業，\n    現場除有挖土機二部（一部正由張君駕駛，另一部據稱日前\n    為陳某駕駛）外，另僱用沈文湧駕駛車號887-QS號之砂石車\n    正載運土石準備外運。又據被告派員會同苗栗縣警察局通霄\n    分局員警於同日下午1時許至現場勘查，確認現場開挖範圍\n    長約32公尺、寬約18公尺、深平均約2公尺（坑洞已被回填\n    廢土）及採取土石量約1152立方公尺。同日原告於通霄警分\n    局調查時供稱：「我僱用張國昌及沈文湧前往該處特定農業\n    區農牧用地挖取土石。」、「（查獲）當時張國昌駕駛挖土\n    機（PC-3 00型）開採苗栗縣苑裡鎮○○段89、89-1等二筆\n    地號土石，並將所挖取土石放置沈文湧駕駛之887-QS砂石車\n    上。」、「（對會勘結果）沒有（意見）。」、「共挖取（\n    土石）1仟多立方公尺，昨12日約載運40車次土石出去，今\n    準備要外運就被警方查獲。」、「（欲）載運至振翔砂石場\n    販賣。」、「（至今共販得）約獲利20多萬元。」等情，分\n    別有被告所製作之98年5月13日會勘紀錄、現場照片影本、\n    彩色列印本及原告、林木春、沈文湧、張國昌等人之通霄警\n    分局調查筆錄等資料附原處分卷可稽（見原處分卷第2至26\n    頁、第40至44頁），足見原告未依土石採取法規定取得土石\n    採取許可僱用工人於上開土地採取土石，其違章事實自堪認\n    定。\n  (三)原告雖主張：依被告所召開「苑裡鎮泰田農地重劃區整地及\n    剩餘土石方等相關事宜協調會」之結論為「本案開挖整地以\n    進水口高度以下約30公分為原則」，而案外人林木春遂依前\n    揭會議結論委託原告進行整地，經原告等委託九江測量有限\n    公司測量整地後（見訴願證四），系爭土地與灌溉渠道之高\n    程相當（約為86.76公尺），是原告顯係單純整地行為，依\n    土石採取法第3條第1項第2款規定及前揭會議結論，應無違\n    土石採取法之規定云云。惟依被告地政處所提供「苑裡鎮泰\n    田農地重劃區○○段89、89-1地號土地高程標示及四角至給\n    排水溝渠渠底高程」顯示繫案土地之高程介於84.75公尺至8\n    4.94公尺，四角落至給排水溝渠渠底之高程介84.20公尺至\n    84.80公尺（見原處分卷第65頁），兩者高程最大差距為0.7\n    4公尺，惟本件開挖之平均深度約2公尺，遠逾上開協調會「\n    以進水口高度以下約30公分為原則」之深度結論，顯見原告\n    所為乃採取土石行為，要非屬單純整地行為。原告於訴願中\n    雖曾提其所委託九江測量有限公司測量整地後（見訴願證四\n    ）系爭土地與灌溉渠道之高程，謂兩者相當（約為86.76公\n    尺）云云。惟查該測量數據係開挖土石並回填廢土後所量測\n    之數據，自不具參考價值，無從據以否定上開被告地政處所\n    提供「苑裡鎮泰田農地重劃區○○段89、89-1地號土地高程\n    標示及四角至給排水溝渠渠底高程」。原告雖又稱「原告與\n    地主間之關係從整地協議書可看出應係承攬與受僱的關係，\n    而非訴願決定所認定之共同行為。」云云（見本院卷言詞辯\n    論筆錄），惟原告與地主林木春之整地協議書第1條約定：\n    「甲方（指地主）所擁有右述土地2筆委由乙方（指原告）\n    進行整地，乙方須負責雜草剃除、雜物清理、種植土移置、\n    剩餘土石方載運、土方外購、土地整平、種植土回填、水鴨\n    母溼式整平、構築混凝土製田埂及建造農機進出坡道等工程\n    施工。」第3條約定：「乙方須構築2條混凝土製田埂。」第\n    5 條約定：「甲方同意剩餘土石方全部無償贈與乙方全權處\n    理（剩餘土石方所有載運過程概與地主無關），而乙方須負\n    責上述工程之所有機具費用、土方外購費用、及雜項支出。\n    」（見原處分卷第27頁），足見地主林木春委由原告整地，\n    並不須支出任何費用（費用約定在協議書第5條），反之原\n    告則須支出所有費用並為地主修築2條混凝土田埂，但原告\n    則獲得所有土石外運出售之權，原告於警訊調查筆錄中亦已\n    供承截至查獲時已獲利約20多萬元，亦已如前述，顯見原告\n    確係共同行為獲取利益，是原告雖稱係受案外人林木春委託\n    實施整地，惟實為實施採取土石之違章行為，原告雖或又主\n    張整地須防止農田未來變成爛田，足見確係整地而非採取土\n    石行為云云。惟依原告與地主林木春之整地協議書第2條固\n    約定：「另針對田底泉水湧出問題，乙方須設法予以解決，\n    『如有必要』乙方須外購具黏性之乾淨土方置換一至二米深\n    之砂石，以便杜絕田底泉水湧出問題，防止農田未來變成所\n    謂爛田。」，惟兩造均稱「原告是邊挖邊回填。」（見本院\n    卷第32頁筆錄），再依卷附現場挖掘採取土石之照片，均無\n    呈現所云田底泉水湧出「變成所謂爛田」之現象，蓋一般欲\n    發生湧泉形成爛田，其泉源必在地表非常淺層之處，通常非\n    僅挖一、二公尺所能隨意挖到泉源，否則挖井行業如何生存\n    ？且本件高程無整地（挖深）之必要（如有亦以不逾30公分\n    為度），參以地主皆無須出資，而原告須為其修築二條混凝\n    土田埂，土石則贈原告出售得利，在在已顯其目的在採取土\n    石已如上述，該防止爛田之發生條款之約定，至多亦僅在約\n    定不得因採取土石而致形成爛田，並不影響其仍為採取土石\n    之共同行為。是其主張俱無足採。從而被告核認原告與案外\n    人林木春有未經申請許可，即擅自共同採取土石之情事，乃\n    依土石採取法第36條規定，分別以98年6月30日府建石字第\n    098 0108693號違反土石採取法處分書，各處原告及案外人\n    林木春罰鍰100萬元，並限於98年7月20日以前辦理整復及清\n    除其設施，且禁止繼續採取土石，並不得將已採取之土石外\n    運之處分，核無違誤，訴願決定予以維持，亦無不合，原告\n    訴請予以撤銷，核無理由，應予駁回。\n五、據上論結，本件原告之訴為無理由，依行政訴訟法第195條\n    第1項後段、第98條第1項前段，判決如主文。\n中    華    民    國    99    年    5     月    12    日\n                臺中高等行政法院第三庭\n                                審判長法  官  王 茂 修\n                                      法  官  莊 金 昌\n                                      法  官  林 金 本\n以上正本證明與原本無異。\n如不服本判決，應於判決送達後20日內向本院提出上訴書狀，其\n未表明上訴理由者，應於提起上訴後20日內向本院提出上訴理由\n書（須依對造人數附具繕本）；如於本判決宣示或公告後送達前\n提起上訴者，應於判決送達後20日內補提上訴理由書（須附繕本\n）。未表明上訴理由者，逕以裁定駁回。\n中    華    民    國    99    年     5    月   12     日\n                                      書記官 陳 滿 麗\n",
  "structure": {
    "main": "原告之訴駁回。\n訴訟費用由原告負擔。",
    "fact": "一、事實概要：緣案外人林木春於民國（下同）98年4月15日與\n    原告簽訂「整地協議書」，將其所有坐落於苗栗縣苑裡鎮○\n    ○段89及89 -1地號等二筆土地委由原告進行整地並構築二\n    條混凝土製田埂，嗣經被告所屬苗栗縣警察局通霄分局員警\n    於98年5月13日上午9時40分許當場查獲，並於現場查獲挖土\n    機（型號均為PC-300）二部、聯結車一部（車號為887-QS，\n    車上正載運土石準備外運），並據被告派員會同勘查，確認\n    現場開挖範圍（長約32公尺、寬約18公尺、深平均約2公尺\n    ）及採取土石量（約1152立方公尺）等違規事實後，核認原\n    告與案外人林木春有未經申請許可，即擅自共同採取土石之\n    情事，乃依土石採取法第36條規定，分別以98年6月30日府\n    建石字第098 0108693號違反土石採取法處分書，各處原告\n    及案外人林木春罰鍰新臺幣（下同）100萬元，並限於98年7\n    月20日以前辦理整復及清除其設施，且禁止繼續採取土石，\n    並不得將已採取之土石外運之處分。原告不服，提起訴願亦\n    遭駁回，遂提起本件行政訴訟。\n二、本件原告主張：系爭土地係屬農地重劃分配之土地，因其地\n    勢較灌溉渠道高，致無法引水灌溉，嗣被告於98年2月27日\n    召開「苑裡鎮泰田農地重劃區整地及剩餘土石方等相關事宜\n    協調會」，該會議結論為「本案開挖整地以進水口高度以下\n    約30公分為原則」；是案外人林木春遂依前揭會議結論委託\n    原告進行整地，而系爭土地經委託九江測量有限公司測量整\n    地後，系爭土地與灌溉渠道之高程相當（約為86.76公尺）\n    ，是原告僅為單純整地行為。又原告有無違反該30公分之結\n    論，實為應調查事項，被告所為認定實屬無據等情。並聲明\n    求為判決撤銷訴願決定及原處分。\n三、被告則以：(一)本案經被告派員會同苗栗縣警察局通霄分局於\n    98年5月13日至現場勘查，發現該系爭土地有開挖土石之情\n    形，現場開挖範圍經丈量長約32公尺、寬約18公尺、深平均\n    約2公尺（坑洞已被回填廢土，經現場指示挖土機隨機開挖\n    二處，其開挖深度約2公尺），開挖土石數量約1,152立方公\n    尺，此為原告所不爭，而原有之地形地貌均已遭破壞，原告\n    藉整地之名行開挖土石之實，已至為明顯。次查，原告主張\n    繫案土地與灌溉渠道之高程相當(約86.76公尺)，僅為單純\n    整地云云，本案經簽會被告地政處重劃科提供系爭地點土地\n    高程標示及四角落給排水溝渠渠底高程，經查該2筆地號之\n    高程介於84.75~84.94，四角落給排水溝渠渠底之高程介於\n    84. 20~84.80，簡言之亦說明，系爭土地與四角落給排水溝\n    渠渠底接近為同一水平高度，惟本案開挖之深度逾2公尺，\n    縱如原告所提「苑裡鎮泰田農地重劃區整地及剩餘土方等相\n    關事宜協調會」紀錄，其結論亦僅開挖整地以進出水口高度\n    以下約30公分為原則有所違背，原告所訴顯非實情，其行為\n    已非整地之必要，其施作方式，更有違常理，原告當不能據\n    此持無罪之詞，其違法事實應足堪認定。再查，原告主張其\n    係單純進行農地整地行為，惟依據採取土石免申辦土石採取\n    許可管理辦法第3條第1項規定，實施整地及工程就地取材者\n    ，應向目的事業主管機關申請核准，然本案原告並未向被告\n    主管機關申請核准，即擅自開挖，顯已違反土石採取法第3\n    條第1項之規定，被告遂依同法第36條之規定予以裁罰並無\n    違誤。按土石採取法之立法目的，乃為合理開發土石資源，\n    維護自然環境，健全管理制度，防止不當土石採取造成相關\n    災害，以達致國家永續發展之目的。系爭土地為特定農業區\n    農牧用地，原告既未依法申請而採取土石、回填廢土，恐將\n    影響土地之結構及破壞國土保安，故原告所為之主張，均不\n    足採。(二)本案核與土石採取法第36條之規定未經許可採取土\n    石者，處100萬元以上500萬元以下罰鍰，直轄市、縣（市）\n    主管機關並得限期令其辦理整復及清除其設施，屆時仍未遵\n    行者，按日連續處罰10萬元以上100萬元以下罰鍰至遵行為\n    止，並沒入其設施或機具，被告爰依上開規定裁罰原告之處\n    分並無不妥等語，資為抗辯。並聲明求為判決駁回原告之訴\n    。\n四、兩造之爭點：被告所為罰鍰處分是否適法？經查：\n  (一)按「土石採取，應依本法取得土石採取許可。但下列情形，\n    不在此限：一、採取少量土石供自用者。二、實施整地與工\n    程就地取材者。三、礦業權者在礦區內採取同一礦床共生之\n    土石者。四、因天災事變緊急搶修公共工程所需者。五、政\n    府機關辦理重要工程所需者。六、磚、瓦或窯業，開採土石\n    自用者。」、「未經許可採取土石者，處新臺幣100萬元以\n    上500萬元以下罰鍰，直轄市、縣（市）主管機關並得限期\n    令其辦理整復及清除其設施，‧‧‧。」分別為土石採取法\n    第3條第1項、第36條所明定。\n  (二)經查案外人林木春前於98年4月15日與原告簽訂「整地協議\n    書」，將其所有坐落於苗栗縣苑裡鎮○○段89及89-1地號等\n    二筆土地委由原告進行整地並構築二條混凝土製田埂，未依\n    土石採取法規定取得土石採取許可。嗣經苗栗縣警察局通霄\n    分局員警於98年5月13日上午9時40分許當場查獲原告僱用張\n    國昌駕駛PC-3 00型挖土機於繫案土地進行開挖土石作業，\n    現場除有挖土機二部（一部正由張君駕駛，另一部據稱日前\n    為陳某駕駛）外，另僱用沈文湧駕駛車號887-QS號之砂石車\n    正載運土石準備外運。又據被告派員會同苗栗縣警察局通霄\n    分局員警於同日下午1時許至現場勘查，確認現場開挖範圍\n    長約32公尺、寬約18公尺、深平均約2公尺（坑洞已被回填\n    廢土）及採取土石量約1152立方公尺。同日原告於通霄警分\n    局調查時供稱：「我僱用張國昌及沈文湧前往該處特定農業\n    區農牧用地挖取土石。」、「（查獲）當時張國昌駕駛挖土\n    機（PC-3 00型）開採苗栗縣苑裡鎮○○段89、89-1等二筆\n    地號土石，並將所挖取土石放置沈文湧駕駛之887-QS砂石車\n    上。」、「（對會勘結果）沒有（意見）。」、「共挖取（\n    土石）1仟多立方公尺，昨12日約載運40車次土石出去，今\n    準備要外運就被警方查獲。」、「（欲）載運至振翔砂石場\n    販賣。」、「（至今共販得）約獲利20多萬元。」等情，分\n    別有被告所製作之98年5月13日會勘紀錄、現場照片影本、\n    彩色列印本及原告、林木春、沈文湧、張國昌等人之通霄警\n    分局調查筆錄等資料附原處分卷可稽（見原處分卷第2至26\n    頁、第40至44頁），足見原告未依土石採取法規定取得土石\n    採取許可僱用工人於上開土地採取土石，其違章事實自堪認\n    定。\n  (三)原告雖主張：依被告所召開「苑裡鎮泰田農地重劃區整地及\n    剩餘土石方等相關事宜協調會」之結論為「本案開挖整地以\n    進水口高度以下約30公分為原則」，而案外人林木春遂依前\n    揭會議結論委託原告進行整地，經原告等委託九江測量有限\n    公司測量整地後（見訴願證四），系爭土地與灌溉渠道之高\n    程相當（約為86.76公尺），是原告顯係單純整地行為，依\n    土石採取法第3條第1項第2款規定及前揭會議結論，應無違\n    土石採取法之規定云云。惟依被告地政處所提供「苑裡鎮泰\n    田農地重劃區○○段89、89-1地號土地高程標示及四角至給\n    排水溝渠渠底高程」顯示繫案土地之高程介於84.75公尺至8\n    4.94公尺，四角落至給排水溝渠渠底之高程介84.20公尺至\n    84.80公尺（見原處分卷第65頁），兩者高程最大差距為0.7\n    4公尺，惟本件開挖之平均深度約2公尺，遠逾上開協調會「\n    以進水口高度以下約30公分為原則」之深度結論，顯見原告\n    所為乃採取土石行為，要非屬單純整地行為。原告於訴願中\n    雖曾提其所委託九江測量有限公司測量整地後（見訴願證四\n    ）系爭土地與灌溉渠道之高程，謂兩者相當（約為86.76公\n    尺）云云。惟查該測量數據係開挖土石並回填廢土後所量測\n    之數據，自不具參考價值，無從據以否定上開被告地政處所\n    提供「苑裡鎮泰田農地重劃區○○段89、89-1地號土地高程\n    標示及四角至給排水溝渠渠底高程」。原告雖又稱「原告與\n    地主間之關係從整地協議書可看出應係承攬與受僱的關係，\n    而非訴願決定所認定之共同行為。」云云（見本院卷言詞辯\n    論筆錄），惟原告與地主林木春之整地協議書第1條約定：\n    「甲方（指地主）所擁有右述土地2筆委由乙方（指原告）\n    進行整地，乙方須負責雜草剃除、雜物清理、種植土移置、\n    剩餘土石方載運、土方外購、土地整平、種植土回填、水鴨\n    母溼式整平、構築混凝土製田埂及建造農機進出坡道等工程\n    施工。」第3條約定：「乙方須構築2條混凝土製田埂。」第\n    5 條約定：「甲方同意剩餘土石方全部無償贈與乙方全權處\n    理（剩餘土石方所有載運過程概與地主無關），而乙方須負\n    責上述工程之所有機具費用、土方外購費用、及雜項支出。\n    」（見原處分卷第27頁），足見地主林木春委由原告整地，\n    並不須支出任何費用（費用約定在協議書第5條），反之原\n    告則須支出所有費用並為地主修築2條混凝土田埂，但原告\n    則獲得所有土石外運出售之權，原告於警訊調查筆錄中亦已\n    供承截至查獲時已獲利約20多萬元，亦已如前述，顯見原告\n    確係共同行為獲取利益，是原告雖稱係受案外人林木春委託\n    實施整地，惟實為實施採取土石之違章行為，原告雖或又主\n    張整地須防止農田未來變成爛田，足見確係整地而非採取土\n    石行為云云。惟依原告與地主林木春之整地協議書第2條固\n    約定：「另針對田底泉水湧出問題，乙方須設法予以解決，\n    『如有必要』乙方須外購具黏性之乾淨土方置換一至二米深\n    之砂石，以便杜絕田底泉水湧出問題，防止農田未來變成所\n    謂爛田。」，惟兩造均稱「原告是邊挖邊回填。」（見本院\n    卷第32頁筆錄），再依卷附現場挖掘採取土石之照片，均無\n    呈現所云田底泉水湧出「變成所謂爛田」之現象，蓋一般欲\n    發生湧泉形成爛田，其泉源必在地表非常淺層之處，通常非\n    僅挖一、二公尺所能隨意挖到泉源，否則挖井行業如何生存\n    ？且本件高程無整地（挖深）之必要（如有亦以不逾30公分\n    為度），參以地主皆無須出資，而原告須為其修築二條混凝\n    土田埂，土石則贈原告出售得利，在在已顯其目的在採取土\n    石已如上述，該防止爛田之發生條款之約定，至多亦僅在約\n    定不得因採取土石而致形成爛田，並不影響其仍為採取土石\n    之共同行為。是其主張俱無足採。從而被告核認原告與案外\n    人林木春有未經申請許可，即擅自共同採取土石之情事，乃\n    依土石採取法第36條規定，分別以98年6月30日府建石字第\n    098 0108693號違反土石採取法處分書，各處原告及案外人\n    林木春罰鍰100萬元，並限於98年7月20日以前辦理整復及清\n    除其設施，且禁止繼續採取土石，並不得將已採取之土石外\n    運之處分，核無違誤，訴願決定予以維持，亦無不合，原告\n    訴請予以撤銷，核無理由，應予駁回。\n五、據上論結，本件原告之訴為無理由，依行政訴訟法第195條\n    第1項後段、第98條第1項前段，判決如主文。",
    "reason": "一、事實概要：緣案外人林木春於民國（下同）98年4月15日與\n    原告簽訂「整地協議書」，將其所有坐落於苗栗縣苑裡鎮○\n    ○段89及89 -1地號等二筆土地委由原告進行整地並構築二\n    條混凝土製田埂，嗣經被告所屬苗栗縣警察局通霄分局員警\n    於98年5月13日上午9時40分許當場查獲，並於現場查獲挖土\n    機（型號均為PC-300）二部、聯結車一部（車號為887-QS，\n    車上正載運土石準備外運），並據被告派員會同勘查，確認\n    現場開挖範圍（長約32公尺、寬約18公尺、深平均約2公尺\n    ）及採取土石量（約1152立方公尺）等違規事實後，核認原\n    告與案外人林木春有未經申請許可，即擅自共同採取土石之\n    情事，乃依土石採取法第36條規定，分別以98年6月30日府\n    建石字第098 0108693號違反土石採取法處分書，各處原告\n    及案外人林木春罰鍰新臺幣（下同）100萬元，並限於98年7\n    月20日以前辦理整復及清除其設施，且禁止繼續採取土石，\n    並不得將已採取之土石外運之處分。原告不服，提起訴願亦\n    遭駁回，遂提起本件行政訴訟。\n二、本件原告主張：系爭土地係屬農地重劃分配之土地，因其地\n    勢較灌溉渠道高，致無法引水灌溉，嗣被告於98年2月27日\n    召開「苑裡鎮泰田農地重劃區整地及剩餘土石方等相關事宜\n    協調會」，該會議結論為「本案開挖整地以進水口高度以下\n    約30公分為原則」；是案外人林木春遂依前揭會議結論委託\n    原告進行整地，而系爭土地經委託九江測量有限公司測量整\n    地後，系爭土地與灌溉渠道之高程相當（約為86.76公尺）\n    ，是原告僅為單純整地行為。又原告有無違反該30公分之結\n    論，實為應調查事項，被告所為認定實屬無據等情。並聲明\n    求為判決撤銷訴願決定及原處分。\n三、被告則以：(一)本案經被告派員會同苗栗縣警察局通霄分局於\n    98年5月13日至現場勘查，發現該系爭土地有開挖土石之情\n    形，現場開挖範圍經丈量長約32公尺、寬約18公尺、深平均\n    約2公尺（坑洞已被回填廢土，經現場指示挖土機隨機開挖\n    二處，其開挖深度約2公尺），開挖土石數量約1,152立方公\n    尺，此為原告所不爭，而原有之地形地貌均已遭破壞，原告\n    藉整地之名行開挖土石之實，已至為明顯。次查，原告主張\n    繫案土地與灌溉渠道之高程相當(約86.76公尺)，僅為單純\n    整地云云，本案經簽會被告地政處重劃科提供系爭地點土地\n    高程標示及四角落給排水溝渠渠底高程，經查該2筆地號之\n    高程介於84.75~84.94，四角落給排水溝渠渠底之高程介於\n    84. 20~84.80，簡言之亦說明，系爭土地與四角落給排水溝\n    渠渠底接近為同一水平高度，惟本案開挖之深度逾2公尺，\n    縱如原告所提「苑裡鎮泰田農地重劃區整地及剩餘土方等相\n    關事宜協調會」紀錄，其結論亦僅開挖整地以進出水口高度\n    以下約30公分為原則有所違背，原告所訴顯非實情，其行為\n    已非整地之必要，其施作方式，更有違常理，原告當不能據\n    此持無罪之詞，其違法事實應足堪認定。再查，原告主張其\n    係單純進行農地整地行為，惟依據採取土石免申辦土石採取\n    許可管理辦法第3條第1項規定，實施整地及工程就地取材者\n    ，應向目的事業主管機關申請核准，然本案原告並未向被告\n    主管機關申請核准，即擅自開挖，顯已違反土石採取法第3\n    條第1項之規定，被告遂依同法第36條之規定予以裁罰並無\n    違誤。按土石採取法之立法目的，乃為合理開發土石資源，\n    維護自然環境，健全管理制度，防止不當土石採取造成相關\n    災害，以達致國家永續發展之目的。系爭土地為特定農業區\n    農牧用地，原告既未依法申請而採取土石、回填廢土，恐將\n    影響土地之結構及破壞國土保安，故原告所為之主張，均不\n    足採。(二)本案核與土石採取法第36條之規定未經許可採取土\n    石者，處100萬元以上500萬元以下罰鍰，直轄市、縣（市）\n    主管機關並得限期令其辦理整復及清除其設施，屆時仍未遵\n    行者，按日連續處罰10萬元以上100萬元以下罰鍰至遵行為\n    止，並沒入其設施或機具，被告爰依上開規定裁罰原告之處\n    分並無不妥等語，資為抗辯。並聲明求為判決駁回原告之訴\n    。\n四、兩造之爭點：被告所為罰鍰處分是否適法？經查：\n  (一)按「土石採取，應依本法取得土石採取許可。但下列情形，\n    不在此限：一、採取少量土石供自用者。二、實施整地與工\n    程就地取材者。三、礦業權者在礦區內採取同一礦床共生之\n    土石者。四、因天災事變緊急搶修公共工程所需者。五、政\n    府機關辦理重要工程所需者。六、磚、瓦或窯業，開採土石\n    自用者。」、「未經許可採取土石者，處新臺幣100萬元以\n    上500萬元以下罰鍰，直轄市、縣（市）主管機關並得限期\n    令其辦理整復及清除其設施，‧‧‧。」分別為土石採取法\n    第3條第1項、第36條所明定。\n  (二)經查案外人林木春前於98年4月15日與原告簽訂「整地協議\n    書」，將其所有坐落於苗栗縣苑裡鎮○○段89及89-1地號等\n    二筆土地委由原告進行整地並構築二條混凝土製田埂，未依\n    土石採取法規定取得土石採取許可。嗣經苗栗縣警察局通霄\n    分局員警於98年5月13日上午9時40分許當場查獲原告僱用張\n    國昌駕駛PC-3 00型挖土機於繫案土地進行開挖土石作業，\n    現場除有挖土機二部（一部正由張君駕駛，另一部據稱日前\n    為陳某駕駛）外，另僱用沈文湧駕駛車號887-QS號之砂石車\n    正載運土石準備外運。又據被告派員會同苗栗縣警察局通霄\n    分局員警於同日下午1時許至現場勘查，確認現場開挖範圍\n    長約32公尺、寬約18公尺、深平均約2公尺（坑洞已被回填\n    廢土）及採取土石量約1152立方公尺。同日原告於通霄警分\n    局調查時供稱：「我僱用張國昌及沈文湧前往該處特定農業\n    區農牧用地挖取土石。」、「（查獲）當時張國昌駕駛挖土\n    機（PC-3 00型）開採苗栗縣苑裡鎮○○段89、89-1等二筆\n    地號土石，並將所挖取土石放置沈文湧駕駛之887-QS砂石車\n    上。」、「（對會勘結果）沒有（意見）。」、「共挖取（\n    土石）1仟多立方公尺，昨12日約載運40車次土石出去，今\n    準備要外運就被警方查獲。」、「（欲）載運至振翔砂石場\n    販賣。」、「（至今共販得）約獲利20多萬元。」等情，分\n    別有被告所製作之98年5月13日會勘紀錄、現場照片影本、\n    彩色列印本及原告、林木春、沈文湧、張國昌等人之通霄警\n    分局調查筆錄等資料附原處分卷可稽（見原處分卷第2至26\n    頁、第40至44頁），足見原告未依土石採取法規定取得土石\n    採取許可僱用工人於上開土地採取土石，其違章事實自堪認\n    定。\n  (三)原告雖主張：依被告所召開「苑裡鎮泰田農地重劃區整地及\n    剩餘土石方等相關事宜協調會」之結論為「本案開挖整地以\n    進水口高度以下約30公分為原則」，而案外人林木春遂依前\n    揭會議結論委託原告進行整地，經原告等委託九江測量有限\n    公司測量整地後（見訴願證四），系爭土地與灌溉渠道之高\n    程相當（約為86.76公尺），是原告顯係單純整地行為，依\n    土石採取法第3條第1項第2款規定及前揭會議結論，應無違\n    土石採取法之規定云云。惟依被告地政處所提供「苑裡鎮泰\n    田農地重劃區○○段89、89-1地號土地高程標示及四角至給\n    排水溝渠渠底高程」顯示繫案土地之高程介於84.75公尺至8\n    4.94公尺，四角落至給排水溝渠渠底之高程介84.20公尺至\n    84.80公尺（見原處分卷第65頁），兩者高程最大差距為0.7\n    4公尺，惟本件開挖之平均深度約2公尺，遠逾上開協調會「\n    以進水口高度以下約30公分為原則」之深度結論，顯見原告\n    所為乃採取土石行為，要非屬單純整地行為。原告於訴願中\n    雖曾提其所委託九江測量有限公司測量整地後（見訴願證四\n    ）系爭土地與灌溉渠道之高程，謂兩者相當（約為86.76公\n    尺）云云。惟查該測量數據係開挖土石並回填廢土後所量測\n    之數據，自不具參考價值，無從據以否定上開被告地政處所\n    提供「苑裡鎮泰田農地重劃區○○段89、89-1地號土地高程\n    標示及四角至給排水溝渠渠底高程」。原告雖又稱「原告與\n    地主間之關係從整地協議書可看出應係承攬與受僱的關係，\n    而非訴願決定所認定之共同行為。」云云（見本院卷言詞辯\n    論筆錄），惟原告與地主林木春之整地協議書第1條約定：\n    「甲方（指地主）所擁有右述土地2筆委由乙方（指原告）\n    進行整地，乙方須負責雜草剃除、雜物清理、種植土移置、\n    剩餘土石方載運、土方外購、土地整平、種植土回填、水鴨\n    母溼式整平、構築混凝土製田埂及建造農機進出坡道等工程\n    施工。」第3條約定：「乙方須構築2條混凝土製田埂。」第\n    5 條約定：「甲方同意剩餘土石方全部無償贈與乙方全權處\n    理（剩餘土石方所有載運過程概與地主無關），而乙方須負\n    責上述工程之所有機具費用、土方外購費用、及雜項支出。\n    」（見原處分卷第27頁），足見地主林木春委由原告整地，\n    並不須支出任何費用（費用約定在協議書第5條），反之原\n    告則須支出所有費用並為地主修築2條混凝土田埂，但原告\n    則獲得所有土石外運出售之權，原告於警訊調查筆錄中亦已\n    供承截至查獲時已獲利約20多萬元，亦已如前述，顯見原告\n    確係共同行為獲取利益，是原告雖稱係受案外人林木春委託\n    實施整地，惟實為實施採取土石之違章行為，原告雖或又主\n    張整地須防止農田未來變成爛田，足見確係整地而非採取土\n    石行為云云。惟依原告與地主林木春之整地協議書第2條固\n    約定：「另針對田底泉水湧出問題，乙方須設法予以解決，\n    『如有必要』乙方須外購具黏性之乾淨土方置換一至二米深\n    之砂石，以便杜絕田底泉水湧出問題，防止農田未來變成所\n    謂爛田。」，惟兩造均稱「原告是邊挖邊回填。」（見本院\n    卷第32頁筆錄），再依卷附現場挖掘採取土石之照片，均無\n    呈現所云田底泉水湧出「變成所謂爛田」之現象，蓋一般欲\n    發生湧泉形成爛田，其泉源必在地表非常淺層之處，通常非\n    僅挖一、二公尺所能隨意挖到泉源，否則挖井行業如何生存\n    ？且本件高程無整地（挖深）之必要（如有亦以不逾30公分\n    為度），參以地主皆無須出資，而原告須為其修築二條混凝\n    土田埂，土石則贈原告出售得利，在在已顯其目的在採取土\n    石已如上述，該防止爛田之發生條款之約定，至多亦僅在約\n    定不得因採取土石而致形成爛田，並不影響其仍為採取土石\n    之共同行為。是其主張俱無足採。從而被告核認原告與案外\n    人林木春有未經申請許可，即擅自共同採取土石之情事，乃\n    依土石採取法第36條規定，分別以98年6月30日府建石字第\n    098 0108693號違反土石採取法處分書，各處原告及案外人\n    林木春罰鍰100萬元，並限於98年7月20日以前辦理整復及清\n    除其設施，且禁止繼續採取土石，並不得將已採取之土石外\n    運之處分，核無違誤，訴願決定予以維持，亦無不合，原告\n    訴請予以撤銷，核無理由，應予駁回。\n五、據上論結，本件原告之訴為無理由，依行政訴訟法第195條\n    第1項後段、第98條第1項前段，判決如主文。"
  },
  "characters": {
    "judges": [
      "王茂修",
      "莊金昌",
      "林金本"
    ],
    "prosecutors": [

    ],
    "lawyers": [

    ],
    "clerks": [
      "陳滿麗"
    ],
    "plaintiffs": [
      "甲"
    ],
    "defendants": [
      "苗栗縣政府",
      "代  表  人  乙○○"
    ],
    "prosecutor_office": [

    ],
    "creditors": [

    ],
    "debtors": [

    ],
    "judicial_associate_officer": [

    ]
  },
  "adjudged_at": "2010-05-12",
  "created_at": "2016-01-05 11:58:12",
  "updated_at": "2016-01-05 11:58:12"
}