{
  "identify": "TCB-99-訴-30-20100512-1",
  "court": {
    "name": "臺中高等行政法院",
    "code": "TCB"
  },
  "division": {
    "name": "行政",
    "code": "A"
  },
  "year": 99,
  "word": "訴",
  "number": "30",
  "jcheck": "1",
  "reason": "政府採購法",
  "content": "臺中高等行政法院裁定\n                                        99年度訴字第30號\n原      告  經緯衛星資訊股份有限公司\n代  表  人  甲○○\n上  一  人\n訴訟代理人  楊國宏  律師\n被      告  彰化縣政府\n代  表  人  乙○○\n訴訟代理人  丁○○\n            丙○○\n上列當事人間因政府採購法事件，原告不服行政院公共工程委員\n會中華民國98年11月13日訴0000000號訴願決定，提起行政訴訟\n。本院裁定如下：\n    主  文\n本件應再開辯論及再開準備程序，茲指定民國99年5月25日上午\n9時50分在本院第14法庭行準備程序。\n中    華    民    國    99    年    5     月    12    日\n                臺中高等行政法院第三庭\n                          審判長法  官  王  茂  修\n                                法  官  莊  金  昌\n                                法  官  林  金  本\n以上正本證明與原本無異。\n本裁定不得抗告。\n中    華    民    國    99    年    5     月    12    日\n                                書記官  許  騰  云\n",
  "structure": {
  },
  "characters": {
    "judges": [
      "王茂修",
      "莊金昌",
      "林金本"
    ],
    "prosecutors": [

    ],
    "lawyers": [

    ],
    "clerks": [
      "許騰云"
    ],
    "plaintiffs": [
      "經緯衛星資訊股份有限公司"
    ],
    "defendants": [
      "彰化縣政府",
      "代  表  人  乙○○"
    ],
    "prosecutor_office": [

    ],
    "creditors": [

    ],
    "debtors": [

    ],
    "judicial_associate_officer": [

    ]
  },
  "adjudged_at": "2010-05-12",
  "created_at": "2016-01-05 11:58:15",
  "updated_at": "2016-01-05 11:58:15"
}