{
  "identify": "TCB-98-訴-478-20100512-3",
  "court": {
    "name": "臺中高等行政法院",
    "code": "TCB"
  },
  "division": {
    "name": "行政",
    "code": "A"
  },
  "year": 98,
  "word": "訴",
  "number": "478",
  "jcheck": "3",
  "reason": "耕地三七五租約",
  "content": "臺中高等行政法院裁定\n                                       98年度訴字第478號\n原      告  甲○○\n            乙○○\n共同訴訟代理人  朱坤棋  律師\n被      告  彰化縣大村鄉公所\n代  表  人  庚○○\n訴訟代理人  戊○○\n參  加  人  丁○○○\n輔  佐  人  己○○\n上列當事人間耕地三七五租約事件，中華民國99年3月31日本院\n98年度訴字第478號判決原本及正本，應更正如下：\n    主   文\n本院上開判決原本及正本關於當事人欄被告代表人所載「丙○○\n」，應更正為「庚○○」。\n    理   由\n一、按判決如有誤寫、誤算或其他類此之顯然錯誤者，法院得依\n    聲請或依職權以裁定更正；其正本與原本不符者，亦同，民\n    事訴訟法第232條第1項定有明文。此項規定，依行政訴訟法\n    第218條規定，於行政訴訟準用之。\n二、查本院前開判決原本及正本有如主文所示之顯然錯誤，應予\n    更正，爰裁定如主文。\n中    華    民    國    99    年    5    月    12     日\n                臺中高等行政法院第四庭\n                          審判長法  官  沈  應  南\n                                法  官  王  德  麟\n                                法  官  許  武  峰\n以上正本證明與原本無異。\n如不服本裁定，應於裁定送達後10日內以書狀敘明理由，經本院\n向最高行政法院提起抗告（須依對造人數附具繕本）。\n中    華    民    國    99    年    5    月    12     日\n                                書記官   廖  倩  慧\n",
  "structure": {
    "main": "本院上開判決原本及正本關於當事人欄被告代表人所載「丙○○\n」，應更正為「庚○○」。",
    "reason": "一、按判決如有誤寫、誤算或其他類此之顯然錯誤者，法院得依\n    聲請或依職權以裁定更正；其正本與原本不符者，亦同，民\n    事訴訟法第232條第1項定有明文。此項規定，依行政訴訟法\n    第218條規定，於行政訴訟準用之。\n二、查本院前開判決原本及正本有如主文所示之顯然錯誤，應予\n    更正，爰裁定如主文。"
  },
  "characters": {
    "judges": [
      "沈應南",
      "王德麟",
      "許武峰"
    ],
    "prosecutors": [

    ],
    "lawyers": [

    ],
    "clerks": [
      "廖倩慧"
    ],
    "plaintiffs": [
      "甲"
    ],
    "defendants": [
      "彰化縣大村鄉公所",
      "代  表  人  庚○○"
    ],
    "prosecutor_office": [

    ],
    "creditors": [

    ],
    "debtors": [

    ],
    "judicial_associate_officer": [

    ]
  },
  "adjudged_at": "2010-05-12",
  "created_at": "2016-01-05 11:58:13",
  "updated_at": "2016-01-05 11:58:13"
}