{
  "identify": "TCH-99-上訴-618-20100512-1",
  "court": {
    "name": "臺灣高等法院",
    "code": "TCH"
  },
  "division": {
    "name": "刑事",
    "code": "M"
  },
  "year": 99,
  "word": "上訴",
  "number": "618",
  "jcheck": "1",
  "reason": "貪污治罪條例等",
  "content": "臺灣高等法院臺中分院刑事判決         99年度上訴字第618號\n上  訴  人  臺灣彰化地方法院檢察署檢察官\n被      告  乙○○\n指定辯護人  本院公設辯護人  丙○○\n上列上訴人因被告違反貪污治罪條例等案件，不服臺灣彰化地方\n法院97年度訴字第2900號中華民國99年2月8日第一審判決（起訴\n案號：臺灣彰化地方法院檢察署96年度偵字第1454號），提起上\n訴，本院判決如下：\n    主  文\n上訴駁回。\n    理  由\n一、公訴意旨略以：被告乙○○任職彰化縣員林鎮公所建設課，\n    自民國94年6月起代理該公所建設課課長，主管建設課所有\n    業務，並兼辦都市計畫業務，係依法令服務於國家、地方自\n    治團體所屬機關而具有法定職務權限者。爰於94年間，彰化\n    縣員林鎮民張耀三死亡，其遺產由案外人張良慶、張良傑、\n    張良喜（已死亡）及張月娥等人繼承，案外人張良慶、張良\n    傑、張良喜為辦理遺產繼承，乃於同年委託案外人即土地代\n    書吳進興辦理遺產繼承相關證明。因張耀三所留遺產包括坐\n    落彰化縣員林鎮○○段1156及同段1156-1地號2筆土地，於\n    辦理遺產稅申報時需檢附土地謄本、農地農用證明書、戶籍\n    謄本、國稅局財產清冊及土地使用分區證明書證明文書等，\n    始可依法免徵遺產稅。案外人吳進興乃於94年6月間某日，\n    向員林鎮公所申請核發上開2筆土地之土地使用分區證明，\n    該公所收件後，由被告承辦該案。因該2筆土地原係員林鎮\n    都市計畫「公八」（第8號公園）用地，嗣於員林鎮都市計\n    畫第2次通盤檢討時變更為住宅區（附帶條件：應另行擬定\n    細部計畫《含配置適當之公共設施用地與擬具具體公平合理\n    之事業及財務計畫》，並俟細部計畫完成法定程序發佈實施\n    ，始得發照建築），並經彰化縣政府於85年4月12日以 (85)\n    彰府工都字第54437號發佈實施，嗣復經彰化縣政府於88年3\n    月30日以88彰府工都字第054308號公告擬定員林都市計畫（\n    原「公八」公園用地變更為住宅區）細部計畫案計畫書、圖\n    ，並自同日起實施。被告乃於94年6月13日以94員建字第162\n    84號簡便行文表函覆申請，並於該行文表土地使用分區（或\n    公共設施用地）欄內註記上開2筆土地均為「住宅區」。案\n    外人吳進興於收受該簡便行文表後，因無法向稅捐機關申報\n    減免張耀三之遺產稅，乃於94年6月20日再次填載都市計畫\n    土地使用分區（或公共設施用地）證明申請書，並在該申請\n    書中註明「上述兩筆若公園用地，請惠予加註公共設施保留\n    用地，尚未徵收」等文字後，持向員林鎮公所申請核發證明\n    。嗣被告獲悉該申請案後，明知上開2筆土地已變更為住宅\n    區，且未再依法定程序變更為公共設施用地，屬於土地使用\n    分區之一種，非屬公共設施保留地，竟基於明知為不實之事\n    項，而登載於職務上所掌之公文書，及對於主管之事務，明\n    知違背法令，直接圖私人不法利益之犯意，未由員林鎮公所\n    建設課技士逐級簽請核可，而逕行受理該申請案，並將「坐\n    落員林鎮○○段1156及同段1156-1地號土地係屬公共設施保\n    留地」之不實事項先後登載於其職務上所掌之94年6月24日\n    員建字第0940017648號函及94年7月13日（起訴書誤載為「1\n    4日」）員建字第0940019613號函之公文書，並函覆案外人\n    吳進興而行使之，足以生損害於員林鎮公所審核申請土地使\n    用分區（或公共設施保留地）證明業務之正確性。案外人吳\n    進興取得上開不實之公文書後，即據以向財政部台灣省中區\n    國稅局申報張耀三遺產稅，使該局不知情之業務承辦人李旻\n    靜在遺產稅核定通知書中將上開2筆土地註記為公共設施保\n    留地，並核定案外人張良慶等繼承人之應納遺產稅額為新臺\n    幣（下同）910,079元。其後案外人張良喜於95年1月間過世\n    ，其遺產稅案件由中區國稅局員林稽徵所稅務員曾萍承辦，\n    因受託辦理遺產稅申報之案外人陳清福代書所提出之95年4\n    月14日員林鎮公所95員建字第10398號簡便行文表載明上開2\n    筆土地之使用分區為「住宅區」，並非公共設施保留地，曾\n    萍發覺其中有異，經向員林鎮公所函查結果，由該公所建設\n    課技士賴文彬於95年10月12日以員建字第0950029285號函敘\n    明上開2筆土地非屬公共設施保留地函覆該局，曾萍始未呈\n    核案外人張良喜之遺產稅額。被告即以此出具不實公文書之\n    方式，使前開中區國稅局在查核張耀三遺產稅時，核定免徵\n    上開2筆「公共設施保留地」（其核定金額共89,653,220元\n    ）之遺產稅，並使案外人張良慶等人獲得免繳33,553,254元\n    遺產稅之不法利益。因認被告涉犯貪污治罪條例第6條第1項\n    第4款之對於主管或監督之事務非法圖利，及刑法第216條、\n    第213條之行使公務員登載不實文書等罪嫌等語。\n二、本案經本院審理結果，認被告被訴違反貪污治罪條例等犯行\n    係屬不能證明，其證據及理由，業據第一審判決書理由欄記\n    載甚詳，爰引用之（如附件）。\n三、檢察官上訴意旨以：\n  (1)被告乙○○曾於民國94年6月13日以94員建字第16284號簡便\n    行文表函覆聲請，並於該行文表土地使用分區（或公共設施\n    用地）欄內註記上開2筆土地均為「住宅區」，顯見被告知\n    悉員林鎮都市計畫第2次通盤檢討有變更上開2筆土地使用分\n    區之情事，故其嗣後將「座落員林鎮○○段1156地號土地係\n    屬公共設施保留地」之不實事項先後登載於其職務上所掌之\n    94年6月24日員建字第0940017648 號函及94年7月13日員建\n    字第0940019613號函之公文書，並函覆案外人吳進興而行使\n    之，其主觀上應屬故意而為。\n  (2)原審判決另舉「擬定員林都市計畫細部計畫案計畫書所附細\n    部計畫示意圖，其圖上僅標示各區之使用用途，而未標示地\n    號，故賴文彬及邱莉莉2人將上開兩筆土地之使用分區均誤\n    載為住宅區」為例，而認被告辯稱其因忙碌錯看圖示，尚非\n    不可採信。惟賴文彬與邱莉莉誤載之情況與本件被告之情形\n    並不相同，其等2人均係誤載前開2筆土地為住宅區，而非如\n    被告均誤載為公共設施保留地。\n  (3)前述被告知悉前開員林鎮○○段1156地號土地業已變更土地\n    使用分區為住宅區，竟仍在土地使用分區證明登載該筆土地\n    之使用分區為公共設施保留地，益徵被告確有故意行使公務\n    員登載不實文書犯行。\n四、本院查：\n  (一)坐落彰化縣員林鎮○○段1156、1156之1地號土地，原屬員\n    林鎮都市計畫「公八」（第8號公園）用地，嗣經員林鎮都\n    市計畫第2次通盤檢討，其中員林鎮○○段1156地號土地，\n    變更為住宅區，附帶條件為應另行擬定細部計畫《含配置適\n    當之公共設施用地與擬具具體公平合理之事業及財務計畫》\n    ，並俟細部計畫完成法定程序發佈實施，始得發照建築；另\n    同段1156之1地號土地，則編定為「公（兒）」（即公園兼\n    兒童遊樂場）用地一節，有彰化縣政府88年3月30日88彰府\n    工都字第054308號公告、擬定員林都市計畫（原「公八」公\n    園用地變更為住宅區）細部計畫案計畫書（含圖）及系爭土\n    地之地籍圖謄本在卷可參，亦即員林鎮○○段1156地號土地\n    變更為住宅區，但於附帶條件成就時，始得發照；另同段11\n    56之1地號土地，仍屬公共設施保留地，是公訴人就系爭員\n    林鎮○○段1156之1地號土地部分，認被告涉有圖利及偽造\n    文書犯嫌，即與事實不符。\n  (二)按貪污治罪條例第6條第1項第4款之圖利罪，須以明知違背\n    法令，直接或間接圖自己或其他私人不法利益，因而獲得不\n    法利益者，為其構成要件，亦即本條款之圖利罪，係以結果\n    因而獲得不法利益為特別構成要件，如未獲得利益者，自不\n    得遽以該罪相繩（最高法院迭著有94年度台上字第5222號、\n    97年度台上字第4177號及97年度台上字第4644號判決意旨參\n    照）。本件依卷附彰化縣政府98年5月15日府農務字第09801\n    14330號函所稱：「員林鎮○○段1156地號土地係屬自辦市\n    地重劃區，目前該重劃會正申辦變更都市計畫中，尚未辦理\n    土地分配公告，符合農業發展條例施行細則第14條之1第2款\n    之適用」及同縣府98年7月28日府建城字第0980177123號函\n    所稱：「員林鎮○○段1156之1地號土地，在擬定員林都市\n    計畫（原『公八』公園用地變更為住宅區）細部計畫案發佈\n    實施後劃設為公（兒）用地，在重劃分配結果未公告確定前\n    ，自屬公共設施保留地」等語，國稅局依上開函文，於復查\n    決定追認被繼承人張耀三之遺產扣除額即公共設施保留地（\n    即員林鎮○○段1156之1地號土地）為60,151,640元、農地\n    扣除額（即員林鎮○○段1156地號土地）為29,501,580元一\n    節，有國稅局99年1月13日中區國稅法字第0990005238號函\n    暨檢送之前揭函文在卷可佐。足見被告上述承辦發文之員林\n    鎮公所94年6月24日員建字第0940017648號及94年7月13 日\n    員建字第0940019613號等系爭2件函文，其中對於員林鎮○\n    ○段1156地號土地之性質記載為公共設施保留地一情，雖與\n    事實不符而有誤，但因員林鎮○○段1156地號土地，迄今之\n    性質仍屬農地，依法仍得免徵遺產稅，且員林稽徵所先前依\n    被告所承辦函發之系爭2份公文，而認系爭2筆土地得列為遺\n    產扣除額免徵遺產稅一情，與國稅局之復查結果並無二致，\n    被繼承人張耀三之繼承人即證人張良慶、張良傑等人即未因\n    系爭2份函文而獲得不法利益，是被告所為，自與貪污治罪\n    條例第6條第1項第4款之圖利罪無涉。\n  (三)次按刑法第二百十三條之登載不實罪，以公務員所登載不實\n    之事項出於明知為前提要件，所謂明知，係指直接故意而言\n    ，若為間接故意或過失，均難繩以該條之罪（最高法院46年\n    台上字第377號判例參照）。本件被告就員林鎮○○段1156\n    地號土地之性質記載為公共設施保留地部分固與員林鎮都市\n    計畫編定為住宅區而附帶條件發照之性質不符，惟查：\n  (1)被告在吳進興初次於94年6月間，申請核發系爭土地之分區\n    使用證明時，被告以員林鎮公所94年6月13日94員建字第162\n    84號簡便行文表記載系爭2筆土地均為住宅區等語；其後員\n    林鎮公所建設課技士賴文彬在國稅局函查系爭土地之性質時\n    ，亦以該公所95年10月12日員建字第0950029285號函覆略稱\n    ：該2筆土地已變更為住宅區，如未依法定程序變更為公共\n    設施用地，該住宅區自屬土地使用分區之一種等語；嗣該公\n    所技士邱莉莉據他人之申請，以員林鎮公所95年5月10日員\n    鎮農字第10413號，對系爭2筆土地所核發之使用證明書，亦\n    記載均為住宅區等情，有各該函文在卷可憑，足見上揭各該\n    函文，對於員林鎮○○段1156之1地號土地性質之記載，均\n    與前揭都市計畫書圖所示之性質不符，衡此情事即除被告外\n    ，其餘之承辦人技士賴文彬與邱莉莉在不同時間所核發之使\n    用證明，亦均有部分誤載，對此錯誤之發生，倘參照前揭「\n    擬定員林都市計畫（原「公八」公園用地變更為住宅區）細\n    部計畫案計畫書」所附之細部計畫示意圖，其圖上僅標示各\n    區之使用用途，而未標示地號，於此情形，被告及技士賴文\n    彬與邱莉莉於前述公文上之誤載，出於忙碌而未詳細參看地\n    籍圖謄本及示意圖致生錯誤一節，實非無可能。\n  (2)檢察官上訴意旨雖以被告曾於94年6月13日以94員建字第162\n    84號簡便行文表函覆聲請，並於該行文表土地使用分區（或\n    公共設施用地）欄內註記上開1156地號土地為「住宅區」，\n    顯見被告知悉員林鎮都市計畫第2次通盤檢討有變更該筆土\n    地使用分區之情事，其嗣後將「座落員林鎮○○段1156 地\n    號土地係屬公共設施保留地」之不實事項先後登載於其職務\n    上所掌之94年6月24日員建字第0940017648號函及94年7月13\n    日員建字第0940019613號函之公文書，其主觀上應屬故意云\n    云。然系爭1156地號土地，符合農業發展條例施行細則第14\n    條之1第2款規定，不課徵土地增值稅或免徵遺產稅、贈與稅\n    或田賦等情，已見前述，被告主辦農地管理業務多年，對此\n    既了然於胸，其於上開公文書無故為不實登載之動機。況就\n    員林鎮○○段1156之1地號土地而言，在擬定員林都市計畫\n    細部計畫案發佈實施後劃設為公（兒）用地，屬公共設施保\n    留地，業見前述，而被告於前揭94年6月13日以94員建字第1\n    6284號簡便行文表函覆聲請時，亦於該行文表土地使用分區\n    （或公共設施用地）欄內註記上開1156-1地號土地為「住宅\n    區」，顯有錯誤，是難以此為被告不利認定甚明。\n五、按為訴訟上證明之資料，須通常一般之人均不致於有所懷疑\n    ，而得確信其為真實之程度者，始得據為有罪之認定。倘其\n    證明尚未達於此一程度，而有合理性懷疑存在時，即不得遽\n    認被告犯罪。又，刑事訴訟之被告依法並無自證無罪之義務\n    ，若控罪所憑之積極證據，在生活經驗上尚不足以排除其他\n    有利被告之合理推斷，致不足以證明犯罪事實時，仍不能因\n    被告否認犯罪之辯解不成立，資為無視積極證據不足之理由\n    ，通觀最高法院76年度台上字第4986號、30年上字第482號\n    、30年上字第1831號等判例所持一貫見解，不難明瞭。綜上\n    所述，本件公訴人所憑之證據，無論直接或間接證據，均尚\n    未達於一般之人均可得確信，而無合理之懷疑存在之程度，\n    本院亦查無其他確切証據，足以証明被告確應負本件罪責，\n    被告之犯行尚屬不能証明。原審以不能證明被告犯罪，而依\n    刑事訴訟法第301條第1項規定，諭知無罪之判決，經核認事\n    用法，並無不合，檢察官上訴意旨認應就被告予以論罪科刑\n    ，而指摘原判決不當，經查為無理由，應予駁回。\n六、據上論斷，應依刑事訴訟法第373條、第368條，判決如主文\n    。\n本案經檢察官甲○○到庭執行職務。\n中    華    民    國    99    年    5    月      12   日\n            刑事第四庭    審判長法  官  洪  耀  宗\n                                法  官  蔡 王金 全\n                                法  官  劉  登  俊\n以上正本證明與原本無異。\n檢察官得上訴。\n如不服本判決應於收受送達後十日內向本院提出上訴書狀，其未\n敘述上訴理由者，並得於提起上訴後十日內向本院補提理由書（\n均須按他造當事人之人數附繕本）「切勿逕送上級法院」。\n                                書記官  張  惠  彥\n中    華    民    國    99    年    5     月    12    日\n附件\n臺灣彰化地方法院刑事判決              97年度訴字第2900號\n公  訴  人  臺灣彰化地方法院檢察署檢察官\n被      告  乙○○  男  57歲（民國○○年○月○○日生）\n                    身分證統一編號：Ｚ000000000號\n                    住彰化縣員林鎮○○○路11號3樓之3\n選任辯護人  李淵源律師\n上列被告因貪污治罪條例等案件，經檢察官提起公訴（96年度\n偵字第1454號），本院判決如下：\n    主  文\n乙○○無罪。\n    理  由\n一、公訴意旨略以：被告乙○○任職彰化縣員林鎮公所建設課，\n    自民國94年6月起代理該公所建設課課長，主管建設課所有\n    業務，並兼辦都市計畫業務，係依法令服務於國家、地方自\n    治團體所屬機關而具有法定職務權限者。爰於94年間，彰化\n    縣員林鎮民張耀三死亡，其遺產由案外人張良慶、張良傑、\n    張良喜（已死亡）及張月娥等人繼承，案外人張良慶、張良\n    傑、張良喜為辦理遺產繼承，乃於同年委託案外人即土地代\n    書吳進興辦理遺產繼承相關證明。因張耀三所留遺產包括坐\n    落彰化縣員林鎮○○段1156及同段1156-1地號2筆土地，於\n    辦理遺產稅申報時需檢附土地謄本、農地農用證明書、戶籍\n    謄本、國稅局財產清冊及土地使用分區證明書證明文書等，\n    始可依法免徵遺產稅。案外人吳進興乃於94年6月間某日，\n    向員林鎮公所申請核發上開2筆土地之土地使用分區證明，\n    該公所收件後，由被告承辦該案。因該2筆土地原係員林鎮\n    都市計畫「公八」（第8號公園）用地，嗣於員林鎮都市計\n    畫第2次通盤檢討時變更為住宅區（附帶條件：應另行擬定\n    細部計畫《含配置適當之公共設施用地與擬具具體公平合理\n    之事業及財務計畫》，並俟細部計畫完成法定程序發佈實施\n    ，始得發照建築），並經彰化縣政府於85年4月12日以 (85)\n    彰府工都字第54437號發佈實施，嗣復經彰化縣政府於88年3\n    月30日以88彰府工都字第054308號公告擬定員林都市計畫（\n    原「公八」公園用地變更為住宅區）細部計畫案計畫書、圖\n    ，並自同日起實施。被告乃於94年6月13日以94員建字第162\n    84號簡便行文表函覆申請，並於該行文表土地使用分區（或\n    公共設施用地）欄內註記上開2筆土地均為「住宅區」。案\n    外人吳進興於收受該簡便行文表後，因無法向稅捐機關申報\n    減免張耀三之遺產稅，乃於94年6月20日再次填載都市計畫\n    土地使用分區（或公共設施用地）證明申請書，並在該申請\n    書中註明「上述兩筆若公園用地，請惠予加註公共設施保留\n    用地，尚未徵收」等文字後，持向員林鎮公所申請核發證明\n    。嗣被告獲悉該申請案後，明知上開2筆土地已變更為住宅\n    區，且未再依法定程序變更為公共設施用地，屬於土地使用\n    分區之一種，非屬公共設施保留地，竟基於明知為不實之事\n    項，而登載於職務上所掌之公文書，及對於主管之事務，明\n    知違背法令，直接圖私人不法利益之犯意，未由員林鎮公所\n    建設課技士逐級簽請核可，而逕行受理該申請案，並將「坐\n    落員林鎮○○段1156及同段1156-1地號土地係屬公共設施保\n    留地」之不實事項先後登載於其職務上所掌之94年6月24日\n    員建字第0940017648號函及94年7月13日（起訴書誤載為「\n    14日」）員建字第0940019613號函之公文書，並函覆案外人\n    吳進興而行使之，足以生損害於員林鎮公所審核申請土地使\n    用分區（或公共設施保留地）證明業務之正確性。案外人吳\n    進興取得上開不實之公文書後，即據以向財政部台灣省中區\n    國稅局申報張耀三遺產稅，使該局不知情之業務承辦人李旻\n    靜在遺產稅核定通知書中將上開2筆土地註記為公共設施保\n    留地，並核定案外人張良慶等繼承人之應納遺產稅額為新臺\n    幣（下同）910,079元。其後案外人張良喜於95年1月間過世\n    ，其遺產稅案件由中區國稅局員林稽徵所稅務員曾萍承辦，\n    因受託辦理遺產稅申報之案外人陳清福代書所提出之95年4\n    月14日員林鎮公所95員建字第10398號簡便行文表載明上開2\n    筆土地之使用分區為「住宅區」，並非公共設施保留地，曾\n    萍發覺其中有異，經向員林鎮公所函查結果，由該公所建設\n    課技士賴文彬於95年10月12日以員建字第0950029285號函敘\n    明上開2筆土地非屬公共設施保留地函覆該局，曾萍始未呈\n    核案外人張良喜之遺產稅額。被告即以此出具不實公文書之\n    方式，使前開中區國稅局在查核張耀三遺產稅時，核定免徵\n    上開2筆「公共設施保留地」（其核定金額共89,653,220元\n    ）之遺產稅，並使案外人張良慶等人獲得免繳33,553,254元\n    遺產稅之不法利益。因認被告涉犯貪污治罪條例第6條第1項\n    第4款之對於主管或監督之事務非法圖利，及刑法第216條、\n    第213條之行使公務員登載不實文書等罪嫌等語。\n二、關於證據能力部分：\n    按被告以外之人於審判外之言詞或書面陳述，除法律有規定\n    者外，不得作為證據，刑事訴訟法第159條第1項定有明文。\n    本案中公訴人所提證人賴文彬於法務部調查局彰化縣調查站\n    （以下簡稱：調查站）之陳述，係屬被告乙○○以外之人於\n    審判外之言詞陳述，因被告及其辯護人不同意作為證據，且\n    查無符合法律規定得作為證據之例外情形，故無證據能力，\n    應予排除。除此外，公訴人所提出之下列證據，無論供述證\n    據或非供述證據，被告及其辯護人均同意作為證據，復查無\n    非法取得而不得作為證據之情形，故均具有證據能力。\n三、按犯罪事實應依證據認定之，無證據不得認定犯罪事實；不\n    能證明被告犯罪或其行為不罰者，應諭知無罪之判決，刑事\n    訴訟法第154條第2項、第301條第1項分別定有明文。次按認\n    定不利於被告之事實，須依積極證據，苟積極證據不足為不\n    利於被告事實之認定時，即使被告之抗辯或反證縱屬虛偽，\n    仍應為有利於被告之認定，更不必有何有利之證據；又事實\n    之認定，應憑證據，如未能發現相當證據，或證據不足以證\n    明，自不能以推測或擬制之方法，以為裁判基礎。而刑事訴\n    訟法上所謂認定犯罪事實之積極證據，係指適合於被告犯罪\n    事實之認定之積極證據而言，雖不以直接證據為限，間接證\n    據亦包括在內；然無論直接或間接證據，其為訴訟上之證明\n    ，須於通常一般之人均不致有所懷疑，而得確信其為真實之\n    程度者，始得據為有罪之認定。倘其證明尚未達到此一程度\n    ，而有合理之懷疑存在時，致無從形成有罪之確信，則根據\n    「罪證有疑，利於被告」之證據法則，即不得遽為不利被告\n    之認定。最高法院迭有30年上字第482號、30年上字第1831\n    號、40年台上字第86號及76年台上字第4986號判例意旨足資\n    參循。\n四、公訴人認被告涉犯貪污治罪條例第6條第1項第4款之對於主\n    管或監督之事務非法圖利，及刑法第216條、第213條之行使\n    公務員登載不實文書等罪嫌，所憑無非以：證人張良傑、張\n    良慶、張月娥、李旻靜、曾萍、吳進興、吳佶容及黃富美等\n    人之陳述，及證人吳進興於94年6月20日都市計畫使用分區\n    （或公共設施用地）證明申請書、94年7月12日申請書，以\n    及員林鎮公所94年6月24日員建字第0940017648號函、94年7\n    月13日員建字第0940019613號函、95年10月12日員建字第09\n    50029285號函、95年10月19日員建字第0950030805號函、94\n    年6月13日94員建字第16284號簡便行文表、95年4月14日員\n    建字第10398號簡便行文表、95年10月16日30259號簡便行文\n    表、彰化縣政府88年3月30日88府工都字第054308號公告、\n    內政部營建署90年8月13日90營署都字第047134號函、內政\n    部91年10月9日台內營字第0910086868號函、地籍圖、擬定\n    員林都市計畫（原「公八」公園用地變更為住宅區）細部計\n    畫示意圖、遺產稅核定通知書、94年度遺產稅繳款書、查簽\n    報告，暨擬定員林都市計畫（原「公八」公園用地變更為住\n    宅區）細部計畫書各1份，為其論據。\n五、訊據被告堅決否認有前揭公訴人所指之犯行，辯稱：其於承\n    辦核發系爭土地使用分區證明時，因忙中有錯，在參看都市\n    計劃圖時，由於該圖之比例尺為3千分之1較小，且一般公共\n    設施地形都很方正，而其前往員林鎮○○段1156及同段1156\n    -1地號等土地現場查看，又均係農地，以致錯看住宅區與公\n    兒用地之區界線，遂將屬住宅區之員林鎮○○段1156地號土\n    地誤發為公共設施保留地，另員林鎮○○段1156之1地號土\n    地為公園兼兒童遊樂場，屬公共設施保留地無誤。雖然員林\n    鎮○○段1156地號土地經都市計畫編定為住宅區，但因該地\n    原為農業用地，依據農業發展條例施行細則第14條之1規定\n    ，在未辦理市地重劃前，仍不能依變更後之分區建築使用，\n    依法亦可申請不課徵遺產稅。是被告所為並無圖利他人及故\n    意於公文書上登載不實之情形等語。\n六、經查：\n(一)坐落彰化縣員林鎮○○段1156、1156之1地號土地，原屬員\n    林鎮都市計畫「公八」（第8號公園）用地，嗣經員林鎮都\n    市計畫第2次通盤檢討，其中員林鎮○○段1156地號土地，\n    變更為住宅區，附帶條件為應另行擬定細部計畫《含配置適\n    當之公共設施用地與擬具具體公平合理之事業及財務計畫》\n    ，並俟細部計畫完成法定程序發佈實施，始得發照建築；另\n    同段1156之1地號土地，則編定為「公（兒）」（即公園兼\n    兒童遊樂場）用地一節，有彰化縣政府88年3月30日88彰府\n    工都字第054308號公告【見偵卷第17頁背面】、擬定員林都\n    市計畫（原「公八」公園用地變更為住宅區）細部計畫案計\n    畫書（含圖）【見隨卷外放「擬定員林都市計畫（原「公八\n    」公園用地變更為住宅區）細部計畫案計畫書」】，及系爭\n    土地之地籍圖謄本【見本院卷第36頁】在卷可參，亦即員林\n    鎮○○段1156地號土地變更為住宅區，但於附帶條件成就時\n    ，始得發照；另同段1156之1地號土地，仍屬公共設施保留\n    地。是公訴人遽依員林鎮公所所發94年6月13日94員建字第\n    16284號簡便行文表（被告承辦）【見偵卷第18頁】、95年4\n    月14日員建字第10398號簡便行文表【見偵卷第55頁】，及\n    95年10月12日員建字第0950029285號函（案外人賴文彬承辦\n    ）【見偵卷第20頁】等公文記載系爭土地均為住宅區，而未\n    參酌前揭之「擬定員林都市計畫（原「公八」公園用地變更\n    為住宅區）細部計畫案計畫書」等資料，即認系爭土地均非\n    屬公共設施保留地一情，就上述員林鎮○○段1156之1地號\n    土地部分，實尚有誤會。\n(二)證人即案外人吳進興於94年6月20日向員林鎮公所申請發給\n    坐落員林鎮○○段1156、1156之1地號等2筆土地之土地使用\n    分區證明後，由被告承辦，並以員林鎮公所94年6月24日員\n    建字第0940017648號函表示：坐落員林鎮○○段1156、1156\n    之1等地號土地，位於員林都市計畫公（兒）用地區內，為\n    應徵收而未徵收之公共設施保留地等語；證人吳進興於接獲\n    該函後，又於94年7月12日申請就前揭函文補註編定日期，\n    被告於接獲該申請案後，復以員林鎮公所94年7月13日員建\n    字第0940019613號函覆謂：該等地號土地，係於58年畫定為\n    公園用地，85年第2次通盤檢討變更為住宅區（附帶條件需\n    辦理細部計畫，並負擔公共設施），87年12月2日細部計畫\n    發佈實施，畫定為公（兒）用地，屬於公共設施保留地等情\n    ，業據證人吳進興於偵查中證述甚明【見偵卷第167、168頁\n    】，並為被告所承認，復有申請書影本2份【見偵卷第64頁\n    正、背面】、前揭函文影本各1件【見偵卷第16頁正、背面\n    】在卷可參，是此部分之事實可以認定。\n(三)再證人吳進興於接獲員林鎮公所前述94年6月24日員建字第\n    0940017648號及94年7月13日員建字第0940019613號等2份函\n    文後，將之附在伊受案外人證人張良傑等委任辦理被繼承人\n    張耀三之遺產稅申報案內，並以員林鎮○○段1156、1156之\n    1地號等2筆土地為共公設施保留地，申請免徵遺產稅；財政\n    部台灣省中區國稅局（以下簡稱：國稅局）員林稽徵所稅務\n    員李旻靜於受理後，乃依員林鎮公所前述2份函文意旨，認\n    定系爭2筆土地，均屬公共設施保留地，而核定自張耀三之\n    遺產總額內扣除員林鎮○○段1156地號土地價額29,501,580\n    元、1156之1地號土地價額60,151,640元即共計89,653,220\n    元，亦即該2筆土地不列入計徵遺產稅等情，亦據證人張良\n    傑、張良慶、張月娥、吳進興、吳佶容及李旻靜於偵查中證\n    述甚明【見偵卷第22、28、34、44、45、58、59、68、165\n    、168頁】，復有證人李旻靜製作之查簽報告及國稅局94年7\n    月29日之遺產稅核定通知書均影本各1份在卷可參【見偵卷\n    第85、86頁】。其後於95年間，因張耀三之繼承人張良喜死\n    亡，案外人陳清福代書代理張良喜之繼承人辦理遺產稅申報\n    案時，證人即國稅局稅務員曾萍發現其內所附之員林鎮公所\n    95年4月14日員建字第10398號簡便行文表載明上開2筆土地\n    之使用分區為「住宅區」，並非公共設施保留地，經向員林\n    鎮公所函查，由該公所承辦人即建設課技士賴文彬於95年10\n    月12日以員建字第0950029285號函覆略謂：該等土地原為「\n    公八」公共設施用地，既已於85年4月12日員林都市計畫第2\n    次通盤檢討附帶條件變更為住宅區，自屬土地使用分區之一\n    種等語，證人曾萍認前於核定張耀三遺產稅時，將系爭土地\n    列為公共設施保留地予以免徵遺產稅有誤，國稅局乃對張耀\n    三之繼承人即證人張良慶、張良傑等人核定補徵遺產稅額\n    33,553,254元等節，固據證人曾萍於偵查中證述【見偵卷第\n    52至54頁、第166、167頁】，並有員林鎮公所95年4月14日\n    員建字第10398號簡便行文表、95年10月12日以員建字第095\n    0029285號函及國稅局遺產稅繳款書等各1份在卷可參【見偵\n    卷第55、83、87頁】。惟張耀三之繼承人不服該補繳遺產稅\n    之核定，經申請復查後，國稅局依彰化縣政府98年5月15日\n    府農務字第0980114330號函所稱：「員林鎮○○段1156地號\n    土地係屬自辦市地重劃區，目前該重劃會正申辦變更都市計\n    畫中，尚未辦理土地分配公告，符合農業發展條例施行細則\n    第14條之1第2款之適用」，以及同縣府98年7月28日府建城\n    字第0980177123號函所稱：「員林鎮○○段1156之1地號土\n    地，在擬定員林都市計畫（原『公八』公園用地變更為住宅\n    區）細部計畫案發佈實施後劃設為公（兒）用地，在重劃分\n    配結果未公告確定前，自屬公共設施保留地。」等語，乃於\n    復查決定追認被繼承人張耀三之遺產扣除額即公共設施保留\n    地（即員林鎮○○段1156之1地號土地）為60,151,640元、\n    農地扣除額（即員林鎮○○段1156地號土地）為29,501,580\n    元一節，有國稅局99年1月13日中區國稅法字第0990005238\n    號函暨檢送之前揭函文在卷可佐【見本院卷第120至124頁】\n    。足見被告上述承辦發文之員林鎮公所94年6月24日員建字\n    第0940017648號及94年7月13日員建字第0940019613號等系\n    爭2件函文，其中對於員林鎮○○段1156地號土地之性質記\n    載為公共設施保留地一情，雖與事實不符而有誤，但因員林\n    鎮○○段1156地號土地，迄今之性質仍屬農地，依法仍得免\n    徵遺產稅，且員林稽徵所先前依被告所承辦函發之系爭2份\n    公文，而認系爭2筆土地得列為遺產扣除額免徵遺產稅一情\n    ，與國稅局之復查結果並無二致，按此，被繼承人張耀三之\n    繼承人即證人張良慶、張良傑等人，未因系爭2份函文而獲\n    得不法利益一節，堪以認定。\n(四)按貪污治罪條例第6條第1項第4款之圖利罪，須以明知違背\n    法令，直接或間接圖自己或其他私人不法利益，因而獲得不\n    法利益者，為其構成要件，亦即本條款之圖利罪，係以結果\n    因而獲得不法利益為特別構成要件，如未獲得利益者，自不\n    得遽以該罪相繩，最高法院迭著有94年度台上字第5222號、\n    97年度台上字第4177號及97年度台上字第4644號判決意旨可\n    循。本案如上所述，被繼承人張耀三之繼承人既未因被告所\n    核發之系爭2份公文而獲得利益，是被告所為，自與貪污治\n    罪條例第6條第1項第4款之圖利罪無涉。\n(五)關於被告所承辦核發之系爭2件公文，如上所述，就員林鎮\n    ○○段1156之1地號土地，記載為公共設施保留地一節，與\n    事實並無不符，是公訴人認被告此部分有登載不實，容有誤\n    會。至於就員林鎮○○段1156地號土地之性質（被告記載為\n    公共設施保留地），與員林鎮都市計畫編定為住宅區而附帶\n    條件發照之性質固有不符，公訴人並以此認被告涉犯行使公\n    務員登載不實文書罪嫌，惟參照被告在證人吳進興初次於94\n    年6月間，申請核發系爭土地之分區使用證明時，被告以員\n    林鎮公所94年6月13日94員建字第16284號簡便行文表記載系\n    爭2筆土地均為住宅區等語；其後員林鎮公所建設課技士賴\n    文彬在國稅局函查系爭土地之性質時，亦以該公所95年10月\n    12日員建字第0950029285號函覆略稱：該2筆土地已變更為\n    住宅區，如未依法定程序變更為公共設施用地，該住宅區自\n    屬土地使用分區之一種等語；嗣該公所技士邱莉莉據他人之\n    申請，以員林鎮公所95年5月10日員鎮農字第10413號，對系\n    爭2筆土地所核發之使用證明書，亦記載均為住宅區等情，\n    有各該函文在卷可憑【見偵卷第18、20、本院卷第104頁】\n    ，足見上揭各該函文，對於員林鎮○○段1156之1地號土地\n    性質之記載，均與前揭都市計畫書圖所示之性質不符，衡此\n    情事即除被告外，其餘之承辦人技士賴文彬與邱莉莉在不同\n    時間所核發之使用證明，亦均有部分誤載，對此錯誤之發生\n    ，倘參照前揭「擬定員林都市計畫（原「公八」公園用地變\n    更為住宅區）細部計畫案計畫書」所附之細部計畫示意圖【\n    見該外放計畫書第五－三頁】，其圖上僅標示各區之使用用\n    途，而未標示地號，於此情形，被告及技士賴文彬與邱莉莉\n    於前述公文上之誤載，出於忙碌而未詳細參看地籍圖謄本及\n    示意圖致生錯誤一節，實非無可能。是被告辯稱其因忙碌錯\n    看圖示，而非故意在公文上登載不實等語，尚非不可採信。\n(六)至於公訴人所提其餘證人黃富美之陳述，及員林鎮公所95年\n    10月19日員建字第0950030805號函、95年10月16日30259號\n    簡便行文表、內政部營建署90年8月13日90營署都字第04713\n    4號函及內政部91年10月9日台內營字第0910086868號函等證\n    據，充其量僅係說明系爭土地之性質，並無從證明被告有公\n    訴人所指對於主管或監督之事務非法圖利，及行使公務員登\n    載不實文書等犯行。\n七、綜上所述，本案依公訴人所提出之現有證據，因尚不足以使\n    本院對被告形成有罪之確信，基於「罪證有疑，利於被告」\n    之原則，自應對被告諭知無罪之判決。\n據上論斷，應依刑事訴訟法第301條第1項，判決如主文。\n本案經檢察官林于人到庭執行職務。\n中    華    民    國    99    年    2     月    8     日\n                  刑事第三庭    審判長法  官  李進清\n                                      法  官  唐中興\n                                      法  官  陳銘壎\n以上正本證明與原本無異。\n如不服本判決應於收受判決後10日內向本院提出上訴書狀，並應\n敘述具體理由；其未敘述上訴理由者，應於上訴期間屆滿後20日\n內向本院補提理由書(均須按他造當事人之人數附繕本)「切勿逕\n送上級法院」。\n中    華    民    國    99    年    2     月    8     日\n                                      書記官  楊筱惠",
  "structure": {
    "main": "上訴駁回。\n    理  由\n一、公訴意旨略以：被告乙○○任職彰化縣員林鎮公所建設課，\n    自民國94年6月起代理該公所建設課課長，主管建設課所有\n    業務，並兼辦都市計畫業務，係依法令服務於國家、地方自\n    治團體所屬機關而具有法定職務權限者。爰於94年間，彰化\n    縣員林鎮民張耀三死亡，其遺產由案外人張良慶、張良傑、\n    張良喜（已死亡）及張月娥等人繼承，案外人張良慶、張良\n    傑、張良喜為辦理遺產繼承，乃於同年委託案外人即土地代\n    書吳進興辦理遺產繼承相關證明。因張耀三所留遺產包括坐\n    落彰化縣員林鎮○○段1156及同段1156-1地號2筆土地，於\n    辦理遺產稅申報時需檢附土地謄本、農地農用證明書、戶籍\n    謄本、國稅局財產清冊及土地使用分區證明書證明文書等，\n    始可依法免徵遺產稅。案外人吳進興乃於94年6月間某日，\n    向員林鎮公所申請核發上開2筆土地之土地使用分區證明，\n    該公所收件後，由被告承辦該案。因該2筆土地原係員林鎮\n    都市計畫「公八」（第8號公園）用地，嗣於員林鎮都市計\n    畫第2次通盤檢討時變更為住宅區（附帶條件：應另行擬定\n    細部計畫《含配置適當之公共設施用地與擬具具體公平合理\n    之事業及財務計畫》，並俟細部計畫完成法定程序發佈實施\n    ，始得發照建築），並經彰化縣政府於85年4月12日以 (85)\n    彰府工都字第54437號發佈實施，嗣復經彰化縣政府於88年3\n    月30日以88彰府工都字第054308號公告擬定員林都市計畫（\n    原「公八」公園用地變更為住宅區）細部計畫案計畫書、圖\n    ，並自同日起實施。被告乃於94年6月13日以94員建字第162\n    84號簡便行文表函覆申請，並於該行文表土地使用分區（或\n    公共設施用地）欄內註記上開2筆土地均為「住宅區」。案\n    外人吳進興於收受該簡便行文表後，因無法向稅捐機關申報\n    減免張耀三之遺產稅，乃於94年6月20日再次填載都市計畫\n    土地使用分區（或公共設施用地）證明申請書，並在該申請\n    書中註明「上述兩筆若公園用地，請惠予加註公共設施保留\n    用地，尚未徵收」等文字後，持向員林鎮公所申請核發證明\n    。嗣被告獲悉該申請案後，明知上開2筆土地已變更為住宅\n    區，且未再依法定程序變更為公共設施用地，屬於土地使用\n    分區之一種，非屬公共設施保留地，竟基於明知為不實之事\n    項，而登載於職務上所掌之公文書，及對於主管之事務，明\n    知違背法令，直接圖私人不法利益之犯意，未由員林鎮公所\n    建設課技士逐級簽請核可，而逕行受理該申請案，並將「坐\n    落員林鎮○○段1156及同段1156-1地號土地係屬公共設施保\n    留地」之不實事項先後登載於其職務上所掌之94年6月24日\n    員建字第0940017648號函及94年7月13日（起訴書誤載為「1\n    4日」）員建字第0940019613號函之公文書，並函覆案外人\n    吳進興而行使之，足以生損害於員林鎮公所審核申請土地使\n    用分區（或公共設施保留地）證明業務之正確性。案外人吳\n    進興取得上開不實之公文書後，即據以向財政部台灣省中區\n    國稅局申報張耀三遺產稅，使該局不知情之業務承辦人李旻\n    靜在遺產稅核定通知書中將上開2筆土地註記為公共設施保\n    留地，並核定案外人張良慶等繼承人之應納遺產稅額為新臺\n    幣（下同）910,079元。其後案外人張良喜於95年1月間過世\n    ，其遺產稅案件由中區國稅局員林稽徵所稅務員曾萍承辦，\n    因受託辦理遺產稅申報之案外人陳清福代書所提出之95年4\n    月14日員林鎮公所95員建字第10398號簡便行文表載明上開2\n    筆土地之使用分區為「住宅區」，並非公共設施保留地，曾\n    萍發覺其中有異，經向員林鎮公所函查結果，由該公所建設\n    課技士賴文彬於95年10月12日以員建字第0950029285號函敘\n    明上開2筆土地非屬公共設施保留地函覆該局，曾萍始未呈\n    核案外人張良喜之遺產稅額。被告即以此出具不實公文書之\n    方式，使前開中區國稅局在查核張耀三遺產稅時，核定免徵\n    上開2筆「公共設施保留地」（其核定金額共89,653,220元\n    ）之遺產稅，並使案外人張良慶等人獲得免繳33,553,254元\n    遺產稅之不法利益。因認被告涉犯貪污治罪條例第6條第1項\n    第4款之對於主管或監督之事務非法圖利，及刑法第216條、\n    第213條之行使公務員登載不實文書等罪嫌等語。\n二、本案經本院審理結果，認被告被訴違反貪污治罪條例等犯行\n    係屬不能證明，其證據及理由，業據第一審判決書理由欄記\n    載甚詳，爰引用之（如附件）。\n三、檢察官上訴意旨以：\n  (1)被告乙○○曾於民國94年6月13日以94員建字第16284號簡便\n    行文表函覆聲請，並於該行文表土地使用分區（或公共設施\n    用地）欄內註記上開2筆土地均為「住宅區」，顯見被告知\n    悉員林鎮都市計畫第2次通盤檢討有變更上開2筆土地使用分\n    區之情事，故其嗣後將「座落員林鎮○○段1156地號土地係\n    屬公共設施保留地」之不實事項先後登載於其職務上所掌之\n    94年6月24日員建字第0940017648 號函及94年7月13日員建\n    字第0940019613號函之公文書，並函覆案外人吳進興而行使\n    之，其主觀上應屬故意而為。\n  (2)原審判決另舉「擬定員林都市計畫細部計畫案計畫書所附細\n    部計畫示意圖，其圖上僅標示各區之使用用途，而未標示地\n    號，故賴文彬及邱莉莉2人將上開兩筆土地之使用分區均誤\n    載為住宅區」為例，而認被告辯稱其因忙碌錯看圖示，尚非\n    不可採信。惟賴文彬與邱莉莉誤載之情況與本件被告之情形\n    並不相同，其等2人均係誤載前開2筆土地為住宅區，而非如\n    被告均誤載為公共設施保留地。\n  (3)前述被告知悉前開員林鎮○○段1156地號土地業已變更土地\n    使用分區為住宅區，竟仍在土地使用分區證明登載該筆土地\n    之使用分區為公共設施保留地，益徵被告確有故意行使公務\n    員登載不實文書犯行。\n四、本院查：\n  (一)坐落彰化縣員林鎮○○段1156、1156之1地號土地，原屬員\n    林鎮都市計畫「公八」（第8號公園）用地，嗣經員林鎮都\n    市計畫第2次通盤檢討，其中員林鎮○○段1156地號土地，\n    變更為住宅區，附帶條件為應另行擬定細部計畫《含配置適\n    當之公共設施用地與擬具具體公平合理之事業及財務計畫》\n    ，並俟細部計畫完成法定程序發佈實施，始得發照建築；另\n    同段1156之1地號土地，則編定為「公（兒）」（即公園兼\n    兒童遊樂場）用地一節，有彰化縣政府88年3月30日88彰府\n    工都字第054308號公告、擬定員林都市計畫（原「公八」公\n    園用地變更為住宅區）細部計畫案計畫書（含圖）及系爭土\n    地之地籍圖謄本在卷可參，亦即員林鎮○○段1156地號土地\n    變更為住宅區，但於附帶條件成就時，始得發照；另同段11\n    56之1地號土地，仍屬公共設施保留地，是公訴人就系爭員\n    林鎮○○段1156之1地號土地部分，認被告涉有圖利及偽造\n    文書犯嫌，即與事實不符。\n  (二)按貪污治罪條例第6條第1項第4款之圖利罪，須以明知違背\n    法令，直接或間接圖自己或其他私人不法利益，因而獲得不\n    法利益者，為其構成要件，亦即本條款之圖利罪，係以結果\n    因而獲得不法利益為特別構成要件，如未獲得利益者，自不\n    得遽以該罪相繩（最高法院迭著有94年度台上字第5222號、\n    97年度台上字第4177號及97年度台上字第4644號判決意旨參\n    照）。本件依卷附彰化縣政府98年5月15日府農務字第09801\n    14330號函所稱：「員林鎮○○段1156地號土地係屬自辦市\n    地重劃區，目前該重劃會正申辦變更都市計畫中，尚未辦理\n    土地分配公告，符合農業發展條例施行細則第14條之1第2款\n    之適用」及同縣府98年7月28日府建城字第0980177123號函\n    所稱：「員林鎮○○段1156之1地號土地，在擬定員林都市\n    計畫（原『公八』公園用地變更為住宅區）細部計畫案發佈\n    實施後劃設為公（兒）用地，在重劃分配結果未公告確定前\n    ，自屬公共設施保留地」等語，國稅局依上開函文，於復查\n    決定追認被繼承人張耀三之遺產扣除額即公共設施保留地（\n    即員林鎮○○段1156之1地號土地）為60,151,640元、農地\n    扣除額（即員林鎮○○段1156地號土地）為29,501,580元一\n    節，有國稅局99年1月13日中區國稅法字第0990005238號函\n    暨檢送之前揭函文在卷可佐。足見被告上述承辦發文之員林\n    鎮公所94年6月24日員建字第0940017648號及94年7月13 日\n    員建字第0940019613號等系爭2件函文，其中對於員林鎮○\n    ○段1156地號土地之性質記載為公共設施保留地一情，雖與\n    事實不符而有誤，但因員林鎮○○段1156地號土地，迄今之\n    性質仍屬農地，依法仍得免徵遺產稅，且員林稽徵所先前依\n    被告所承辦函發之系爭2份公文，而認系爭2筆土地得列為遺\n    產扣除額免徵遺產稅一情，與國稅局之復查結果並無二致，\n    被繼承人張耀三之繼承人即證人張良慶、張良傑等人即未因\n    系爭2份函文而獲得不法利益，是被告所為，自與貪污治罪\n    條例第6條第1項第4款之圖利罪無涉。\n  (三)次按刑法第二百十三條之登載不實罪，以公務員所登載不實\n    之事項出於明知為前提要件，所謂明知，係指直接故意而言\n    ，若為間接故意或過失，均難繩以該條之罪（最高法院46年\n    台上字第377號判例參照）。本件被告就員林鎮○○段1156\n    地號土地之性質記載為公共設施保留地部分固與員林鎮都市\n    計畫編定為住宅區而附帶條件發照之性質不符，惟查：\n  (1)被告在吳進興初次於94年6月間，申請核發系爭土地之分區\n    使用證明時，被告以員林鎮公所94年6月13日94員建字第162\n    84號簡便行文表記載系爭2筆土地均為住宅區等語；其後員\n    林鎮公所建設課技士賴文彬在國稅局函查系爭土地之性質時\n    ，亦以該公所95年10月12日員建字第0950029285號函覆略稱\n    ：該2筆土地已變更為住宅區，如未依法定程序變更為公共\n    設施用地，該住宅區自屬土地使用分區之一種等語；嗣該公\n    所技士邱莉莉據他人之申請，以員林鎮公所95年5月10日員\n    鎮農字第10413號，對系爭2筆土地所核發之使用證明書，亦\n    記載均為住宅區等情，有各該函文在卷可憑，足見上揭各該\n    函文，對於員林鎮○○段1156之1地號土地性質之記載，均\n    與前揭都市計畫書圖所示之性質不符，衡此情事即除被告外\n    ，其餘之承辦人技士賴文彬與邱莉莉在不同時間所核發之使\n    用證明，亦均有部分誤載，對此錯誤之發生，倘參照前揭「\n    擬定員林都市計畫（原「公八」公園用地變更為住宅區）細\n    部計畫案計畫書」所附之細部計畫示意圖，其圖上僅標示各\n    區之使用用途，而未標示地號，於此情形，被告及技士賴文\n    彬與邱莉莉於前述公文上之誤載，出於忙碌而未詳細參看地\n    籍圖謄本及示意圖致生錯誤一節，實非無可能。\n  (2)檢察官上訴意旨雖以被告曾於94年6月13日以94員建字第162\n    84號簡便行文表函覆聲請，並於該行文表土地使用分區（或\n    公共設施用地）欄內註記上開1156地號土地為「住宅區」，\n    顯見被告知悉員林鎮都市計畫第2次通盤檢討有變更該筆土\n    地使用分區之情事，其嗣後將「座落員林鎮○○段1156 地\n    號土地係屬公共設施保留地」之不實事項先後登載於其職務\n    上所掌之94年6月24日員建字第0940017648號函及94年7月13\n    日員建字第0940019613號函之公文書，其主觀上應屬故意云\n    云。然系爭1156地號土地，符合農業發展條例施行細則第14\n    條之1第2款規定，不課徵土地增值稅或免徵遺產稅、贈與稅\n    或田賦等情，已見前述，被告主辦農地管理業務多年，對此\n    既了然於胸，其於上開公文書無故為不實登載之動機。況就\n    員林鎮○○段1156之1地號土地而言，在擬定員林都市計畫\n    細部計畫案發佈實施後劃設為公（兒）用地，屬公共設施保\n    留地，業見前述，而被告於前揭94年6月13日以94員建字第1\n    6284號簡便行文表函覆聲請時，亦於該行文表土地使用分區\n    （或公共設施用地）欄內註記上開1156-1地號土地為「住宅\n    區」，顯有錯誤，是難以此為被告不利認定甚明。\n五、按為訴訟上證明之資料，須通常一般之人均不致於有所懷疑\n    ，而得確信其為真實之程度者，始得據為有罪之認定。倘其\n    證明尚未達於此一程度，而有合理性懷疑存在時，即不得遽\n    認被告犯罪。又，刑事訴訟之被告依法並無自證無罪之義務\n    ，若控罪所憑之積極證據，在生活經驗上尚不足以排除其他\n    有利被告之合理推斷，致不足以證明犯罪事實時，仍不能因\n    被告否認犯罪之辯解不成立，資為無視積極證據不足之理由\n    ，通觀最高法院76年度台上字第4986號、30年上字第482號\n    、30年上字第1831號等判例所持一貫見解，不難明瞭。綜上\n    所述，本件公訴人所憑之證據，無論直接或間接證據，均尚\n    未達於一般之人均可得確信，而無合理之懷疑存在之程度，\n    本院亦查無其他確切証據，足以証明被告確應負本件罪責，\n    被告之犯行尚屬不能証明。原審以不能證明被告犯罪，而依\n    刑事訴訟法第301條第1項規定，諭知無罪之判決，經核認事\n    用法，並無不合，檢察官上訴意旨認應就被告予以論罪科刑\n    ，而指摘原判決不當，經查為無理由，應予駁回。\n六、據上論斷，應依刑事訴訟法第373條、第368條，判決如主文\n    。\n本案經檢察官甲○○到庭執行職務。\n中    華    民    國    99    年    5    月      12   日\n            刑事第四庭    審判長法  官  洪  耀  宗\n                                法  官  蔡 王金 全\n                                法  官  劉  登  俊\n以上正本證明與原本無異。\n檢察官得上訴。\n如不服本判決應於收受送達後十日內向本院提出上訴書狀，其未\n敘述上訴理由者，並得於提起上訴後十日內向本院補提理由書（\n均須按他造當事人之人數附繕本）「切勿逕送上級法院」。\n                                書記官  張  惠  彥\n中    華    民    國    99    年    5     月    12    日\n附件\n臺灣彰化地方法院刑事判決              97年度訴字第2900號\n公  訴  人  臺灣彰化地方法院檢察署檢察官\n被      告  乙○○  男  57歲（民國○○年○月○○日生）\n                    身分證統一編號：Ｚ000000000號\n                    住彰化縣員林鎮○○○路11號3樓之3\n選任辯護人  李淵源律師\n上列被告因貪污治罪條例等案件，經檢察官提起公訴（96年度\n偵字第1454號），本院判決如下：\n    主  文\n乙○○無罪。",
    "reason": "一、公訴意旨略以：被告乙○○任職彰化縣員林鎮公所建設課，\n    自民國94年6月起代理該公所建設課課長，主管建設課所有\n    業務，並兼辦都市計畫業務，係依法令服務於國家、地方自\n    治團體所屬機關而具有法定職務權限者。爰於94年間，彰化\n    縣員林鎮民張耀三死亡，其遺產由案外人張良慶、張良傑、\n    張良喜（已死亡）及張月娥等人繼承，案外人張良慶、張良\n    傑、張良喜為辦理遺產繼承，乃於同年委託案外人即土地代\n    書吳進興辦理遺產繼承相關證明。因張耀三所留遺產包括坐\n    落彰化縣員林鎮○○段1156及同段1156-1地號2筆土地，於\n    辦理遺產稅申報時需檢附土地謄本、農地農用證明書、戶籍\n    謄本、國稅局財產清冊及土地使用分區證明書證明文書等，\n    始可依法免徵遺產稅。案外人吳進興乃於94年6月間某日，\n    向員林鎮公所申請核發上開2筆土地之土地使用分區證明，\n    該公所收件後，由被告承辦該案。因該2筆土地原係員林鎮\n    都市計畫「公八」（第8號公園）用地，嗣於員林鎮都市計\n    畫第2次通盤檢討時變更為住宅區（附帶條件：應另行擬定\n    細部計畫《含配置適當之公共設施用地與擬具具體公平合理\n    之事業及財務計畫》，並俟細部計畫完成法定程序發佈實施\n    ，始得發照建築），並經彰化縣政府於85年4月12日以 (85)\n    彰府工都字第54437號發佈實施，嗣復經彰化縣政府於88年3\n    月30日以88彰府工都字第054308號公告擬定員林都市計畫（\n    原「公八」公園用地變更為住宅區）細部計畫案計畫書、圖\n    ，並自同日起實施。被告乃於94年6月13日以94員建字第162\n    84號簡便行文表函覆申請，並於該行文表土地使用分區（或\n    公共設施用地）欄內註記上開2筆土地均為「住宅區」。案\n    外人吳進興於收受該簡便行文表後，因無法向稅捐機關申報\n    減免張耀三之遺產稅，乃於94年6月20日再次填載都市計畫\n    土地使用分區（或公共設施用地）證明申請書，並在該申請\n    書中註明「上述兩筆若公園用地，請惠予加註公共設施保留\n    用地，尚未徵收」等文字後，持向員林鎮公所申請核發證明\n    。嗣被告獲悉該申請案後，明知上開2筆土地已變更為住宅\n    區，且未再依法定程序變更為公共設施用地，屬於土地使用\n    分區之一種，非屬公共設施保留地，竟基於明知為不實之事\n    項，而登載於職務上所掌之公文書，及對於主管之事務，明\n    知違背法令，直接圖私人不法利益之犯意，未由員林鎮公所\n    建設課技士逐級簽請核可，而逕行受理該申請案，並將「坐\n    落員林鎮○○段1156及同段1156-1地號土地係屬公共設施保\n    留地」之不實事項先後登載於其職務上所掌之94年6月24日\n    員建字第0940017648號函及94年7月13日（起訴書誤載為「1\n    4日」）員建字第0940019613號函之公文書，並函覆案外人\n    吳進興而行使之，足以生損害於員林鎮公所審核申請土地使\n    用分區（或公共設施保留地）證明業務之正確性。案外人吳\n    進興取得上開不實之公文書後，即據以向財政部台灣省中區\n    國稅局申報張耀三遺產稅，使該局不知情之業務承辦人李旻\n    靜在遺產稅核定通知書中將上開2筆土地註記為公共設施保\n    留地，並核定案外人張良慶等繼承人之應納遺產稅額為新臺\n    幣（下同）910,079元。其後案外人張良喜於95年1月間過世\n    ，其遺產稅案件由中區國稅局員林稽徵所稅務員曾萍承辦，\n    因受託辦理遺產稅申報之案外人陳清福代書所提出之95年4\n    月14日員林鎮公所95員建字第10398號簡便行文表載明上開2\n    筆土地之使用分區為「住宅區」，並非公共設施保留地，曾\n    萍發覺其中有異，經向員林鎮公所函查結果，由該公所建設\n    課技士賴文彬於95年10月12日以員建字第0950029285號函敘\n    明上開2筆土地非屬公共設施保留地函覆該局，曾萍始未呈\n    核案外人張良喜之遺產稅額。被告即以此出具不實公文書之\n    方式，使前開中區國稅局在查核張耀三遺產稅時，核定免徵\n    上開2筆「公共設施保留地」（其核定金額共89,653,220元\n    ）之遺產稅，並使案外人張良慶等人獲得免繳33,553,254元\n    遺產稅之不法利益。因認被告涉犯貪污治罪條例第6條第1項\n    第4款之對於主管或監督之事務非法圖利，及刑法第216條、\n    第213條之行使公務員登載不實文書等罪嫌等語。\n二、本案經本院審理結果，認被告被訴違反貪污治罪條例等犯行\n    係屬不能證明，其證據及理由，業據第一審判決書理由欄記\n    載甚詳，爰引用之（如附件）。\n三、檢察官上訴意旨以：\n  (1)被告乙○○曾於民國94年6月13日以94員建字第16284號簡便\n    行文表函覆聲請，並於該行文表土地使用分區（或公共設施\n    用地）欄內註記上開2筆土地均為「住宅區」，顯見被告知\n    悉員林鎮都市計畫第2次通盤檢討有變更上開2筆土地使用分\n    區之情事，故其嗣後將「座落員林鎮○○段1156地號土地係\n    屬公共設施保留地」之不實事項先後登載於其職務上所掌之\n    94年6月24日員建字第0940017648 號函及94年7月13日員建\n    字第0940019613號函之公文書，並函覆案外人吳進興而行使\n    之，其主觀上應屬故意而為。\n  (2)原審判決另舉「擬定員林都市計畫細部計畫案計畫書所附細\n    部計畫示意圖，其圖上僅標示各區之使用用途，而未標示地\n    號，故賴文彬及邱莉莉2人將上開兩筆土地之使用分區均誤\n    載為住宅區」為例，而認被告辯稱其因忙碌錯看圖示，尚非\n    不可採信。惟賴文彬與邱莉莉誤載之情況與本件被告之情形\n    並不相同，其等2人均係誤載前開2筆土地為住宅區，而非如\n    被告均誤載為公共設施保留地。\n  (3)前述被告知悉前開員林鎮○○段1156地號土地業已變更土地\n    使用分區為住宅區，竟仍在土地使用分區證明登載該筆土地\n    之使用分區為公共設施保留地，益徵被告確有故意行使公務\n    員登載不實文書犯行。\n四、本院查：\n  (一)坐落彰化縣員林鎮○○段1156、1156之1地號土地，原屬員\n    林鎮都市計畫「公八」（第8號公園）用地，嗣經員林鎮都\n    市計畫第2次通盤檢討，其中員林鎮○○段1156地號土地，\n    變更為住宅區，附帶條件為應另行擬定細部計畫《含配置適\n    當之公共設施用地與擬具具體公平合理之事業及財務計畫》\n    ，並俟細部計畫完成法定程序發佈實施，始得發照建築；另\n    同段1156之1地號土地，則編定為「公（兒）」（即公園兼\n    兒童遊樂場）用地一節，有彰化縣政府88年3月30日88彰府\n    工都字第054308號公告、擬定員林都市計畫（原「公八」公\n    園用地變更為住宅區）細部計畫案計畫書（含圖）及系爭土\n    地之地籍圖謄本在卷可參，亦即員林鎮○○段1156地號土地\n    變更為住宅區，但於附帶條件成就時，始得發照；另同段11\n    56之1地號土地，仍屬公共設施保留地，是公訴人就系爭員\n    林鎮○○段1156之1地號土地部分，認被告涉有圖利及偽造\n    文書犯嫌，即與事實不符。\n  (二)按貪污治罪條例第6條第1項第4款之圖利罪，須以明知違背\n    法令，直接或間接圖自己或其他私人不法利益，因而獲得不\n    法利益者，為其構成要件，亦即本條款之圖利罪，係以結果\n    因而獲得不法利益為特別構成要件，如未獲得利益者，自不\n    得遽以該罪相繩（最高法院迭著有94年度台上字第5222號、\n    97年度台上字第4177號及97年度台上字第4644號判決意旨參\n    照）。本件依卷附彰化縣政府98年5月15日府農務字第09801\n    14330號函所稱：「員林鎮○○段1156地號土地係屬自辦市\n    地重劃區，目前該重劃會正申辦變更都市計畫中，尚未辦理\n    土地分配公告，符合農業發展條例施行細則第14條之1第2款\n    之適用」及同縣府98年7月28日府建城字第0980177123號函\n    所稱：「員林鎮○○段1156之1地號土地，在擬定員林都市\n    計畫（原『公八』公園用地變更為住宅區）細部計畫案發佈\n    實施後劃設為公（兒）用地，在重劃分配結果未公告確定前\n    ，自屬公共設施保留地」等語，國稅局依上開函文，於復查\n    決定追認被繼承人張耀三之遺產扣除額即公共設施保留地（\n    即員林鎮○○段1156之1地號土地）為60,151,640元、農地\n    扣除額（即員林鎮○○段1156地號土地）為29,501,580元一\n    節，有國稅局99年1月13日中區國稅法字第0990005238號函\n    暨檢送之前揭函文在卷可佐。足見被告上述承辦發文之員林\n    鎮公所94年6月24日員建字第0940017648號及94年7月13 日\n    員建字第0940019613號等系爭2件函文，其中對於員林鎮○\n    ○段1156地號土地之性質記載為公共設施保留地一情，雖與\n    事實不符而有誤，但因員林鎮○○段1156地號土地，迄今之\n    性質仍屬農地，依法仍得免徵遺產稅，且員林稽徵所先前依\n    被告所承辦函發之系爭2份公文，而認系爭2筆土地得列為遺\n    產扣除額免徵遺產稅一情，與國稅局之復查結果並無二致，\n    被繼承人張耀三之繼承人即證人張良慶、張良傑等人即未因\n    系爭2份函文而獲得不法利益，是被告所為，自與貪污治罪\n    條例第6條第1項第4款之圖利罪無涉。\n  (三)次按刑法第二百十三條之登載不實罪，以公務員所登載不實\n    之事項出於明知為前提要件，所謂明知，係指直接故意而言\n    ，若為間接故意或過失，均難繩以該條之罪（最高法院46年\n    台上字第377號判例參照）。本件被告就員林鎮○○段1156\n    地號土地之性質記載為公共設施保留地部分固與員林鎮都市\n    計畫編定為住宅區而附帶條件發照之性質不符，惟查：\n  (1)被告在吳進興初次於94年6月間，申請核發系爭土地之分區\n    使用證明時，被告以員林鎮公所94年6月13日94員建字第162\n    84號簡便行文表記載系爭2筆土地均為住宅區等語；其後員\n    林鎮公所建設課技士賴文彬在國稅局函查系爭土地之性質時\n    ，亦以該公所95年10月12日員建字第0950029285號函覆略稱\n    ：該2筆土地已變更為住宅區，如未依法定程序變更為公共\n    設施用地，該住宅區自屬土地使用分區之一種等語；嗣該公\n    所技士邱莉莉據他人之申請，以員林鎮公所95年5月10日員\n    鎮農字第10413號，對系爭2筆土地所核發之使用證明書，亦\n    記載均為住宅區等情，有各該函文在卷可憑，足見上揭各該\n    函文，對於員林鎮○○段1156之1地號土地性質之記載，均\n    與前揭都市計畫書圖所示之性質不符，衡此情事即除被告外\n    ，其餘之承辦人技士賴文彬與邱莉莉在不同時間所核發之使\n    用證明，亦均有部分誤載，對此錯誤之發生，倘參照前揭「\n    擬定員林都市計畫（原「公八」公園用地變更為住宅區）細\n    部計畫案計畫書」所附之細部計畫示意圖，其圖上僅標示各\n    區之使用用途，而未標示地號，於此情形，被告及技士賴文\n    彬與邱莉莉於前述公文上之誤載，出於忙碌而未詳細參看地\n    籍圖謄本及示意圖致生錯誤一節，實非無可能。\n  (2)檢察官上訴意旨雖以被告曾於94年6月13日以94員建字第162\n    84號簡便行文表函覆聲請，並於該行文表土地使用分區（或\n    公共設施用地）欄內註記上開1156地號土地為「住宅區」，\n    顯見被告知悉員林鎮都市計畫第2次通盤檢討有變更該筆土\n    地使用分區之情事，其嗣後將「座落員林鎮○○段1156 地\n    號土地係屬公共設施保留地」之不實事項先後登載於其職務\n    上所掌之94年6月24日員建字第0940017648號函及94年7月13\n    日員建字第0940019613號函之公文書，其主觀上應屬故意云\n    云。然系爭1156地號土地，符合農業發展條例施行細則第14\n    條之1第2款規定，不課徵土地增值稅或免徵遺產稅、贈與稅\n    或田賦等情，已見前述，被告主辦農地管理業務多年，對此\n    既了然於胸，其於上開公文書無故為不實登載之動機。況就\n    員林鎮○○段1156之1地號土地而言，在擬定員林都市計畫\n    細部計畫案發佈實施後劃設為公（兒）用地，屬公共設施保\n    留地，業見前述，而被告於前揭94年6月13日以94員建字第1\n    6284號簡便行文表函覆聲請時，亦於該行文表土地使用分區\n    （或公共設施用地）欄內註記上開1156-1地號土地為「住宅\n    區」，顯有錯誤，是難以此為被告不利認定甚明。\n五、按為訴訟上證明之資料，須通常一般之人均不致於有所懷疑\n    ，而得確信其為真實之程度者，始得據為有罪之認定。倘其\n    證明尚未達於此一程度，而有合理性懷疑存在時，即不得遽\n    認被告犯罪。又，刑事訴訟之被告依法並無自證無罪之義務\n    ，若控罪所憑之積極證據，在生活經驗上尚不足以排除其他\n    有利被告之合理推斷，致不足以證明犯罪事實時，仍不能因\n    被告否認犯罪之辯解不成立，資為無視積極證據不足之理由\n    ，通觀最高法院76年度台上字第4986號、30年上字第482號\n    、30年上字第1831號等判例所持一貫見解，不難明瞭。綜上\n    所述，本件公訴人所憑之證據，無論直接或間接證據，均尚\n    未達於一般之人均可得確信，而無合理之懷疑存在之程度，\n    本院亦查無其他確切証據，足以証明被告確應負本件罪責，\n    被告之犯行尚屬不能証明。原審以不能證明被告犯罪，而依\n    刑事訴訟法第301條第1項規定，諭知無罪之判決，經核認事\n    用法，並無不合，檢察官上訴意旨認應就被告予以論罪科刑\n    ，而指摘原判決不當，經查為無理由，應予駁回。\n六、據上論斷，應依刑事訴訟法第373條、第368條，判決如主文\n    。\n本案經檢察官甲○○到庭執行職務。"
  },
  "characters": {
    "judges": [
      "洪耀宗",
      "蔡王金全",
      "劉登俊",
      "李進清",
      "唐中興",
      "陳銘壎"
    ],
    "prosecutors": [
      "林于人"
    ],
    "lawyers": [
      "李淵源"
    ],
    "clerks": [
      "張惠彥"
    ],
    "plaintiffs": [

    ],
    "defendants": [
      "乙○○",
      "乙○○  男  57歲（民國○○年○月○○日生）"
    ],
    "prosecutor_office": [
      "臺灣彰化地方法院檢察署檢察官"
    ],
    "creditors": [

    ],
    "debtors": [

    ],
    "judicial_associate_officer": [

    ]
  },
  "adjudged_at": "2010-05-12",
  "created_at": "2016-01-05 12:00:12",
  "updated_at": "2016-01-05 12:00:12"
}