{
  "identify": "TCH-99-上更(二)-76-20100512-1",
  "court": {
    "name": "臺灣高等法院",
    "code": "TCH"
  },
  "division": {
    "name": "刑事",
    "code": "M"
  },
  "year": 99,
  "word": "上更(二)",
  "number": "76",
  "jcheck": "1",
  "reason": "毒品危害防制條例",
  "content": "臺灣高等法院臺中分院刑事判決      99年度上更(二)字第76號\n上  訴  人\n即  被  告  甲○○\n選任辯護人  廖志堯  律師（法律扶助）\n上列上訴人因毒品危害防制條例案件，不服臺灣臺中地方法院97\n年度訴字第2893、4475號中華民國97年12月10日第一審判決（起\n訴案號：臺灣臺中地方法院檢察署97年度偵字第7223、9115號，\n追加起訴案號：臺灣臺中地方法院檢察署97年度偵字第24016 號\n），提起上訴，經判決後由最高法院第二次發回更審，本院判決\n如下：\n      主    文\n原判決關於甲○○販賣第一級毒品予高渝七罪及販賣第二級毒\n品二罪部分撤銷。\n甲○○犯販賣第一級毒品罪，各處如附表一所示之刑；又犯販\n賣第二級毒品罪，各處如附表二所示之刑。主刑部分應執行有期\n徒刑玖年。\n      犯罪事實\n一、甲○○綽號「小雨」，明知海洛因、甲基安非他命分別為毒\n    品危害防制條例第2條第2項第1款、第2款所列之第一級、第\n    二級毒品，不得販賣，竟以其門號0000000000之SIM卡插用\n    於（廠牌不明）黑色手機使用供作聯絡交易之工具，而為下\n    列販賣第一級、第二級毒品之行為：\n  (一)先於不詳時間、地點，向曾德雄（業經本院另案判刑確定在\n    案）及一名真實姓名、年籍不詳之人購入數量不詳之第一級\n    毒品海洛因、第二級毒品甲基安非他命後，竟意圖營利，基\n    於販賣第一級毒品海洛因、第二級毒品甲基安非他命之犯意\n    ，而於如附表一、二所示之時間、地點，分別販賣第一級毒\n    品海洛因予高渝7次、王皇財、彭暐哲各1次（販賣之數量\n    金額詳如附表一編號至所示；販賣予王皇財、彭暐\n    哲部分業據本院前審判決確定）及販賣第二級毒品甲基安非\n    他命予黃聖富2次（販賣之數量金額詳如附表二所示），其\n    中海洛因每販賣一千元約賺取三、四百元，甲基安非他命每\n    販賣一千元約賺取二百元。\n  (二)嗣於97年3月18日，因黃聖富為警查獲後供出施用第二級毒\n    品部分之甲基安非他命來源為甲○○，經警循線監控甲○○\n    之毒品交易，遂於同年3月26日20、21時許，在甲○○位於\n    臺中市○○路439之17巷2弄3號20樓之3租屋處樓下之「7-1\n    1」超商前逮捕甫購得第一級毒品海洛因（即如附表一編號\n    所示交易）之王皇財，並扣得該次交易之第一級毒品海洛\n    因1包（驗餘淨重0.0518公克，及內含第一級毒品海洛因之\n    包裝袋1只），警方旋即再前往甲○○上開租屋處查獲甲○\n    ○及未及離開現場之彭暐哲，並扣得如附表一編號交易之\n    第一級毒品海洛因1包（驗餘淨重0.0355公克，及內含第一\n    級毒品海洛因之包裝袋1只）及甲○○所有且供販賣毒品聯\n    絡所用之（廠牌不明）黑色手機1支（含門號0000000000號\n    SIM卡1張）及供秤量附表一編號交易之毒品重量而沾有第\n    一級毒品殘渣之電子磅秤1台（檢體編號B0000000），並循\n    線查悉上情【其餘扣得供甲○○施用之第一級毒品海洛因4\n    包、第二級毒品甲基安非他命1包、非甲○○所有而沾有第\n    一級毒品海洛因、第二級毒品甲基安非他命殘渣之電子磅秤\n    1台及第二級毒品亞甲基雙氧甲基安非他命（即MDMA）2顆（\n    鑑驗後僅存1顆），雖屬違禁物，然與本件販賣行為無關，\n    業由原審法院另以裁定諭知沒收銷燬之；至甲○○所有供施\n    用且無毒品殘留之電動攪拌機1台、夾鏈袋1批及糖粉8包，\n    則尚乏證據證明與本案有關】。王杏渝於被查獲後，於警詢\n    中供述其毒品上手來源、特徵、交通工具及當時販毒持用之\n    電話號碼供警方追查，因而查獲曾德雄涉嫌販賣一、二級毒\n    品。\n二、案經臺中縣警察局移送臺灣臺中地方法院檢察署檢察官偵查\n    起訴。\n      理    由\n一、按被告以外之人於審判外之陳述，雖不符刑事訴訟法第159\n    條之1至第159條之4之規定，而經當事人於審判程序同意作\n    為證據，法院審酌該言詞陳述或書面陳述作成時之情況，認\n    為適當者，亦得為證據。當事人、代理人或辯護人於法院調\n    查證據時，知有第159條第1項不得為證據之情形，而未於言\n    詞辯論終結前聲明異議者，視為有前項之同意，刑事訴訟法\n    第159條之5第1項、第2項定有明文。立法意旨在於傳聞證據\n    未經當事人之反對詰問予以核實，原則上先予排除，惟若當\n    事人已放棄詰問或未聲明異議，基於證據資料愈豐富，愈有\n    助於真實發現之理念，且強化言詞辯論主義，法院自可承認\n    該傳聞證據例外擁有證據能力。查本件被告甲○○及選任辯\n    護人對於下列證人於審判外陳述及其他非供述證據之證據能\n    力，均未於言詞辯論終結前聲明異議，依刑事訴訟法第159\n    條之5第2項之規定，視為同意作為證據，且本院審酌上開證\n    人均係於案發後不久所為之陳述，記憶猶新，又非在非自由\n    意志之情況下所為之陳述，所陳自較符事實；至其他非供述\n    證據則係公務員職務上製作之紀錄文書、證明文書或係從事\n    業務之人於業務上製作之紀錄文書、證明文書，與其責任、\n    信譽攸關，若有錯誤、虛偽，該公務員或從事業務之人可能\n    因此擔負刑事及行政責任，且該等文書經常處於可能受公開\n    檢查之狀態，其正確性及真實之保障極高，核無顯有不可信\n    之情況，是本院認該言詞及書面陳述適當，依刑事訴訟法第\n    159條之5第1項之規定，亦得為證據。\n二、訊據上訴人即被告（下稱被告）甲○○對於其上開犯罪事實\n    供認不諱（見本院上訴卷二第39頁反面至第40頁、更一卷第\n    57頁反面、第188頁至第189頁），核與證人高渝、黃聖富\n    等人於原審審理時結證之情節相符，此外復有被告甲○○所\n    有且供聯絡本件販賣毒品交易所用之（廠牌不明）黑色手機\n    1支（含門號0000000000號SIM卡1張）等足稽。足見被告甲\n    ○○之上開自白與事實相符，堪足採信。\n三、販賣毒品海洛因、甲基安非他命係罪刑甚重之違法行為，非\n    可公然為之，且海洛因、甲基安非他命亦無公定價格，販毒\n    者可任意分裝增減分量，且每次買賣之價格、數量，亦隨時\n    依雙方之關係深淺、資力、需求量、對行情之認知、來源是\n    否充裕、查緝是否嚴緊、購買者被查獲時供述購買對象之可\n    能風險之評估等因素，而異其標準，並於交易過程機動調整\n    ，非可一概論之，從而販賣之利潤，除非經被告坦承犯行或\n    價格、數量俱臻明確外，諉難察得確切金額。況近年來因毒\n    品之濫用，危害國民健康與社會安定日益嚴重，檢警機關對\n    於販賣毒品之犯罪行為，無不嚴加查緝，各傳播媒體對於政\n    府大力掃毒之決心亦再三報導，已使毒品不易取得且量微價\n    高，是販賣毒品行為倘非有利可圖，當無人令人一再鋌而走\n    險之理，且販賣者從價差或量差中牟利，方式雖異，惟其行\n    為在意圖營利則屬同一，參以被告甲○○與販賣之對象高渝\n    、黃聖富間，無非經由毒品交易而認識，並無至親關係，\n    除非至愚，豈有屢屢甘冒重典，悉依販入之相同價格或數量\n    轉售他人而毫無利潤可圖之理？且被告甲○○於本院前審審\n    理時亦自承稱：海洛因每1千元約賺3、4百元，甲基安非他\n    命每1千元約賺2百元等語（見本院上訴審卷二第40頁），益\n    見被告甲○○主觀上均具有營利之意圖甚明。關於販賣毒品\n    所得，依被告於原審與證人高渝等人相符之證述，被告甲\n    ○○如附表一所示編號部分，除第1次交易得款1,000元外\n    ，其餘6次均僅收得非全額款項300元，販賣第一級毒品所得\n    合計2800元，如附表二之2次交易各得款1000元，販賣第二\n    級毒品所得合計2,000元。\n四、新舊法律比較方面：\n  (一)按行為後法律有變更者，適用行為時之法律，但行為後之法\n    律有利於行為人者，適用最有利於行為人之法律，刑法第2\n    條第1項定有明文。查被告行為後，毒品危害防制條例部分\n    條文業於98年5月20日修正公布，並自公布日起算至第3日即\n    同年5月22日起生效（司法院98年6月29日院臺廳刑一字第09\n    80014643函參照）。本次毒品危害防制條例修正之比較新舊\n    法，自應就罪刑有關之加重、減輕及其他法定加減原因等一\n    切情形，本於統一性及整體性原則，綜其全部罪刑之結果而\n    為比較。\n  (二)修正前毒品危害防制條例第4條第1項原規定：「製造、運輸\n    、販賣第一級毒品者，處死刑或無期徒刑；處無期徒刑者，\n    得併科新臺幣1千萬元以下罰金」，經修正為：「製造、運\n    輸、販賣第一級毒品者，處死刑或無期徒刑；處無期徒刑者\n    ，得併科新臺幣2千萬元以下罰金」；另同條例第2項原規定\n    ：「製造、運輸、販賣第二級毒品者，處無期徒刑或7年以\n    上有期徒刑，得併科新臺幣7百萬元以下罰金」，經修正為\n    ：「製造、運輸、販賣第二級毒品者，處無期徒刑或7年以\n    上有期徒刑，得併科新臺幣1千萬元以下罰金」，經比較新\n    舊法之結果，此部分以修正前之規定較有利於被告。\n  (三)修正前毒品危害防制條例第17條原規定：「犯第4條第1項至\n    第4項、第5條第1項至第4項前段、第6條第1項至第4項、第\n    7條第1項至第4項、第8條第1項至第4項、第10條或第11條第\n    1項、第2項之罪，供出毒品來源，因而破獲者，得減輕其刑\n    。」，嗣經修正為：「（第1項）犯第4條至第8條、第10條\n    或第11條之罪，供出毒品來源，因而查獲其他正犯或共犯者\n    ，減輕或免除其刑。（第2項）犯第4條至第8條之罪於偵查\n    及審判中均自白者，減輕其刑。」，亦即該條例修正前第17\n    條規定必須因而破獲上游毒品供應者，始得減輕其刑，且僅\n    得減輕其刑，其適用之條件較嚴，而該條例修正後第17條第\n    1項規定適用之條件較寬，且就刑部分為必減或得免，復增\n    列第2項關於於偵查及審判中均自白者減輕其刑之規定，此\n    新修正之規定，顯已影響行為人刑罰之法律效果，自屬法律\n    有變更，經比較新、舊法結果，以新法較有利於行為人，故\n    依刑法第2條第1項但書規定，應適用裁判時之法律即修正後\n    毒品危害防制條例第17條規定，較有利於被告。\n五、核被告甲○○所為，關於如附表一編號部分，均係犯修正\n    後毒品危害防制條例第4條第1項之販賣第一級毒品罪；關於\n    如附表二部分，均係犯修正前毒品危害防制條例第4條第2項\n    之販賣第二級毒品罪。其為販賣第一、二級毒品而持有第一\n    、二級毒品之行為，已分別為各該販賣毒品之高度行為所吸\n    收，均不另論罪。又，刑法上之接續犯，係指行為人所為之\n    數行為，係於同時同地或密切接近之時地實行，而侵害同一\n    之法益，各行為之獨立性極為薄弱，依一般社會健全觀念，\n    在時間差距上難以強行分開，在刑法評價上，以視為數個舉\n    動之接續行為，合為包括之一行為予以評價，較為合理而言\n    。若行為人係基於概括之犯意，先後逐次實行數行為而具連\n    續性，並侵害數個同性質之法益，其每一前行為與次行為，\n    依一般社會健全觀念，在時間差距上可以分開，在刑法評價\n    上各具獨立性，每次行為皆可獨立成罪而構成同一之罪名者\n    ，則應屬刑法修正前連續犯之範疇。本件被告先後多次販賣\n    第一級、第二級毒品，無論係不同對象或同一對象之各次交\n    易，均係基於個別犯意（蓋必有買毒者之洽購始生犯意），\n    且逐次販毒行為，在時間差距上並非難以區分，係侵害同性\n    質之法益，每次販毒行為皆可獨立成罪而構成同一之罪名，\n    在刑法評價上尚非不具獨立性，自應分論併罰，是被告甲○\n    ○先後7次販賣第一級毒品犯行、先後2次販賣第二級毒品犯\n    行，均應予分論併罰，並不成立接續犯。被告就關於如附表\n    一編號部分，其於偵查及審判中均自白犯罪，有其偵查及\n    審判筆錄足按，應依修正後同條例第17條第2項之規定減輕\n    其刑（其餘部分雖於審判中自白犯罪，但因於偵查中未自白\n    犯罪，故無法依該條項之規定減輕其刑）；再被告於97 年3\n    月27日為警查獲涉嫌販賣毒品後，其於警詢中供述其毒品上\n    手來源為綽號「王哥」，且有供出綽號「王哥」特徵、交通\n    工具及當時販毒持用之0000-000000、0000-000000、0000-0\n    00000、0000-000000等門號供警方追查，嗣經警方調閱相關\n    通聯分析、比對，發現綽號「王哥」確有販毒嫌疑，再經警\n    方針對上述門號依法聲請通訊監察，發現綽號「王哥」本名\n    曾德雄涉嫌販賣一、二級毒品事證明確，且經警方於97年6\n    月13日以中縣警刑大偵一字第0970009359號移送台灣台中地\n    方法院檢察署偵辦，此有台中縣警察局98年10月22日中縣警\n    刑大偵一字第0980013176號函1份在卷可稽（見本院更一卷\n    第84頁），並經本院前審調取曾德雄毒品危害防制條例刑事\n    卷宗（本院97年度上訴字第3199號）核閱屬實，是其供出毒\n    品來源，因而查獲曾德雄販賣毒品，均應依修正後同條例第\n    17條第1項之規定減輕其刑，並依刑法第71條第2項規定「有\n    二種以上之減輕者，先依較少之數減輕之」為之，就販賣第\n    一級毒品部分為遞減其刑。原審予以論罪科刑，固非無見，\n    惟查：(一)被告行為後，毒品危害防制條例第4條第1項、第2\n    項、第17條第1項、第2項已有修正，且自98年5月22日起生\n    效，故有新舊法律比較適用之問題，原判決未及予以新舊法\n    律比較適用，已有未合。(二)被告甲○○就關於如附表一編號\n    部分於偵查及審判中均自白犯罪，業如前述，原判決就此\n    部分未及依修正後毒品危害防制條例第17條第2項之規定予\n    以減輕其刑，容有未洽。(三)被告甲○○供出毒品來源，因而\n    查獲其前手曾德雄販賣毒品罪，亦如前述，原判決認與同條\n    例第17條所指「因而破獲」之要件不符，而未予以減輕其刑\n    云云，亦有可議。被告甲○○上訴意旨執上開理由指摘原判\n    決不當，非無理由，應由本院將原判決關於被告甲○○部分\n    予以撤銷改判。復查被告販賣第一、二級毒品，戕害他人身\n    心，其行固為法所不容，惟其前有施用毒品之前科（見卷附\n    臺灣高等法院被告前案紀錄表），其身染施用毒品之惡習，\n    進而為本件販賣毒品之行為，究其原因當係肇於被告本身無\n    法戒絕毒品，亦不知尋覓適當之機構協助導正；雖其販賣第\n    一級毒品之次數有7次、販賣第二級毒品之次數有2次，惟各\n    次所得僅為區區5百元或1千元，實際上總所得亦僅4800元（\n    詳如附表一、二所示），不若一般大盤商動輒數十萬元或數\n    百萬元，乃至數千萬元，顯見被告販賣之情節尚屬輕微；另\n    被告也僅止於販賣毒品，而非以毒品為工具，藉以誘使、控\n    制他人，以遂行進一步之犯罪行為，故其販賣之惡性，相對\n    於長期、大量販賣毒品，甚至以毒品為工具控制、誘使他人\n    犯罪之大毒梟而言，其對社會治安及國民健康之危害較小，\n    而販賣第一級毒品罪最輕本刑為無期徒刑，販賣第二級毒品\n    罪最輕本刑為7年以上有期徒刑之罪，可謂情輕法重，倘亦\n    處以上開法定低度刑期，不免過苛，且無從與大毒梟之惡行\n    有所區隔，是其犯罪情狀在客觀上非無可憫恕之處，本院認\n    雖已依上開規定減輕其刑，猶嫌過重，爰各依刑法第59條之\n    規定酌量減輕其刑。爰審酌被告甲○○雖多次販賣第一、二\n    級毒品犯行，惟每次販賣毒品之數量些微，所得之財物非多\n    ，暨其犯罪之動機、目的、手段、智識程度、其為貪圖一己\n    之私利而販毒，並因此戕害他人之身心健康，暨其犯後坦承\n    犯行之態度等一切情狀，分別量處被告如附表一、二所示之\n    刑，並定其應執行之刑，以示懲儆。扣案之（廠牌不明）黑\n    色手機1支（含門號0000000000號SIM卡1張）、為被告甲○\n    ○所有供聯絡本件毒品交易所用，業據被告甲○○供承在卷\n    （見原審卷一第235頁反面），應依毒品危害防制條例第19\n    條第1項之規定宣告沒收；未扣案之被告甲○○販賣第一級\n    、第二級毒品所得之財物（各次所得詳如附表一、二所示）\n    ，合計4800元，均應依毒品危害防制條例第19條第1項之規\n    定宣告沒收，如全部或一部不能沒收，以其財產抵償之。又\n    其餘扣案之第一級毒品海洛因4包、第二級毒品甲基安非他\n    命1包，係被告甲○○留供自己施用，而沾有第一級毒品海\n    洛因、第二級毒品甲基安非他命殘渣之電子磅秤1台，則非\n    被告甲○○所有，亦經被告甲○○供明在卷（見原審卷一第\n    235頁反面），均與本案被告甲○○販賣毒品罪行無關，爰\n    不於本判決宣告沒收銷燬之，另扣案之第二級毒品亞甲基雙\n    氧甲基安非他命（即MDMA，鑑驗後僅餘1顆），雖亦屬違禁\n    物，惟業經檢察官聲請（見起訴書第8頁、原審卷一第294頁\n    反面），由原審法院另以裁定諭知沒收銷燬之（最高法院94\n    年度台上字第1215號判決意旨參照）；其餘扣案之電動攪拌\n    機1台及夾鏈袋1批（經鑑定無毒品反應，非違禁物，見原審\n    卷一第157頁）及糖粉8包，被告甲○○堅稱係供（或預備供\n    ）施用毒品使用等語（見原審卷一第23 5頁反面），此外復\n    查無證據證明確與本案有關，故不另為沒收之諭知。亦均附\n    此敘明。\n六、據上論結，應依刑事訴訟法第369條第1項前段、第364條、\n    第299條第1項前段、修正前毒品危害防制條例第4條第2項、\n    修正後毒品危害防制條例第4條第1項、第17條第1項、第2項\n    、第19條第1項、刑法第11條前段、第59條、第51條第5款，\n    判決如主文。\n本案經檢察官乙○○到庭執行職務。\n中    華    民    國    99    年    5    月    12    日\n            刑事第四庭    審判長法  官  洪  耀  宗\n                                法  官  蔡 王金 全\n                                法  官  劉  登  俊\n以上正本證明與原本無異。\n如不服本判決應於收受送達後十日內向本院提出上訴書狀，其未\n敘述上訴理由者，並得於提起上訴後十日內向本院補提理由書（\n均須按他造當事人之人數附繕本）「切勿逕送上級法院」。\n                                書記官  張  惠  彥\n中    華    民    國    99    年    5     月    12    日\n附表一：販賣第一級毒品部分\n┌──┬───┬───────────────────────────┬────────────────────┐\n│編號│對  象│犯罪事實（價金單位：新台幣）                          │        所犯罪名及科刑 (原審)           │\n├──┼───┼───────────────────────────┼────────────────────┤\n│  │高渝│97年1 月至2 月6 日（即農曆除夕）前，均由高渝先以0916│甲○○販賣第一級毒品，處有期徒刑肆年陸月│\n│    │      │201531號行動電話，撥打甲○○0000000000號行動電話洽購毒│，扣案之（廠牌不明）黑色手機壹支（含門號│\n│    │      │品交易後，再前往甲○○位於臺中市○○路439 之17巷2 弄3 │000000000號SIM卡1張）、販賣毒品所得新台 │\n│    │      │號20樓租屋處之騎樓下，由甲○○販賣第一級毒品海洛因予高│幣壹仟元，均沒收，上開販賣毒品所得部分，│\n│    │      │渝共7 次，價金部分，除其中1 次1,000 元，並當場全數交│如全部或一部不能沒收時，以其財產抵償之。│\n│    │      │付甲○○收執外，其餘6次則為500元，且每次僅實際支付300 │                                        │\n│    │      │元（所賒欠之金額，至今均未清償）。                    ├────────────────────┤\n│    │      │                                                      │甲○○販賣第一級毒品，處有期徒刑肆年陸月│\n│    │      │                                                      │，扣案之（廠牌不明）黑色手機壹支（含門號│\n│    │      │                                                      │000000000號SIM卡1張）、販賣毒品所得新台 │\n│    │      │                                                      │幣佰元，均沒收，上開販賣毒品所得部分，│\n│    │      │                                                      │如全部或一部不能沒收時，以其財產抵償之。│\n│    │      │                                                      │                                        │\n│    │      │                                                      ├────────────────────┤\n│    │      │                                                      │甲○○販賣第一級毒品，處有期徒刑肆年陸月│\n│    │      │                                                      │，扣案之（廠牌不明）黑色手機壹支（含門號│\n│    │      │                                                      │000000000號SIM卡1張）、販賣毒品所得新台 │\n│    │      │                                                      │幣佰元，均沒收，上開販賣毒品所得部分，│\n│    │      │                                                      │如全部或一部不能沒收時，以其財產抵償之。│\n│    │      │                                                      │                                        │\n│    │      │                                                      ├────────────────────┤\n│    │      │                                                      │甲○○販賣第一級毒品，處有期徒刑肆年陸月│\n│    │      │                                                      │，扣案之（廠牌不明）黑色手機壹支（含門號│\n│    │      │                                                      │000000000號SIM卡1張）、販賣毒品所得新台 │\n│    │      │                                                      │幣佰元，均沒收，上開販賣毒品所得部分，│\n│    │      │                                                      │如全部或一部不能沒收時，以其財產抵償之。│\n│    │      │                                                      │                                        │\n│    │      │                                                      ├────────────────────┤\n│    │      │                                                      │甲○○販賣第一級毒品，處有期徒刑肆年陸月│\n│    │      │                                                      │，扣案之（廠牌不明）黑色手機壹支（含門號│\n│    │      │                                                      │000000000號SIM卡1張）、販賣毒品所得新台 │\n│    │      │                                                      │幣佰元，均沒收，上開販賣毒品所得部分，│\n│    │      │                                                      │如全部或一部不能沒收時，以其財產抵償之。│\n│    │      │                                                      │                                        │\n│    │      │                                                      ├────────────────────┤\n│    │      │                                                      │甲○○販賣第一級毒品，處有期徒刑肆年陸月│\n│    │      │                                                      │，扣案之（廠牌不明）黑色手機壹支（含門號│\n│    │      │                                                      │000000000號SIM卡1張）、販賣毒品所得新台 │\n│    │      │                                                      │幣佰元，均沒收，上開販賣毒品所得部分，│\n│    │      │                                                      │如全部或一部不能沒收時，以其財產抵償之。│\n│    │      │                                                      │                                        │\n│    │      │                                                      ├────────────────────┤\n│    │      │                                                      │甲○○販賣第一級毒品，處有期徒刑肆年陸月│\n│    │      │                                                      │，扣案之（廠牌不明）黑色手機壹支（含門號│\n│    │      │                                                      │000000000號SIM卡1張）、販賣毒品所得新台 │\n│    │      │                                                      │幣佰元，均沒收，上開販賣毒品所得部分，│\n│    │      │                                                      │如全部或一部不能沒收時，以其財產抵償之。│\n│    │      │                                                      │                                        │\n├──┼───┼───────────────────────────┼────────────────────┤\n│  │王皇財│97年3 月26日20、21時許，王皇財前往甲○○位於臺中市北屯│甲○○販賣第一級毒品，處有期徒刑捌年貳月│\n│    │      │路439 之17巷2 弄3 號20樓租屋處樓下之「7-11」超商，以該│，扣案之第一級毒品海洛因壹包（驗餘淨重零│\n│此部│      │超商旁之公共電話撥打甲○○0000000000號行動電話洽購毒品│點零伍壹捌公克、及內含第一級毒品海洛因之│\n│分已│      │海洛因，甲○○允諾後遂使用其所有之電子磅秤秤重裝袋，並│包裝袋壹只）、沾有第一級毒品海洛因殘渣之│\n│判決│      │於前往該超商前，以500 元之價格，販賣第一級毒品海洛因1 │電子磅秤壹台（檢體編號B0000000）沒收銷燬│\n│確定│      │包（驗餘淨重0.0518公克、及內含第一級毒品海洛因之包裝袋│之；（廠牌不明）黑色手機壹支（含門號0952│\n│    │      │1只） 予王皇財，惟王皇財因手頭拮据，並未當場給付價金，│658314號SIM卡壹張）沒收。               │\n│    │      │此次交易尚無實際販賣所得。                            │                                        │\n├──┼───┼───────────────────────────┼────────────────────┤\n│  │彭暐哲│97年3 月26日20時許，彭暐哲先撥打甲○○0000000000號行動│甲○○販賣第一級毒品，處有期徒刑捌年貳月│\n│    │      │電話洽購毒品，經甲○○允諾後，彭暐哲旋即前往甲○○位於│，扣案之第一級毒品海洛因壹包（零點零伍│\n│此部│      │臺中市○○路439 之17巷2 弄3 號20樓租屋處，由甲○○販賣│伍公克，及內含第一級毒品海洛因之包裝袋壹│\n│分已│      │第一級毒品海洛因1 包（驗餘淨重0.0355公克，及內含第一級│只）沒收銷燬之，（廠牌不明）黑色手機壹支│\n│判決│      │毒品海洛因之包裝袋1 只）予彭暐哲，惟彭暐哲因手頭拮据，│（含門號0000000000號SIM卡1張）沒收。    │\n│確定│      │並未當場給付價金，此次交易尚無實際販賣所得。          │                                        │\n└──┴───┴───────────────────────────┴────────────────────┘\n附表二：販賣第二級毒品部分\n┌───┬──────────────────────────────┬────────────────────┐\n│對  象│犯罪事實（價金單位：新台幣）                                │        所犯罪名及科刑                  │\n├───┼──────────────────────────────┼────────────────────┤\n│黃聖富│97年2月底之某2日，黃聖富均先撥打甲○○0000000000號行動電話聯│甲○○販賣第二級毒品，處有期徒刑貳年，扣│\n│      │繫欲購買之毒品數量、價格，約半小時後甲○○回電允諾，黃聖富即│案之（廠牌不明）黑色手機壹支（含門號0952│\n│      │分別前往甲○○位於臺中式北屯路439之17巷2弄3號20樓之租屋處、 │658314號SIM卡壹張）、販賣毒品所得新臺幣 │\n│      │及該租屋處樓下之「7-11」超商前，由甲○○各以1,000元之價格， │壹仟元沒收，上開販賣毒品所得部分，如全部│\n│      │販賣第二級毒品甲基安非他命各1包各1次予黃聖富，並當場收取黃聖│或一部不能沒收時，以其財產抵償之。      │\n│      │富交付之價金，共販賣2次、販賣所得每次為1,000元。            │                                        │\n│      │                                                            ├────────────────────┤\n│      │                                                            │甲○○販賣第二級毒品，處有期徒刑貳年，扣│\n│      │                                                            │案之（廠牌不明）黑色手機壹支（含門號0952│\n│      │                                                            │658314號SIM卡壹張）、販賣毒品所得新臺幣 │\n│      │                                                            │壹仟元沒收，上開販賣毒品所得部分，如全部│\n│      │                                                            │或一部不能沒收時，以其財產抵償之。      │\n└───┴──────────────────────────────┴────────────────────┘\n附錄論罪條文：\n修正前毒品危害防制條例第4條第1、2項：\n製造、運輸、販賣第一級毒品者，處死刑或無期徒刑；處無期徒\n刑者，得併科新臺幣1千萬元以下罰金。\n製造、運輸、販賣第二級毒品者，處無期徒刑或 7 年以上有期\n徒刑，得併科新臺幣7百萬元以下罰金。\n修正後毒品危害防制條例第4條第1、2項：\n製造、運輸、販賣第一級毒品者，處死刑或無期徒刑；處無期徒\n刑者，得併科新臺幣2千萬元以下罰金。\n製造、運輸、販賣第二級毒品者，處無期徒刑或 7 年以上有期\n徒刑，得併科新臺幣1千萬元以下罰金。\n毒品危害防制條例第8條第1項：\n轉讓第一級毒品者，處1年以上7年以下有期徒刑，得併科新臺幣\n1百萬元以下罰金。",
  "structure": {
    "main": "原判決關於甲○○販賣第一級毒品予高渝七罪及販賣第二級毒\n品二罪部分撤銷。\n甲○○犯販賣第一級毒品罪，各處如附表一所示之刑；又犯販\n賣第二級毒品罪，各處如附表二所示之刑。主刑部分應執行有期\n徒刑玖年。",
    "fact": "一、甲○○綽號「小雨」，明知海洛因、甲基安非他命分別為毒\n    品危害防制條例第2條第2項第1款、第2款所列之第一級、第\n    二級毒品，不得販賣，竟以其門號0000000000之SIM卡插用\n    於（廠牌不明）黑色手機使用供作聯絡交易之工具，而為下\n    列販賣第一級、第二級毒品之行為：\n  (一)先於不詳時間、地點，向曾德雄（業經本院另案判刑確定在\n    案）及一名真實姓名、年籍不詳之人購入數量不詳之第一級\n    毒品海洛因、第二級毒品甲基安非他命後，竟意圖營利，基\n    於販賣第一級毒品海洛因、第二級毒品甲基安非他命之犯意\n    ，而於如附表一、二所示之時間、地點，分別販賣第一級毒\n    品海洛因予高渝7次、王皇財、彭暐哲各1次（販賣之數量\n    金額詳如附表一編號至所示；販賣予王皇財、彭暐\n    哲部分業據本院前審判決確定）及販賣第二級毒品甲基安非\n    他命予黃聖富2次（販賣之數量金額詳如附表二所示），其\n    中海洛因每販賣一千元約賺取三、四百元，甲基安非他命每\n    販賣一千元約賺取二百元。\n  (二)嗣於97年3月18日，因黃聖富為警查獲後供出施用第二級毒\n    品部分之甲基安非他命來源為甲○○，經警循線監控甲○○\n    之毒品交易，遂於同年3月26日20、21時許，在甲○○位於\n    臺中市○○路439之17巷2弄3號20樓之3租屋處樓下之「7-1\n    1」超商前逮捕甫購得第一級毒品海洛因（即如附表一編號\n    所示交易）之王皇財，並扣得該次交易之第一級毒品海洛\n    因1包（驗餘淨重0.0518公克，及內含第一級毒品海洛因之\n    包裝袋1只），警方旋即再前往甲○○上開租屋處查獲甲○\n    ○及未及離開現場之彭暐哲，並扣得如附表一編號交易之\n    第一級毒品海洛因1包（驗餘淨重0.0355公克，及內含第一\n    級毒品海洛因之包裝袋1只）及甲○○所有且供販賣毒品聯\n    絡所用之（廠牌不明）黑色手機1支（含門號0000000000號\n    SIM卡1張）及供秤量附表一編號交易之毒品重量而沾有第\n    一級毒品殘渣之電子磅秤1台（檢體編號B0000000），並循\n    線查悉上情【其餘扣得供甲○○施用之第一級毒品海洛因4\n    包、第二級毒品甲基安非他命1包、非甲○○所有而沾有第\n    一級毒品海洛因、第二級毒品甲基安非他命殘渣之電子磅秤\n    1台及第二級毒品亞甲基雙氧甲基安非他命（即MDMA）2顆（\n    鑑驗後僅存1顆），雖屬違禁物，然與本件販賣行為無關，\n    業由原審法院另以裁定諭知沒收銷燬之；至甲○○所有供施\n    用且無毒品殘留之電動攪拌機1台、夾鏈袋1批及糖粉8包，\n    則尚乏證據證明與本案有關】。王杏渝於被查獲後，於警詢\n    中供述其毒品上手來源、特徵、交通工具及當時販毒持用之\n    電話號碼供警方追查，因而查獲曾德雄涉嫌販賣一、二級毒\n    品。\n二、案經臺中縣警察局移送臺灣臺中地方法院檢察署檢察官偵查\n    起訴。\n      理    由\n一、按被告以外之人於審判外之陳述，雖不符刑事訴訟法第159\n    條之1至第159條之4之規定，而經當事人於審判程序同意作\n    為證據，法院審酌該言詞陳述或書面陳述作成時之情況，認\n    為適當者，亦得為證據。當事人、代理人或辯護人於法院調\n    查證據時，知有第159條第1項不得為證據之情形，而未於言\n    詞辯論終結前聲明異議者，視為有前項之同意，刑事訴訟法\n    第159條之5第1項、第2項定有明文。立法意旨在於傳聞證據\n    未經當事人之反對詰問予以核實，原則上先予排除，惟若當\n    事人已放棄詰問或未聲明異議，基於證據資料愈豐富，愈有\n    助於真實發現之理念，且強化言詞辯論主義，法院自可承認\n    該傳聞證據例外擁有證據能力。查本件被告甲○○及選任辯\n    護人對於下列證人於審判外陳述及其他非供述證據之證據能\n    力，均未於言詞辯論終結前聲明異議，依刑事訴訟法第159\n    條之5第2項之規定，視為同意作為證據，且本院審酌上開證\n    人均係於案發後不久所為之陳述，記憶猶新，又非在非自由\n    意志之情況下所為之陳述，所陳自較符事實；至其他非供述\n    證據則係公務員職務上製作之紀錄文書、證明文書或係從事\n    業務之人於業務上製作之紀錄文書、證明文書，與其責任、\n    信譽攸關，若有錯誤、虛偽，該公務員或從事業務之人可能\n    因此擔負刑事及行政責任，且該等文書經常處於可能受公開\n    檢查之狀態，其正確性及真實之保障極高，核無顯有不可信\n    之情況，是本院認該言詞及書面陳述適當，依刑事訴訟法第\n    159條之5第1項之規定，亦得為證據。\n二、訊據上訴人即被告（下稱被告）甲○○對於其上開犯罪事實\n    供認不諱（見本院上訴卷二第39頁反面至第40頁、更一卷第\n    57頁反面、第188頁至第189頁），核與證人高渝、黃聖富\n    等人於原審審理時結證之情節相符，此外復有被告甲○○所\n    有且供聯絡本件販賣毒品交易所用之（廠牌不明）黑色手機\n    1支（含門號0000000000號SIM卡1張）等足稽。足見被告甲\n    ○○之上開自白與事實相符，堪足採信。\n三、販賣毒品海洛因、甲基安非他命係罪刑甚重之違法行為，非\n    可公然為之，且海洛因、甲基安非他命亦無公定價格，販毒\n    者可任意分裝增減分量，且每次買賣之價格、數量，亦隨時\n    依雙方之關係深淺、資力、需求量、對行情之認知、來源是\n    否充裕、查緝是否嚴緊、購買者被查獲時供述購買對象之可\n    能風險之評估等因素，而異其標準，並於交易過程機動調整\n    ，非可一概論之，從而販賣之利潤，除非經被告坦承犯行或\n    價格、數量俱臻明確外，諉難察得確切金額。況近年來因毒\n    品之濫用，危害國民健康與社會安定日益嚴重，檢警機關對\n    於販賣毒品之犯罪行為，無不嚴加查緝，各傳播媒體對於政\n    府大力掃毒之決心亦再三報導，已使毒品不易取得且量微價\n    高，是販賣毒品行為倘非有利可圖，當無人令人一再鋌而走\n    險之理，且販賣者從價差或量差中牟利，方式雖異，惟其行\n    為在意圖營利則屬同一，參以被告甲○○與販賣之對象高渝\n    、黃聖富間，無非經由毒品交易而認識，並無至親關係，\n    除非至愚，豈有屢屢甘冒重典，悉依販入之相同價格或數量\n    轉售他人而毫無利潤可圖之理？且被告甲○○於本院前審審\n    理時亦自承稱：海洛因每1千元約賺3、4百元，甲基安非他\n    命每1千元約賺2百元等語（見本院上訴審卷二第40頁），益\n    見被告甲○○主觀上均具有營利之意圖甚明。關於販賣毒品\n    所得，依被告於原審與證人高渝等人相符之證述，被告甲\n    ○○如附表一所示編號部分，除第1次交易得款1,000元外\n    ，其餘6次均僅收得非全額款項300元，販賣第一級毒品所得\n    合計2800元，如附表二之2次交易各得款1000元，販賣第二\n    級毒品所得合計2,000元。\n四、新舊法律比較方面：\n  (一)按行為後法律有變更者，適用行為時之法律，但行為後之法\n    律有利於行為人者，適用最有利於行為人之法律，刑法第2\n    條第1項定有明文。查被告行為後，毒品危害防制條例部分\n    條文業於98年5月20日修正公布，並自公布日起算至第3日即\n    同年5月22日起生效（司法院98年6月29日院臺廳刑一字第09\n    80014643函參照）。本次毒品危害防制條例修正之比較新舊\n    法，自應就罪刑有關之加重、減輕及其他法定加減原因等一\n    切情形，本於統一性及整體性原則，綜其全部罪刑之結果而\n    為比較。\n  (二)修正前毒品危害防制條例第4條第1項原規定：「製造、運輸\n    、販賣第一級毒品者，處死刑或無期徒刑；處無期徒刑者，\n    得併科新臺幣1千萬元以下罰金」，經修正為：「製造、運\n    輸、販賣第一級毒品者，處死刑或無期徒刑；處無期徒刑者\n    ，得併科新臺幣2千萬元以下罰金」；另同條例第2項原規定\n    ：「製造、運輸、販賣第二級毒品者，處無期徒刑或7年以\n    上有期徒刑，得併科新臺幣7百萬元以下罰金」，經修正為\n    ：「製造、運輸、販賣第二級毒品者，處無期徒刑或7年以\n    上有期徒刑，得併科新臺幣1千萬元以下罰金」，經比較新\n    舊法之結果，此部分以修正前之規定較有利於被告。\n  (三)修正前毒品危害防制條例第17條原規定：「犯第4條第1項至\n    第4項、第5條第1項至第4項前段、第6條第1項至第4項、第\n    7條第1項至第4項、第8條第1項至第4項、第10條或第11條第\n    1項、第2項之罪，供出毒品來源，因而破獲者，得減輕其刑\n    。」，嗣經修正為：「（第1項）犯第4條至第8條、第10條\n    或第11條之罪，供出毒品來源，因而查獲其他正犯或共犯者\n    ，減輕或免除其刑。（第2項）犯第4條至第8條之罪於偵查\n    及審判中均自白者，減輕其刑。」，亦即該條例修正前第17\n    條規定必須因而破獲上游毒品供應者，始得減輕其刑，且僅\n    得減輕其刑，其適用之條件較嚴，而該條例修正後第17條第\n    1項規定適用之條件較寬，且就刑部分為必減或得免，復增\n    列第2項關於於偵查及審判中均自白者減輕其刑之規定，此\n    新修正之規定，顯已影響行為人刑罰之法律效果，自屬法律\n    有變更，經比較新、舊法結果，以新法較有利於行為人，故\n    依刑法第2條第1項但書規定，應適用裁判時之法律即修正後\n    毒品危害防制條例第17條規定，較有利於被告。\n五、核被告甲○○所為，關於如附表一編號部分，均係犯修正\n    後毒品危害防制條例第4條第1項之販賣第一級毒品罪；關於\n    如附表二部分，均係犯修正前毒品危害防制條例第4條第2項\n    之販賣第二級毒品罪。其為販賣第一、二級毒品而持有第一\n    、二級毒品之行為，已分別為各該販賣毒品之高度行為所吸\n    收，均不另論罪。又，刑法上之接續犯，係指行為人所為之\n    數行為，係於同時同地或密切接近之時地實行，而侵害同一\n    之法益，各行為之獨立性極為薄弱，依一般社會健全觀念，\n    在時間差距上難以強行分開，在刑法評價上，以視為數個舉\n    動之接續行為，合為包括之一行為予以評價，較為合理而言\n    。若行為人係基於概括之犯意，先後逐次實行數行為而具連\n    續性，並侵害數個同性質之法益，其每一前行為與次行為，\n    依一般社會健全觀念，在時間差距上可以分開，在刑法評價\n    上各具獨立性，每次行為皆可獨立成罪而構成同一之罪名者\n    ，則應屬刑法修正前連續犯之範疇。本件被告先後多次販賣\n    第一級、第二級毒品，無論係不同對象或同一對象之各次交\n    易，均係基於個別犯意（蓋必有買毒者之洽購始生犯意），\n    且逐次販毒行為，在時間差距上並非難以區分，係侵害同性\n    質之法益，每次販毒行為皆可獨立成罪而構成同一之罪名，\n    在刑法評價上尚非不具獨立性，自應分論併罰，是被告甲○\n    ○先後7次販賣第一級毒品犯行、先後2次販賣第二級毒品犯\n    行，均應予分論併罰，並不成立接續犯。被告就關於如附表\n    一編號部分，其於偵查及審判中均自白犯罪，有其偵查及\n    審判筆錄足按，應依修正後同條例第17條第2項之規定減輕\n    其刑（其餘部分雖於審判中自白犯罪，但因於偵查中未自白\n    犯罪，故無法依該條項之規定減輕其刑）；再被告於97 年3\n    月27日為警查獲涉嫌販賣毒品後，其於警詢中供述其毒品上\n    手來源為綽號「王哥」，且有供出綽號「王哥」特徵、交通\n    工具及當時販毒持用之0000-000000、0000-000000、0000-0\n    00000、0000-000000等門號供警方追查，嗣經警方調閱相關\n    通聯分析、比對，發現綽號「王哥」確有販毒嫌疑，再經警\n    方針對上述門號依法聲請通訊監察，發現綽號「王哥」本名\n    曾德雄涉嫌販賣一、二級毒品事證明確，且經警方於97年6\n    月13日以中縣警刑大偵一字第0970009359號移送台灣台中地\n    方法院檢察署偵辦，此有台中縣警察局98年10月22日中縣警\n    刑大偵一字第0980013176號函1份在卷可稽（見本院更一卷\n    第84頁），並經本院前審調取曾德雄毒品危害防制條例刑事\n    卷宗（本院97年度上訴字第3199號）核閱屬實，是其供出毒\n    品來源，因而查獲曾德雄販賣毒品，均應依修正後同條例第\n    17條第1項之規定減輕其刑，並依刑法第71條第2項規定「有\n    二種以上之減輕者，先依較少之數減輕之」為之，就販賣第\n    一級毒品部分為遞減其刑。原審予以論罪科刑，固非無見，\n    惟查：(一)被告行為後，毒品危害防制條例第4條第1項、第2\n    項、第17條第1項、第2項已有修正，且自98年5月22日起生\n    效，故有新舊法律比較適用之問題，原判決未及予以新舊法\n    律比較適用，已有未合。(二)被告甲○○就關於如附表一編號\n    部分於偵查及審判中均自白犯罪，業如前述，原判決就此\n    部分未及依修正後毒品危害防制條例第17條第2項之規定予\n    以減輕其刑，容有未洽。(三)被告甲○○供出毒品來源，因而\n    查獲其前手曾德雄販賣毒品罪，亦如前述，原判決認與同條\n    例第17條所指「因而破獲」之要件不符，而未予以減輕其刑\n    云云，亦有可議。被告甲○○上訴意旨執上開理由指摘原判\n    決不當，非無理由，應由本院將原判決關於被告甲○○部分\n    予以撤銷改判。復查被告販賣第一、二級毒品，戕害他人身\n    心，其行固為法所不容，惟其前有施用毒品之前科（見卷附\n    臺灣高等法院被告前案紀錄表），其身染施用毒品之惡習，\n    進而為本件販賣毒品之行為，究其原因當係肇於被告本身無\n    法戒絕毒品，亦不知尋覓適當之機構協助導正；雖其販賣第\n    一級毒品之次數有7次、販賣第二級毒品之次數有2次，惟各\n    次所得僅為區區5百元或1千元，實際上總所得亦僅4800元（\n    詳如附表一、二所示），不若一般大盤商動輒數十萬元或數\n    百萬元，乃至數千萬元，顯見被告販賣之情節尚屬輕微；另\n    被告也僅止於販賣毒品，而非以毒品為工具，藉以誘使、控\n    制他人，以遂行進一步之犯罪行為，故其販賣之惡性，相對\n    於長期、大量販賣毒品，甚至以毒品為工具控制、誘使他人\n    犯罪之大毒梟而言，其對社會治安及國民健康之危害較小，\n    而販賣第一級毒品罪最輕本刑為無期徒刑，販賣第二級毒品\n    罪最輕本刑為7年以上有期徒刑之罪，可謂情輕法重，倘亦\n    處以上開法定低度刑期，不免過苛，且無從與大毒梟之惡行\n    有所區隔，是其犯罪情狀在客觀上非無可憫恕之處，本院認\n    雖已依上開規定減輕其刑，猶嫌過重，爰各依刑法第59條之\n    規定酌量減輕其刑。爰審酌被告甲○○雖多次販賣第一、二\n    級毒品犯行，惟每次販賣毒品之數量些微，所得之財物非多\n    ，暨其犯罪之動機、目的、手段、智識程度、其為貪圖一己\n    之私利而販毒，並因此戕害他人之身心健康，暨其犯後坦承\n    犯行之態度等一切情狀，分別量處被告如附表一、二所示之\n    刑，並定其應執行之刑，以示懲儆。扣案之（廠牌不明）黑\n    色手機1支（含門號0000000000號SIM卡1張）、為被告甲○\n    ○所有供聯絡本件毒品交易所用，業據被告甲○○供承在卷\n    （見原審卷一第235頁反面），應依毒品危害防制條例第19\n    條第1項之規定宣告沒收；未扣案之被告甲○○販賣第一級\n    、第二級毒品所得之財物（各次所得詳如附表一、二所示）\n    ，合計4800元，均應依毒品危害防制條例第19條第1項之規\n    定宣告沒收，如全部或一部不能沒收，以其財產抵償之。又\n    其餘扣案之第一級毒品海洛因4包、第二級毒品甲基安非他\n    命1包，係被告甲○○留供自己施用，而沾有第一級毒品海\n    洛因、第二級毒品甲基安非他命殘渣之電子磅秤1台，則非\n    被告甲○○所有，亦經被告甲○○供明在卷（見原審卷一第\n    235頁反面），均與本案被告甲○○販賣毒品罪行無關，爰\n    不於本判決宣告沒收銷燬之，另扣案之第二級毒品亞甲基雙\n    氧甲基安非他命（即MDMA，鑑驗後僅餘1顆），雖亦屬違禁\n    物，惟業經檢察官聲請（見起訴書第8頁、原審卷一第294頁\n    反面），由原審法院另以裁定諭知沒收銷燬之（最高法院94\n    年度台上字第1215號判決意旨參照）；其餘扣案之電動攪拌\n    機1台及夾鏈袋1批（經鑑定無毒品反應，非違禁物，見原審\n    卷一第157頁）及糖粉8包，被告甲○○堅稱係供（或預備供\n    ）施用毒品使用等語（見原審卷一第23 5頁反面），此外復\n    查無證據證明確與本案有關，故不另為沒收之諭知。亦均附\n    此敘明。\n六、據上論結，應依刑事訴訟法第369條第1項前段、第364條、\n    第299條第1項前段、修正前毒品危害防制條例第4條第2項、\n    修正後毒品危害防制條例第4條第1項、第17條第1項、第2項\n    、第19條第1項、刑法第11條前段、第59條、第51條第5款，\n    判決如主文。\n本案經檢察官乙○○到庭執行職務。"
  },
  "characters": {
    "judges": [
      "洪耀宗",
      "蔡王金全",
      "劉登俊"
    ],
    "prosecutors": [

    ],
    "lawyers": [

    ],
    "clerks": [
      "張惠彥"
    ],
    "plaintiffs": [

    ],
    "defendants": [
      "甲"
    ],
    "prosecutor_office": [

    ],
    "creditors": [

    ],
    "debtors": [

    ],
    "judicial_associate_officer": [

    ]
  },
  "adjudged_at": "2010-05-12",
  "created_at": "2016-01-05 11:59:44",
  "updated_at": "2016-01-05 11:59:44"
}