{
  "identify": "TCH-99-附民-44-20100512-1",
  "court": {
    "name": "臺灣高等法院",
    "code": "TCH"
  },
  "division": {
    "name": "刑事",
    "code": "M"
  },
  "year": 99,
  "word": "附民",
  "number": "44",
  "jcheck": "1",
  "reason": "損害賠償",
  "content": "臺灣高等法院臺中分院刑事附帶民事訴訟裁定\n原      告  乙○○\n被      告  丙○○\n            丁○○\n            甲○○\n            胡０成\n上  一  人\n法定代理人  胡  星\n上列被告因99年度上訴字第341號損害賠償刑事案件，經原告提\n起附帶民事訴訟。經查本件內容確係繁雜，非經長久之時日不能\n終結其審判，應依刑事訴訟法第504條第1項前段，將本件附帶民\n事訴訟移送本院民事庭，特此裁定。\n中    華    民    國    99    年    5    月    12     日\n            刑事第六庭    審判長法  官  李  文  雄\n                                法  官  林  靜  芬\n                                法  官  陳  如  玲\n以上正本證明與原本無異。\n不得抗告。\n                                書記官  陳  信  和\n中    華    民    國    99    年    5     月    13    日",
  "structure": {
  },
  "characters": {
    "judges": [
      "李文雄",
      "林靜芬",
      "陳如玲"
    ],
    "prosecutors": [

    ],
    "lawyers": [

    ],
    "clerks": [
      "陳信和"
    ],
    "plaintiffs": [
      "乙○○"
    ],
    "defendants": [
      "丙○○"
    ],
    "prosecutor_office": [

    ],
    "creditors": [

    ],
    "debtors": [

    ],
    "judicial_associate_officer": [

    ]
  },
  "adjudged_at": "2010-05-12",
  "created_at": "2016-01-05 11:59:29",
  "updated_at": "2016-01-05 11:59:29"
}