{
  "identify": "TNH-99-上訴-436-20100512-1",
  "court": {
    "name": "臺灣高等法院",
    "code": "TNH"
  },
  "division": {
    "name": "刑事",
    "code": "M"
  },
  "year": 99,
  "word": "上訴",
  "number": "436",
  "jcheck": "1",
  "reason": "偽造文書等",
  "content": "臺灣高等法院臺南分院刑事裁定         99年度上訴字第436號\n上  訴  人\n即  被  告  甲○○\n上列上訴人因偽造文書等案件，不服臺灣臺南地方法院中華民國\n99年3月30日第一審判決(98年度訴緝字第76號)，提起上訴，經\n核其上訴狀未敘述上訴理由，亦未於上訴期間屆滿後二十日內即\n99年5月6日補提上訴理由書，爰依刑事訴訟法第367條但書規定\n，限於本裁定送達後五日內補正，特此裁定。\n中    華    民    國    99    年    5     月    12    日\n                  刑事第七庭  審判長法  官  李文福\n                                    法  官  顏基典\n                                    法  官  陳顯榮\n以上正本證明與原本無異。\n不得抗告。\n                                    書記官  劉岳文\n中    華    民    國    99    年    5     月    12    日",
  "structure": {
  },
  "characters": {
    "judges": [
      "李文福",
      "顏基典",
      "陳顯榮"
    ],
    "prosecutors": [

    ],
    "lawyers": [

    ],
    "clerks": [
      "劉岳文"
    ],
    "plaintiffs": [

    ],
    "defendants": [
      "甲"
    ],
    "prosecutor_office": [

    ],
    "creditors": [

    ],
    "debtors": [

    ],
    "judicial_associate_officer": [

    ]
  },
  "adjudged_at": "2010-05-12",
  "created_at": "2016-01-05 12:00:36",
  "updated_at": "2016-01-05 12:00:36"
}