{
  "identify": "TNH-99-上更(一)-47-20100512-1",
  "court": {
    "name": "臺灣高等法院",
    "code": "TNH"
  },
  "division": {
    "name": "刑事",
    "code": "M"
  },
  "year": 99,
  "word": "上更(一)",
  "number": "47",
  "jcheck": "1",
  "reason": "違反廢棄物清理法等",
  "content": "臺灣高等法院臺南分院刑事裁定      99年度上更(一)字第47號\n上  訴  人\n即  被  告  甲○○\n上列上訴人因違反廢棄物清理法等案件，不服臺灣臺南地方法院\n中華民國96年7月25日第一審判決提起上訴，本院業經辯論終結\n在案，玆因尚有應行調查之處，爰命再開辯論，特此裁定。\n中    華    民    國    99    年    5     月    12    日\n                  刑事第五庭    審判長法  官  楊明章\n                                      法  官  蔡美美\n                                      法  官  趙文淵\n以上正本證明與原本無異。\n不得抗告。\n                                      書記官  呂宬樂\n中    華    民    國    99    年    5     月    12    日",
  "structure": {
  },
  "characters": {
    "judges": [
      "楊明章",
      "蔡美美",
      "趙文淵"
    ],
    "prosecutors": [

    ],
    "lawyers": [

    ],
    "clerks": [
      "呂宬樂"
    ],
    "plaintiffs": [

    ],
    "defendants": [
      "甲"
    ],
    "prosecutor_office": [

    ],
    "creditors": [

    ],
    "debtors": [

    ],
    "judicial_associate_officer": [

    ]
  },
  "adjudged_at": "2010-05-12",
  "created_at": "2016-01-05 12:01:01",
  "updated_at": "2016-01-05 12:01:01"
}