{
  "identify": "TPB-98-訴-949-20100512-2",
  "court": {
    "name": "臺北高等行政法院",
    "code": "TPB"
  },
  "division": {
    "name": "行政",
    "code": "A"
  },
  "year": 98,
  "word": "訴",
  "number": "949",
  "jcheck": "2",
  "reason": "撫卹等",
  "content": "臺北高等行政法院裁定\n                                       98年度訴字第949號\n上  訴  人\n即  原  告      甲○○\n上列上訴人因與被上訴人國防部軍事情報局間撫卹等事件，對於\n民國99年4 月8 日本院98年度訴字第949 號判決提起上訴。查本\n件上訴，依行政訴訟法第98條之2 第1 項規定，按同法第98條第\n2 項金額，加徵裁判費二分之一，合計新臺幣陸仟元，未據上訴\n人繳納，茲限上訴人於收受本裁定送達後五日以內補繳，逾期不\n繳，即駁回上訴，特此裁定。\n中    華    民    國    99    年    5    月     12    日\n                     臺北高等行政法院第四庭\n                               審判長法  官   黃  本  仁\n                                     法  官   李  玉  卿\n                                     法  官   林  妙  黛\n上為正本係照原本作成。\n不得抗告。\n中    華    民    國    99    年    5    月     12    日\n                                     書記官   蔡  逸  萱\n",
  "structure": {
  },
  "characters": {
    "judges": [
      "黃本仁",
      "李玉卿",
      "林妙黛"
    ],
    "prosecutors": [

    ],
    "lawyers": [

    ],
    "clerks": [
      "蔡逸萱"
    ],
    "plaintiffs": [
      "甲"
    ],
    "defendants": [

    ],
    "prosecutor_office": [

    ],
    "creditors": [

    ],
    "debtors": [

    ],
    "judicial_associate_officer": [

    ]
  },
  "adjudged_at": "2010-05-12",
  "created_at": "2016-01-05 11:56:48",
  "updated_at": "2016-01-05 11:56:48"
}