{
  "identify": "TPB-98-訴-2480-20100512-3",
  "court": {
    "name": "臺北高等行政法院",
    "code": "TPB"
  },
  "division": {
    "name": "行政",
    "code": "A"
  },
  "year": 98,
  "word": "訴",
  "number": "2480",
  "jcheck": "3",
  "reason": "汽車運輸業管理規則",
  "content": "臺北高等行政法院裁定\n                                      98年度訴字第2480號\n上  訴  人  和欣汽車客運股份有限公司\n代  表  人  甲○○（董事長）\n被  上訴人  交通部公路總局\n代  表  人  乙○○（代理局長）\n上列當事人間汽車運輸業管理規則事件，上訴人對於中華民國99\n年3 月17日本院98年度訴字第02480 號判決，提起上訴，本院裁\n定如下：\n    主  文\n上訴駁回。\n上訴訴訟費用由上訴人負擔。\n    理  由\n一、按提起上訴，應依行政訴訟法第98條之2第1項規定繳納裁判\n    費，此為必須具備之程式。\n二、本件上訴人提起上訴，未據繳納裁判費，經本院於民國99年\n    4 月23日裁定，命上訴人於收受送達後5 日以內補正，該裁\n    定已於99年4 月30日送達上訴人，有送達證書在卷可稽。上\n    訴人逾期迄未補正，其上訴自非合法，應予駁回。\n三、依行政訴訟法第246 條第2 項後段、第104 條、民事訴訟法\n    第95條、第78條，裁定如主文。\n中    華    民    國    99    年     5    月    12    日\n                    臺北高等行政法院第一庭\n                              審判長法  官  王立杰\n                                    法  官  許麗華\n                                    法  官  楊得君\n上為正本係照原本作成。\n如不服本裁定，應於送達後10日內向本院提出抗告狀（須按他造\n人數附繕本）。\n中    華    民    國    99    年     5    月    12    日\n                                    書記官  徐子嵐\n",
  "structure": {
    "main": "上訴駁回。\n上訴訴訟費用由上訴人負擔。",
    "reason": "一、按提起上訴，應依行政訴訟法第98條之2第1項規定繳納裁判\n    費，此為必須具備之程式。\n二、本件上訴人提起上訴，未據繳納裁判費，經本院於民國99年\n    4 月23日裁定，命上訴人於收受送達後5 日以內補正，該裁\n    定已於99年4 月30日送達上訴人，有送達證書在卷可稽。上\n    訴人逾期迄未補正，其上訴自非合法，應予駁回。\n三、依行政訴訟法第246 條第2 項後段、第104 條、民事訴訟法\n    第95條、第78條，裁定如主文。"
  },
  "characters": {
    "judges": [
      "王立杰",
      "許麗華",
      "楊得君"
    ],
    "prosecutors": [

    ],
    "lawyers": [

    ],
    "clerks": [
      "徐子嵐"
    ],
    "plaintiffs": [

    ],
    "defendants": [

    ],
    "prosecutor_office": [

    ],
    "creditors": [

    ],
    "debtors": [

    ],
    "judicial_associate_officer": [

    ]
  },
  "adjudged_at": "2010-05-12",
  "created_at": "2016-01-05 11:56:43",
  "updated_at": "2016-01-05 11:56:43"
}